
/*****************HOURS_TYPES*********************/
Alter Table FORMS Disable All Triggers;
Alter Table forms Disable Constraint forms_form_actions_fk;
Delete From FORM_COLUMNS
      Where form_code = 'HOURS_TYPES';
Delete From FORM_COLUMNS$
      Where form_code = 'HOURS_TYPES';
Delete From FORM_ACTIONS
      Where form_code = 'HOURS_TYPES';
Delete From FORM_TABS
      Where form_code = 'HOURS_TYPES';
Delete From FORMS
      Where form_code = 'HOURS_TYPES';
/*  Form: HOURS_TYPES. Entity: FORMS.  */

Insert Into FORMS
            ("FORM_CODE", "HOT_KEY", "SQL_TEXT", "FORM_NAME", "FORM_TYPE", "SHOW_TREE_ROOT_NODE", "ICON_ID"
            ,"FORM_WIDTH", "FORM_HEIGHT", "BOTTOM_TABS_ORIENTATION", "SIDE_TABS_ORIENTATION", "SHOW_BOTTOM_TOOLBAR"
            ,"OBJECT_VERSION_NUMBER", "DEFAULT_COLUMN_WIDTH", "DESCRIPTION", "DOUBLE_CLICK_ACTION_CODE", "LOOKUP_WIDTH"
            ,"APPS_CODE", "EXPORT_ORDER")
     Values ('HOURS_TYPES', '', 'select * from TC.HOURS_TYPES', 'Типы часов', 'G', 'Y', '13', '*', '*', '', '', 'Y'
            ,'12', '*', '', '', '', 'TC', '100');
/*  Form: HOURS_TYPES. Entity: FORM_TABS.  */
/*  Form: HOURS_TYPES. Entity: FORM_ACTIONS.  */

Insert Into FORM_ACTIONS
            ("FORM_CODE", "ACTION_CODE", "PROCEDURE_NAME", "ACTION_DISPLAY_NAME", "ICON_ID", "DEFAULT_PARAM_PREFIX"
            ,"DEFAULT_OLD_PARAM_PREFIX", "ACTION_TYPE", "DISPLAY_NUMBER", "CONFIRM_TEXT", "HOT_KEY"
            ,"SHOW_SEPARATOR_BELOW", "DISPLAY_ON_TOOLBAR", "CHILD_FORM_CODE")
     Values ('HOURS_TYPES', 'DEL', 'HOURS_TYPES_PKG.p_delete', 'Удалить', '48', '', '', '3', '130'
            ,'Вы уверенны что хотите удалить запись?', '', 'N', 'Y', '');

Insert Into FORM_ACTIONS
            ("FORM_CODE", "ACTION_CODE", "PROCEDURE_NAME", "ACTION_DISPLAY_NAME", "ICON_ID", "DEFAULT_PARAM_PREFIX"
            ,"DEFAULT_OLD_PARAM_PREFIX", "ACTION_TYPE", "DISPLAY_NUMBER", "CONFIRM_TEXT", "HOT_KEY"
            ,"SHOW_SEPARATOR_BELOW", "DISPLAY_ON_TOOLBAR", "CHILD_FORM_CODE")
     Values ('HOURS_TYPES', 'EDIT', '', 'Редактировать', '50', '', '', '8', '115', 'Вы уверенны?', '', 'N', 'Y', '');

Insert Into FORM_ACTIONS
            ("FORM_CODE", "ACTION_CODE", "PROCEDURE_NAME", "ACTION_DISPLAY_NAME", "ICON_ID", "DEFAULT_PARAM_PREFIX"
            ,"DEFAULT_OLD_PARAM_PREFIX", "ACTION_TYPE", "DISPLAY_NUMBER", "CONFIRM_TEXT", "HOT_KEY"
            ,"SHOW_SEPARATOR_BELOW", "DISPLAY_ON_TOOLBAR", "CHILD_FORM_CODE")
     Values ('HOURS_TYPES', 'INS', '', 'Создать', '47', '', '', '1', '110', '', '', 'N', 'Y', '');

Insert Into FORM_ACTIONS
            ("FORM_CODE", "ACTION_CODE", "PROCEDURE_NAME", "ACTION_DISPLAY_NAME", "ICON_ID", "DEFAULT_PARAM_PREFIX"
            ,"DEFAULT_OLD_PARAM_PREFIX", "ACTION_TYPE", "DISPLAY_NUMBER", "CONFIRM_TEXT", "HOT_KEY"
            ,"SHOW_SEPARATOR_BELOW", "DISPLAY_ON_TOOLBAR", "CHILD_FORM_CODE")
     Values ('HOURS_TYPES', 'REFR', '', 'Обновить', '15', '', '', '4', '10', '', '', 'N', 'Y', '');

Insert Into FORM_ACTIONS
            ("FORM_CODE", "ACTION_CODE", "PROCEDURE_NAME", "ACTION_DISPLAY_NAME", "ICON_ID", "DEFAULT_PARAM_PREFIX"
            ,"DEFAULT_OLD_PARAM_PREFIX", "ACTION_TYPE", "DISPLAY_NUMBER", "CONFIRM_TEXT", "HOT_KEY"
            ,"SHOW_SEPARATOR_BELOW", "DISPLAY_ON_TOOLBAR", "CHILD_FORM_CODE")
     Values ('HOURS_TYPES', 'UPD', 'HOURS_TYPES_PKG.p_ins_upd', 'Сохранить', '46', '', '', '2', '120', 'Вы уверенны?'
            ,'', 'N', 'Y', '');
/*  Form: HOURS_TYPES. Entity: FORM_COLUMNS$.  */

Insert Into FORM_COLUMNS$
            ("COL_NUM", "COL_TYPE", "COL_MAX_LEN", "COL_NAME", "COL_NAME_LEN", "COL_PRECISION", "COL_SCALE"
            ,"FORM_CODE", "PIMARY_KEY_FLAG", "DEFAULT_COLUMN_WIDTH", "COLUMN_DESCRIPTION")
     Values ('2', 'VARCHAR2', '80', 'HOURS_TYPE_CODE', '15', '0', '0', 'HOURS_TYPES', 'Y', '*', '**HOURS_TYPE_CODE');

Insert Into FORM_COLUMNS$
            ("COL_NUM", "COL_TYPE", "COL_MAX_LEN", "COL_NAME", "COL_NAME_LEN", "COL_PRECISION", "COL_SCALE"
            ,"FORM_CODE", "PIMARY_KEY_FLAG", "DEFAULT_COLUMN_WIDTH", "COLUMN_DESCRIPTION")
     Values ('1', 'NUMBER', '22', 'HOURS_TYPE_ID', '13', '0', '-127', 'HOURS_TYPES', 'Y', '*', '**HOURS_TYPE_ID');

Insert Into FORM_COLUMNS$
            ("COL_NUM", "COL_TYPE", "COL_MAX_LEN", "COL_NAME", "COL_NAME_LEN", "COL_PRECISION", "COL_SCALE"
            ,"FORM_CODE", "PIMARY_KEY_FLAG", "DEFAULT_COLUMN_WIDTH", "COLUMN_DESCRIPTION")
     Values ('3', 'VARCHAR2', '1020', 'HOURS_TYPE_NAME', '15', '0', '0', 'HOURS_TYPES', '', '*', '**HOURS_TYPE_NAME');

Insert Into FORM_COLUMNS$
            ("COL_NUM", "COL_TYPE", "COL_MAX_LEN", "COL_NAME", "COL_NAME_LEN", "COL_PRECISION", "COL_SCALE"
            ,"FORM_CODE", "PIMARY_KEY_FLAG", "DEFAULT_COLUMN_WIDTH", "COLUMN_DESCRIPTION")
     Values ('4', 'VARCHAR2', '4', 'USE_IN_SHIFTS_FLAG', '18', '0', '0', 'HOURS_TYPES', '', '*', '**USE_IN_SHIFTS_FLAG');
/*  Form: HOURS_TYPES. Entity: FORM_COLUMNS.  */

Insert Into FORM_COLUMNS
            ("FORM_CODE", "COLUMN_CODE", "COLUMN_USER_NAME", "COLUMN_DISPLAY_SIZE", "COLUMN_DATA_TYPE"
            ,"COLUMN_DISPLAY_NUMBER", "PIMARY_KEY_FLAG", "SHOW_ON_GRID", "TREE_INITIALIZATION_VALUE", "TREE_FIELD_TYPE"
            ,"EDITOR_TAB_CODE", "FIELD_TYPE", "COLUMN_DESCRIPTION", "IS_FROZEN_FLAG", "SHOW_HOVER_FLAG", "LOOKUP_CODE"
            ,"HOVER_COLUMN_CODE", "EDITOR_HEIGHT", "LOOKUP_FIELD_TYPE", "HELP_TEXT", "TEXT_MASK", "VALIDATION_REGEXP"
            ,"DEFAULT_ORDERBY_NUMBER", "DEFAULT_VALUE", "EDITOR_TITLE_ORIENTATION", "EDITOR_END_ROW_FLAG"
            ,"EDITOR_COLS_SPAN", "LOOKUP_DISPLAY_VALUE", "EDITOR_ON_ENTER_KEY_ACTION")
     Values ('HOURS_TYPES', 'HOURS_TYPE_ID', '', '*', 'N', '1001', 'Y', 'N', '', '1', '', '', '**HOURS_TYPE_ID', 'N'
            ,'N', '', '', '', '1', '', '', '', '', '', 'L', 'Y', '*', '', '');

Insert Into FORM_COLUMNS
            ("FORM_CODE", "COLUMN_CODE", "COLUMN_USER_NAME", "COLUMN_DISPLAY_SIZE", "COLUMN_DATA_TYPE"
            ,"COLUMN_DISPLAY_NUMBER", "PIMARY_KEY_FLAG", "SHOW_ON_GRID", "TREE_INITIALIZATION_VALUE", "TREE_FIELD_TYPE"
            ,"EDITOR_TAB_CODE", "FIELD_TYPE", "COLUMN_DESCRIPTION", "IS_FROZEN_FLAG", "SHOW_HOVER_FLAG", "LOOKUP_CODE"
            ,"HOVER_COLUMN_CODE", "EDITOR_HEIGHT", "LOOKUP_FIELD_TYPE", "HELP_TEXT", "TEXT_MASK", "VALIDATION_REGEXP"
            ,"DEFAULT_ORDERBY_NUMBER", "DEFAULT_VALUE", "EDITOR_TITLE_ORIENTATION", "EDITOR_END_ROW_FLAG"
            ,"EDITOR_COLS_SPAN", "LOOKUP_DISPLAY_VALUE", "EDITOR_ON_ENTER_KEY_ACTION")
     Values ('HOURS_TYPES', 'HOURS_TYPE_NAME', '', '*', 'S', '1003', 'N', 'Y', '', '', '', '', '**HOURS_TYPE_NAME', 'N'
            ,'N', '', '', '', '2', '', '', '', '', '', 'L', 'Y', '*', '', '');

Insert Into FORM_COLUMNS
            ("FORM_CODE", "COLUMN_CODE", "COLUMN_USER_NAME", "COLUMN_DISPLAY_SIZE", "COLUMN_DATA_TYPE"
            ,"COLUMN_DISPLAY_NUMBER", "PIMARY_KEY_FLAG", "SHOW_ON_GRID", "TREE_INITIALIZATION_VALUE", "TREE_FIELD_TYPE"
            ,"EDITOR_TAB_CODE", "FIELD_TYPE", "COLUMN_DESCRIPTION", "IS_FROZEN_FLAG", "SHOW_HOVER_FLAG", "LOOKUP_CODE"
            ,"HOVER_COLUMN_CODE", "EDITOR_HEIGHT", "LOOKUP_FIELD_TYPE", "HELP_TEXT", "TEXT_MASK", "VALIDATION_REGEXP"
            ,"DEFAULT_ORDERBY_NUMBER", "DEFAULT_VALUE", "EDITOR_TITLE_ORIENTATION", "EDITOR_END_ROW_FLAG"
            ,"EDITOR_COLS_SPAN", "LOOKUP_DISPLAY_VALUE", "EDITOR_ON_ENTER_KEY_ACTION")
     Values ('HOURS_TYPES', 'USE_IN_SHIFTS_FLAG', '', '*', 'B', '1004', 'N', 'Y', '', '', '', ''
            ,'**USE_IN_SHIFTS_FLAG', 'N', 'N', '', '', '', '', '', '', '', '', '', 'L', 'Y', '*', '', '');

Alter Table forms Enable VALIDATE Constraint forms_form_actions_fk;
Alter Table FORMS Enable All Triggers;

/*****************SHEDULES*********************/
Alter Table FORMS Disable All Triggers;
Alter Table forms Disable Constraint forms_form_actions_fk;
Delete From FORM_COLUMNS
      Where form_code = 'SHEDULES';
Delete From FORM_COLUMNS$
      Where form_code = 'SHEDULES';
Delete From FORM_ACTIONS
      Where form_code = 'SHEDULES';
Delete From FORM_TABS
      Where form_code = 'SHEDULES';
Delete From FORMS
      Where form_code = 'SHEDULES';
/*  Form: SHEDULES. Entity: FORMS.  */

Insert Into FORMS
            ("FORM_CODE", "HOT_KEY", "SQL_TEXT", "FORM_NAME", "FORM_TYPE", "SHOW_TREE_ROOT_NODE", "ICON_ID"
            ,"FORM_WIDTH", "FORM_HEIGHT", "BOTTOM_TABS_ORIENTATION", "SIDE_TABS_ORIENTATION", "SHOW_BOTTOM_TOOLBAR"
            ,"OBJECT_VERSION_NUMBER", "DEFAULT_COLUMN_WIDTH", "DESCRIPTION", "DOUBLE_CLICK_ACTION_CODE", "LOOKUP_WIDTH"
            ,"APPS_CODE", "EXPORT_ORDER")
     Values ('SHEDULES', ''
            ,'Select *
  From tc.shedules t
 Where t.shedule_type_code = nvl(:shedule_type_code, t.shedule_type_code)'
            ,'Графики', 'G', 'Y', '', '*', '*', '', 'B', 'Y', '26', '*', '', '', '', 'TC', '100');
/*  Form: SHEDULES. Entity: FORM_TABS.  */

Insert Into FORM_TABS
            ("FORM_CODE", "TAB_CODE", "CHILD_FORM_CODE", "TAB_POSITION", "TAB_NAME", "NUMBER_OF_COLUMNS", "ICON_ID"
            ,"TAB_TYPE", "TAB_DISPLAY_NUMBER")
     Values ('SHEDULES', 'SHEDULE_SHIFTS', 'SHEDULE_SHIFTS', 'R', '', '', '13', '2', '');
/*  Form: SHEDULES. Entity: FORM_ACTIONS.  */

Insert Into FORM_ACTIONS
            ("FORM_CODE", "ACTION_CODE", "PROCEDURE_NAME", "ACTION_DISPLAY_NAME", "ICON_ID", "DEFAULT_PARAM_PREFIX"
            ,"DEFAULT_OLD_PARAM_PREFIX", "ACTION_TYPE", "DISPLAY_NUMBER", "CONFIRM_TEXT", "HOT_KEY"
            ,"SHOW_SEPARATOR_BELOW", "DISPLAY_ON_TOOLBAR", "CHILD_FORM_CODE")
     Values ('SHEDULES', 'DEL', 'SHEDULES_PKG.p_delete', 'Удалить', '48', '', '', '3', '130'
            ,'Вы уверенны что хотите удалить запись?', '', 'N', 'Y', '');

Insert Into FORM_ACTIONS
            ("FORM_CODE", "ACTION_CODE", "PROCEDURE_NAME", "ACTION_DISPLAY_NAME", "ICON_ID", "DEFAULT_PARAM_PREFIX"
            ,"DEFAULT_OLD_PARAM_PREFIX", "ACTION_TYPE", "DISPLAY_NUMBER", "CONFIRM_TEXT", "HOT_KEY"
            ,"SHOW_SEPARATOR_BELOW", "DISPLAY_ON_TOOLBAR", "CHILD_FORM_CODE")
     Values ('SHEDULES', 'EDIT', '', 'Редактировать', '50', '', '', '8', '115', 'Вы уверенны?', '', 'N', 'Y', '');

Insert Into FORM_ACTIONS
            ("FORM_CODE", "ACTION_CODE", "PROCEDURE_NAME", "ACTION_DISPLAY_NAME", "ICON_ID", "DEFAULT_PARAM_PREFIX"
            ,"DEFAULT_OLD_PARAM_PREFIX", "ACTION_TYPE", "DISPLAY_NUMBER", "CONFIRM_TEXT", "HOT_KEY"
            ,"SHOW_SEPARATOR_BELOW", "DISPLAY_ON_TOOLBAR", "CHILD_FORM_CODE")
     Values ('SHEDULES', 'INS', '', 'Создать', '47', '', '', '1', '110', '', '', 'N', 'Y', '');

Insert Into FORM_ACTIONS
            ("FORM_CODE", "ACTION_CODE", "PROCEDURE_NAME", "ACTION_DISPLAY_NAME", "ICON_ID", "DEFAULT_PARAM_PREFIX"
            ,"DEFAULT_OLD_PARAM_PREFIX", "ACTION_TYPE", "DISPLAY_NUMBER", "CONFIRM_TEXT", "HOT_KEY"
            ,"SHOW_SEPARATOR_BELOW", "DISPLAY_ON_TOOLBAR", "CHILD_FORM_CODE")
     Values ('SHEDULES', 'REFR', '', 'Обновить', '15', '', '', '4', '10', '', '', 'N', 'Y', '');

Insert Into FORM_ACTIONS
            ("FORM_CODE", "ACTION_CODE", "PROCEDURE_NAME", "ACTION_DISPLAY_NAME", "ICON_ID", "DEFAULT_PARAM_PREFIX"
            ,"DEFAULT_OLD_PARAM_PREFIX", "ACTION_TYPE", "DISPLAY_NUMBER", "CONFIRM_TEXT", "HOT_KEY"
            ,"SHOW_SEPARATOR_BELOW", "DISPLAY_ON_TOOLBAR", "CHILD_FORM_CODE")
     Values ('SHEDULES', 'UPD', 'SHEDULES_PKG.p_ins_upd', 'Сохранить', '46', '', '', '2', '120', 'Вы уверенны?', ''
            ,'N', 'Y', '');
/*  Form: SHEDULES. Entity: FORM_COLUMNS$.  */

Insert Into FORM_COLUMNS$
            ("COL_NUM", "COL_TYPE", "COL_MAX_LEN", "COL_NAME", "COL_NAME_LEN", "COL_PRECISION", "COL_SCALE"
            ,"FORM_CODE", "PIMARY_KEY_FLAG", "DEFAULT_COLUMN_WIDTH", "COLUMN_DESCRIPTION")
     Values ('5', 'VARCHAR2', '4', 'IS_PRIMARY_FLAG', '15', '0', '0', 'SHEDULES', '', '*'
            ,'*Из нескольких скользящих смен только одна является основной, остальные можно получить сдвижкой');

Insert Into FORM_COLUMNS$
            ("COL_NUM", "COL_TYPE", "COL_MAX_LEN", "COL_NAME", "COL_NAME_LEN", "COL_PRECISION", "COL_SCALE"
            ,"FORM_CODE", "PIMARY_KEY_FLAG", "DEFAULT_COLUMN_WIDTH", "COLUMN_DESCRIPTION")
     Values ('3', 'VARCHAR2', '80', 'SHEDULE_CODE', '12', '0', '0', 'SHEDULES', 'Y', '*', '**SHEDULE_CODE');

Insert Into FORM_COLUMNS$
            ("COL_NUM", "COL_TYPE", "COL_MAX_LEN", "COL_NAME", "COL_NAME_LEN", "COL_PRECISION", "COL_SCALE"
            ,"FORM_CODE", "PIMARY_KEY_FLAG", "DEFAULT_COLUMN_WIDTH", "COLUMN_DESCRIPTION")
     Values ('1', 'NUMBER', '22', 'SHEDULE_ID', '10', '0', '-127', 'SHEDULES', 'Y', '*', '**SHEDULE_ID');

Insert Into FORM_COLUMNS$
            ("COL_NUM", "COL_TYPE", "COL_MAX_LEN", "COL_NAME", "COL_NAME_LEN", "COL_PRECISION", "COL_SCALE"
            ,"FORM_CODE", "PIMARY_KEY_FLAG", "DEFAULT_COLUMN_WIDTH", "COLUMN_DESCRIPTION")
     Values ('4', 'VARCHAR2', '1020', 'SHEDULE_NAME', '12', '0', '0', 'SHEDULES', '', '*', '**SHEDULE_NAME');

Insert Into FORM_COLUMNS$
            ("COL_NUM", "COL_TYPE", "COL_MAX_LEN", "COL_NAME", "COL_NAME_LEN", "COL_PRECISION", "COL_SCALE"
            ,"FORM_CODE", "PIMARY_KEY_FLAG", "DEFAULT_COLUMN_WIDTH", "COLUMN_DESCRIPTION")
     Values ('7', 'DATE', '7', 'SHEDULE_START_DATE', '18', '0', '0', 'SHEDULES', '', '*'
            ,'*Дата начала графика. 1-й день.');

Insert Into FORM_COLUMNS$
            ("COL_NUM", "COL_TYPE", "COL_MAX_LEN", "COL_NAME", "COL_NAME_LEN", "COL_PRECISION", "COL_SCALE"
            ,"FORM_CODE", "PIMARY_KEY_FLAG", "DEFAULT_COLUMN_WIDTH", "COLUMN_DESCRIPTION")
     Values ('2', 'VARCHAR2', '80', 'SHEDULE_TYPE_CODE', '17', '0', '0', 'SHEDULES', '', '*', '**SHEDULE_TYPE_CODE');

Insert Into FORM_COLUMNS$
            ("COL_NUM", "COL_TYPE", "COL_MAX_LEN", "COL_NAME", "COL_NAME_LEN", "COL_PRECISION", "COL_SCALE"
            ,"FORM_CODE", "PIMARY_KEY_FLAG", "DEFAULT_COLUMN_WIDTH", "COLUMN_DESCRIPTION")
     Values ('6', 'DATE', '7', 'SHIFT_TIME_FROM_PRIMARY', '23', '0', '0', 'SHEDULES', '', '*'
            ,'*Сдвижка в часах от основной смены');
/*  Form: SHEDULES. Entity: FORM_COLUMNS.  */

Insert Into FORM_COLUMNS
            ("FORM_CODE", "COLUMN_CODE", "COLUMN_USER_NAME", "COLUMN_DISPLAY_SIZE", "COLUMN_DATA_TYPE"
            ,"COLUMN_DISPLAY_NUMBER", "PIMARY_KEY_FLAG", "SHOW_ON_GRID", "TREE_INITIALIZATION_VALUE", "TREE_FIELD_TYPE"
            ,"EDITOR_TAB_CODE", "FIELD_TYPE", "COLUMN_DESCRIPTION", "IS_FROZEN_FLAG", "SHOW_HOVER_FLAG", "LOOKUP_CODE"
            ,"HOVER_COLUMN_CODE", "EDITOR_HEIGHT", "LOOKUP_FIELD_TYPE", "HELP_TEXT", "TEXT_MASK", "VALIDATION_REGEXP"
            ,"DEFAULT_ORDERBY_NUMBER", "DEFAULT_VALUE", "EDITOR_TITLE_ORIENTATION", "EDITOR_END_ROW_FLAG"
            ,"EDITOR_COLS_SPAN", "LOOKUP_DISPLAY_VALUE", "EDITOR_ON_ENTER_KEY_ACTION")
     Values ('SHEDULES', 'IS_PRIMARY_FLAG', 'Главный', '*', 'B', '1005', 'N', 'Y', '', '', '', ''
            ,'*Из нескольких скользящих смен только одна является основной, остальные можно получить сдвижкой', 'N'
            ,'Y', '', '', '', '', '', '', '', '', '', 'L', 'Y', '*', '', '');

Insert Into FORM_COLUMNS
            ("FORM_CODE", "COLUMN_CODE", "COLUMN_USER_NAME", "COLUMN_DISPLAY_SIZE", "COLUMN_DATA_TYPE"
            ,"COLUMN_DISPLAY_NUMBER", "PIMARY_KEY_FLAG", "SHOW_ON_GRID", "TREE_INITIALIZATION_VALUE", "TREE_FIELD_TYPE"
            ,"EDITOR_TAB_CODE", "FIELD_TYPE", "COLUMN_DESCRIPTION", "IS_FROZEN_FLAG", "SHOW_HOVER_FLAG", "LOOKUP_CODE"
            ,"HOVER_COLUMN_CODE", "EDITOR_HEIGHT", "LOOKUP_FIELD_TYPE", "HELP_TEXT", "TEXT_MASK", "VALIDATION_REGEXP"
            ,"DEFAULT_ORDERBY_NUMBER", "DEFAULT_VALUE", "EDITOR_TITLE_ORIENTATION", "EDITOR_END_ROW_FLAG"
            ,"EDITOR_COLS_SPAN", "LOOKUP_DISPLAY_VALUE", "EDITOR_ON_ENTER_KEY_ACTION")
     Values ('SHEDULES', 'SHEDULE_CODE', 'Код', '*', 'S', '1003', 'Y', 'Y', '', '1', '', '', '**SHEDULE_CODE', 'N', 'N'
            ,'', '', '', '1', '', '', '', '', '', 'L', 'Y', '*', '', '');

Insert Into FORM_COLUMNS
            ("FORM_CODE", "COLUMN_CODE", "COLUMN_USER_NAME", "COLUMN_DISPLAY_SIZE", "COLUMN_DATA_TYPE"
            ,"COLUMN_DISPLAY_NUMBER", "PIMARY_KEY_FLAG", "SHOW_ON_GRID", "TREE_INITIALIZATION_VALUE", "TREE_FIELD_TYPE"
            ,"EDITOR_TAB_CODE", "FIELD_TYPE", "COLUMN_DESCRIPTION", "IS_FROZEN_FLAG", "SHOW_HOVER_FLAG", "LOOKUP_CODE"
            ,"HOVER_COLUMN_CODE", "EDITOR_HEIGHT", "LOOKUP_FIELD_TYPE", "HELP_TEXT", "TEXT_MASK", "VALIDATION_REGEXP"
            ,"DEFAULT_ORDERBY_NUMBER", "DEFAULT_VALUE", "EDITOR_TITLE_ORIENTATION", "EDITOR_END_ROW_FLAG"
            ,"EDITOR_COLS_SPAN", "LOOKUP_DISPLAY_VALUE", "EDITOR_ON_ENTER_KEY_ACTION")
     Values ('SHEDULES', 'SHEDULE_ID', '', '*', 'N', '1001', 'Y', 'N', '', '1', '', '', '**SHEDULE_ID', 'N', 'N', ''
            ,'', '', '1', '', '', '', '', '', 'L', 'Y', '*', '', '');

Insert Into FORM_COLUMNS
            ("FORM_CODE", "COLUMN_CODE", "COLUMN_USER_NAME", "COLUMN_DISPLAY_SIZE", "COLUMN_DATA_TYPE"
            ,"COLUMN_DISPLAY_NUMBER", "PIMARY_KEY_FLAG", "SHOW_ON_GRID", "TREE_INITIALIZATION_VALUE", "TREE_FIELD_TYPE"
            ,"EDITOR_TAB_CODE", "FIELD_TYPE", "COLUMN_DESCRIPTION", "IS_FROZEN_FLAG", "SHOW_HOVER_FLAG", "LOOKUP_CODE"
            ,"HOVER_COLUMN_CODE", "EDITOR_HEIGHT", "LOOKUP_FIELD_TYPE", "HELP_TEXT", "TEXT_MASK", "VALIDATION_REGEXP"
            ,"DEFAULT_ORDERBY_NUMBER", "DEFAULT_VALUE", "EDITOR_TITLE_ORIENTATION", "EDITOR_END_ROW_FLAG"
            ,"EDITOR_COLS_SPAN", "LOOKUP_DISPLAY_VALUE", "EDITOR_ON_ENTER_KEY_ACTION")
     Values ('SHEDULES', 'SHEDULE_NAME', 'Наименование', '*', 'S', '1004', 'N', 'Y', '', '', '', '', '**SHEDULE_NAME'
            ,'N', 'N', '', '', '', '2', '', '', '', '', '', 'L', 'Y', '*', '', '');

Insert Into FORM_COLUMNS
            ("FORM_CODE", "COLUMN_CODE", "COLUMN_USER_NAME", "COLUMN_DISPLAY_SIZE", "COLUMN_DATA_TYPE"
            ,"COLUMN_DISPLAY_NUMBER", "PIMARY_KEY_FLAG", "SHOW_ON_GRID", "TREE_INITIALIZATION_VALUE", "TREE_FIELD_TYPE"
            ,"EDITOR_TAB_CODE", "FIELD_TYPE", "COLUMN_DESCRIPTION", "IS_FROZEN_FLAG", "SHOW_HOVER_FLAG", "LOOKUP_CODE"
            ,"HOVER_COLUMN_CODE", "EDITOR_HEIGHT", "LOOKUP_FIELD_TYPE", "HELP_TEXT", "TEXT_MASK", "VALIDATION_REGEXP"
            ,"DEFAULT_ORDERBY_NUMBER", "DEFAULT_VALUE", "EDITOR_TITLE_ORIENTATION", "EDITOR_END_ROW_FLAG"
            ,"EDITOR_COLS_SPAN", "LOOKUP_DISPLAY_VALUE", "EDITOR_ON_ENTER_KEY_ACTION")
     Values ('SHEDULES', 'SHEDULE_START_DATE', 'Дата начала', '*', 'D', '1007', 'N', 'Y', '', '', '', ''
            ,'*Дата начала графика. 1-й день.', 'N', 'Y', '', '', '', '', '', '', '', '', '', 'L', 'Y', '*', '', '');

Insert Into FORM_COLUMNS
            ("FORM_CODE", "COLUMN_CODE", "COLUMN_USER_NAME", "COLUMN_DISPLAY_SIZE", "COLUMN_DATA_TYPE"
            ,"COLUMN_DISPLAY_NUMBER", "PIMARY_KEY_FLAG", "SHOW_ON_GRID", "TREE_INITIALIZATION_VALUE", "TREE_FIELD_TYPE"
            ,"EDITOR_TAB_CODE", "FIELD_TYPE", "COLUMN_DESCRIPTION", "IS_FROZEN_FLAG", "SHOW_HOVER_FLAG", "LOOKUP_CODE"
            ,"HOVER_COLUMN_CODE", "EDITOR_HEIGHT", "LOOKUP_FIELD_TYPE", "HELP_TEXT", "TEXT_MASK", "VALIDATION_REGEXP"
            ,"DEFAULT_ORDERBY_NUMBER", "DEFAULT_VALUE", "EDITOR_TITLE_ORIENTATION", "EDITOR_END_ROW_FLAG"
            ,"EDITOR_COLS_SPAN", "LOOKUP_DISPLAY_VALUE", "EDITOR_ON_ENTER_KEY_ACTION")
     Values ('SHEDULES', 'SHEDULE_TYPE_CODE', 'Тип графика', '*', 'S', '1002', 'N', 'N', '', '', '', '9'
            ,'**SHEDULE_TYPE_CODE', 'N', 'N', 'SHEDULE_TYPES', '', '', '', '', '', '', '', ':SHEDULE_TYPE_CODE', 'L'
            ,'Y', '*', '', '');

Insert Into FORM_COLUMNS
            ("FORM_CODE", "COLUMN_CODE", "COLUMN_USER_NAME", "COLUMN_DISPLAY_SIZE", "COLUMN_DATA_TYPE"
            ,"COLUMN_DISPLAY_NUMBER", "PIMARY_KEY_FLAG", "SHOW_ON_GRID", "TREE_INITIALIZATION_VALUE", "TREE_FIELD_TYPE"
            ,"EDITOR_TAB_CODE", "FIELD_TYPE", "COLUMN_DESCRIPTION", "IS_FROZEN_FLAG", "SHOW_HOVER_FLAG", "LOOKUP_CODE"
            ,"HOVER_COLUMN_CODE", "EDITOR_HEIGHT", "LOOKUP_FIELD_TYPE", "HELP_TEXT", "TEXT_MASK", "VALIDATION_REGEXP"
            ,"DEFAULT_ORDERBY_NUMBER", "DEFAULT_VALUE", "EDITOR_TITLE_ORIENTATION", "EDITOR_END_ROW_FLAG"
            ,"EDITOR_COLS_SPAN", "LOOKUP_DISPLAY_VALUE", "EDITOR_ON_ENTER_KEY_ACTION")
     Values ('SHEDULES', 'SHIFT_TIME_FROM_PRIMARY', 'Сдвижка', '*', 'DATE', '1006', 'N', 'Y', '', '', '', ''
            ,'*Сдвижка в часах от основной смены', 'N', 'Y', '', '', '', '', '', '', '', '', '', 'L', 'Y', '*', '', '');

Alter Table forms Enable VALIDATE Constraint forms_form_actions_fk;
Alter Table FORMS Enable All Triggers;

/*****************SHEDULES_VIEW*********************/
Alter Table FORMS Disable All Triggers;
Alter Table forms Disable Constraint forms_form_actions_fk;
Delete From FORM_COLUMNS
      Where form_code = 'SHEDULES_VIEW';
Delete From FORM_COLUMNS$
      Where form_code = 'SHEDULES_VIEW';
Delete From FORM_ACTIONS
      Where form_code = 'SHEDULES_VIEW';
Delete From FORM_TABS
      Where form_code = 'SHEDULES_VIEW';
Delete From FORMS
      Where form_code = 'SHEDULES_VIEW';
/*  Form: SHEDULES_VIEW. Entity: FORMS.  */

Insert Into FORMS
            ("FORM_CODE", "HOT_KEY", "SQL_TEXT", "FORM_NAME", "FORM_TYPE", "SHOW_TREE_ROOT_NODE", "ICON_ID"
            ,"FORM_WIDTH", "FORM_HEIGHT", "BOTTOM_TABS_ORIENTATION", "SIDE_TABS_ORIENTATION", "SHOW_BOTTOM_TOOLBAR"
            ,"OBJECT_VERSION_NUMBER", "DEFAULT_COLUMN_WIDTH", "DESCRIPTION", "DOUBLE_CLICK_ACTION_CODE", "LOOKUP_WIDTH"
            ,"APPS_CODE", "EXPORT_ORDER")
     Values ('SHEDULES_VIEW', ''
            ,'Select TO_CHAR (shift_date, ''Day'', ''nls_date_language=russian'') day_of_week, shift_date, shift_code
      , (Select Sum (NVL (((t.time_to - t.time_from + 0) * 24), (t.hours - TRUNC (t.hours)) * 24))
                                                                                         As hours
           From tc.shift_hours t
          Where t.shift_code = s.shift_code) As shift_hours_total
  From Table (tc.tc_shedule_utils_pkg.get_shedules_shifts_tbl (:shedule_code, :date_from, :date_to)) s
--'
            ,'График за период', 'G', 'Y', '', '*', '*', '', '', 'Y', '27', '*', '', '', '', 'TC', '100');
/*  Form: SHEDULES_VIEW. Entity: FORM_TABS.  */
/*  Form: SHEDULES_VIEW. Entity: FORM_ACTIONS.  */

Insert Into FORM_ACTIONS
            ("FORM_CODE", "ACTION_CODE", "PROCEDURE_NAME", "ACTION_DISPLAY_NAME", "ICON_ID", "DEFAULT_PARAM_PREFIX"
            ,"DEFAULT_OLD_PARAM_PREFIX", "ACTION_TYPE", "DISPLAY_NUMBER", "CONFIRM_TEXT", "HOT_KEY"
            ,"SHOW_SEPARATOR_BELOW", "DISPLAY_ON_TOOLBAR", "CHILD_FORM_CODE")
     Values ('SHEDULES_VIEW', 'FILTER', '', '', '34', '', '', '9', '100', '', '', 'N', 'Y', '');

Insert Into FORM_ACTIONS
            ("FORM_CODE", "ACTION_CODE", "PROCEDURE_NAME", "ACTION_DISPLAY_NAME", "ICON_ID", "DEFAULT_PARAM_PREFIX"
            ,"DEFAULT_OLD_PARAM_PREFIX", "ACTION_TYPE", "DISPLAY_NUMBER", "CONFIRM_TEXT", "HOT_KEY"
            ,"SHOW_SEPARATOR_BELOW", "DISPLAY_ON_TOOLBAR", "CHILD_FORM_CODE")
     Values ('SHEDULES_VIEW', 'REFR', '', 'Обновить', '15', '', '', '4', '10', '', '', 'N', 'Y', '');
/*  Form: SHEDULES_VIEW. Entity: FORM_COLUMNS$.  */

Insert Into FORM_COLUMNS$
            ("COL_NUM", "COL_TYPE", "COL_MAX_LEN", "COL_NAME", "COL_NAME_LEN", "COL_PRECISION", "COL_SCALE"
            ,"FORM_CODE", "PIMARY_KEY_FLAG", "DEFAULT_COLUMN_WIDTH", "COLUMN_DESCRIPTION")
     Values ('1', 'VARCHAR2', '44', 'DAY_OF_WEEK', '11', '0', '0', 'SHEDULES_VIEW', '', '*', '**DAY_OF_WEEK');

Insert Into FORM_COLUMNS$
            ("COL_NUM", "COL_TYPE", "COL_MAX_LEN", "COL_NAME", "COL_NAME_LEN", "COL_PRECISION", "COL_SCALE"
            ,"FORM_CODE", "PIMARY_KEY_FLAG", "DEFAULT_COLUMN_WIDTH", "COLUMN_DESCRIPTION")
     Values ('3', 'VARCHAR2', '80', 'SHIFT_CODE', '10', '0', '0', 'SHEDULES_VIEW', '', '*', '**SHIFT_CODE');

Insert Into FORM_COLUMNS$
            ("COL_NUM", "COL_TYPE", "COL_MAX_LEN", "COL_NAME", "COL_NAME_LEN", "COL_PRECISION", "COL_SCALE"
            ,"FORM_CODE", "PIMARY_KEY_FLAG", "DEFAULT_COLUMN_WIDTH", "COLUMN_DESCRIPTION")
     Values ('2', 'DATE', '21', 'SHIFT_DATE', '10', '0', '0', 'SHEDULES_VIEW', '', '*', '**SHIFT_DATE');

Insert Into FORM_COLUMNS$
            ("COL_NUM", "COL_TYPE", "COL_MAX_LEN", "COL_NAME", "COL_NAME_LEN", "COL_PRECISION", "COL_SCALE"
            ,"FORM_CODE", "PIMARY_KEY_FLAG", "DEFAULT_COLUMN_WIDTH", "COLUMN_DESCRIPTION")
     Values ('4', 'NUMBER', '22', 'SHIFT_HOURS_TOTAL', '17', '0', '0', 'SHEDULES_VIEW', '', '*', '**SHIFT_HOURS_TOTAL');
/*  Form: SHEDULES_VIEW. Entity: FORM_COLUMNS.  */

Insert Into FORM_COLUMNS
            ("FORM_CODE", "COLUMN_CODE", "COLUMN_USER_NAME", "COLUMN_DISPLAY_SIZE", "COLUMN_DATA_TYPE"
            ,"COLUMN_DISPLAY_NUMBER", "PIMARY_KEY_FLAG", "SHOW_ON_GRID", "TREE_INITIALIZATION_VALUE", "TREE_FIELD_TYPE"
            ,"EDITOR_TAB_CODE", "FIELD_TYPE", "COLUMN_DESCRIPTION", "IS_FROZEN_FLAG", "SHOW_HOVER_FLAG", "LOOKUP_CODE"
            ,"HOVER_COLUMN_CODE", "EDITOR_HEIGHT", "LOOKUP_FIELD_TYPE", "HELP_TEXT", "TEXT_MASK", "VALIDATION_REGEXP"
            ,"DEFAULT_ORDERBY_NUMBER", "DEFAULT_VALUE", "EDITOR_TITLE_ORIENTATION", "EDITOR_END_ROW_FLAG"
            ,"EDITOR_COLS_SPAN", "LOOKUP_DISPLAY_VALUE", "EDITOR_ON_ENTER_KEY_ACTION")
     Values ('SHEDULES_VIEW', 'DAY_OF_WEEK', '', '10%', 'S', '1001', 'N', 'Y', '', '', '', '', '**DAY_OF_WEEK', 'N'
            ,'N', '', '', '', '', '', '', '', '', '', 'L', 'Y', '*', '', '');

Insert Into FORM_COLUMNS
            ("FORM_CODE", "COLUMN_CODE", "COLUMN_USER_NAME", "COLUMN_DISPLAY_SIZE", "COLUMN_DATA_TYPE"
            ,"COLUMN_DISPLAY_NUMBER", "PIMARY_KEY_FLAG", "SHOW_ON_GRID", "TREE_INITIALIZATION_VALUE", "TREE_FIELD_TYPE"
            ,"EDITOR_TAB_CODE", "FIELD_TYPE", "COLUMN_DESCRIPTION", "IS_FROZEN_FLAG", "SHOW_HOVER_FLAG", "LOOKUP_CODE"
            ,"HOVER_COLUMN_CODE", "EDITOR_HEIGHT", "LOOKUP_FIELD_TYPE", "HELP_TEXT", "TEXT_MASK", "VALIDATION_REGEXP"
            ,"DEFAULT_ORDERBY_NUMBER", "DEFAULT_VALUE", "EDITOR_TITLE_ORIENTATION", "EDITOR_END_ROW_FLAG"
            ,"EDITOR_COLS_SPAN", "LOOKUP_DISPLAY_VALUE", "EDITOR_ON_ENTER_KEY_ACTION")
     Values ('SHEDULES_VIEW', 'SHIFT_CODE', '', '*', 'S', '1003', 'N', 'Y', '', '', '', '9', '**SHIFT_CODE', 'N', 'N'
            ,'SHIFTS', '', '', '', '', '', '', '', '', 'L', 'Y', '*', '', '');

Insert Into FORM_COLUMNS
            ("FORM_CODE", "COLUMN_CODE", "COLUMN_USER_NAME", "COLUMN_DISPLAY_SIZE", "COLUMN_DATA_TYPE"
            ,"COLUMN_DISPLAY_NUMBER", "PIMARY_KEY_FLAG", "SHOW_ON_GRID", "TREE_INITIALIZATION_VALUE", "TREE_FIELD_TYPE"
            ,"EDITOR_TAB_CODE", "FIELD_TYPE", "COLUMN_DESCRIPTION", "IS_FROZEN_FLAG", "SHOW_HOVER_FLAG", "LOOKUP_CODE"
            ,"HOVER_COLUMN_CODE", "EDITOR_HEIGHT", "LOOKUP_FIELD_TYPE", "HELP_TEXT", "TEXT_MASK", "VALIDATION_REGEXP"
            ,"DEFAULT_ORDERBY_NUMBER", "DEFAULT_VALUE", "EDITOR_TITLE_ORIENTATION", "EDITOR_END_ROW_FLAG"
            ,"EDITOR_COLS_SPAN", "LOOKUP_DISPLAY_VALUE", "EDITOR_ON_ENTER_KEY_ACTION")
     Values ('SHEDULES_VIEW', 'SHIFT_DATE', '', '20%', 'D', '1002', 'N', 'Y', '', '', '', '', '**SHIFT_DATE', 'N', 'N'
            ,'', '', '', '', '', '', '', '', '', 'L', 'Y', '*', '', '');

Alter Table forms Enable VALIDATE Constraint forms_form_actions_fk;
Alter Table FORMS Enable All Triggers;

/*****************SHEDULES_VIEW_FLTR*********************/
Alter Table FORMS Disable All Triggers;
Alter Table forms Disable Constraint forms_form_actions_fk;
Delete From FORM_COLUMNS
      Where form_code = 'SHEDULES_VIEW_FLTR';
Delete From FORM_COLUMNS$
      Where form_code = 'SHEDULES_VIEW_FLTR';
Delete From FORM_ACTIONS
      Where form_code = 'SHEDULES_VIEW_FLTR';
Delete From FORM_TABS
      Where form_code = 'SHEDULES_VIEW_FLTR';
Delete From FORMS
      Where form_code = 'SHEDULES_VIEW_FLTR';
/*  Form: SHEDULES_VIEW_FLTR. Entity: FORMS.  */

Insert Into FORMS
            ("FORM_CODE", "HOT_KEY", "SQL_TEXT", "FORM_NAME", "FORM_TYPE", "SHOW_TREE_ROOT_NODE", "ICON_ID"
            ,"FORM_WIDTH", "FORM_HEIGHT", "BOTTOM_TABS_ORIENTATION", "SIDE_TABS_ORIENTATION", "SHOW_BOTTOM_TOOLBAR"
            ,"OBJECT_VERSION_NUMBER", "DEFAULT_COLUMN_WIDTH", "DESCRIPTION", "DOUBLE_CLICK_ACTION_CODE", "LOOKUP_WIDTH"
            ,"APPS_CODE", "EXPORT_ORDER")
     Values ('SHEDULES_VIEW_FLTR', ''
            ,'Select 1 as id, Min (a.shedule_code) As shedule_code, TRUNC (SYSDATE, ''mm'') As date_from, LAST_DAY (TRUNC (SYSDATE)) As date_to, 1/3 as tmpfld1
  From tc.shedules a'
            ,'Просмотр графиков', 'G', 'Y', '22', '0%', '15%', 'B', 'R', 'Y', '33', '*', '', '', '', 'TC', '100');
/*  Form: SHEDULES_VIEW_FLTR. Entity: FORM_TABS.  */

Insert Into FORM_TABS
            ("FORM_CODE", "TAB_CODE", "CHILD_FORM_CODE", "TAB_POSITION", "TAB_NAME", "NUMBER_OF_COLUMNS", "ICON_ID"
            ,"TAB_TYPE", "TAB_DISPLAY_NUMBER")
     Values ('SHEDULES_VIEW_FLTR', 'FLT', '', 'R', 'Фильтр', '6', '', '1', '');

Insert Into FORM_TABS
            ("FORM_CODE", "TAB_CODE", "CHILD_FORM_CODE", "TAB_POSITION", "TAB_NAME", "NUMBER_OF_COLUMNS", "ICON_ID"
            ,"TAB_TYPE", "TAB_DISPLAY_NUMBER")
     Values ('SHEDULES_VIEW_FLTR', 'SHEDULES_VIEW', 'SHEDULES_VIEW', 'B', 'График', '', '13', '2', '');
/*  Form: SHEDULES_VIEW_FLTR. Entity: FORM_ACTIONS.  */

Insert Into FORM_ACTIONS
            ("FORM_CODE", "ACTION_CODE", "PROCEDURE_NAME", "ACTION_DISPLAY_NAME", "ICON_ID", "DEFAULT_PARAM_PREFIX"
            ,"DEFAULT_OLD_PARAM_PREFIX", "ACTION_TYPE", "DISPLAY_NUMBER", "CONFIRM_TEXT", "HOT_KEY"
            ,"SHOW_SEPARATOR_BELOW", "DISPLAY_ON_TOOLBAR", "CHILD_FORM_CODE")
     Values ('SHEDULES_VIEW_FLTR', 'REFR', '', 'По умолчанию', '15', '', '', '4', '10', '', '', 'N', 'Y', '');

Insert Into FORM_ACTIONS
            ("FORM_CODE", "ACTION_CODE", "PROCEDURE_NAME", "ACTION_DISPLAY_NAME", "ICON_ID", "DEFAULT_PARAM_PREFIX"
            ,"DEFAULT_OLD_PARAM_PREFIX", "ACTION_TYPE", "DISPLAY_NUMBER", "CONFIRM_TEXT", "HOT_KEY"
            ,"SHOW_SEPARATOR_BELOW", "DISPLAY_ON_TOOLBAR", "CHILD_FORM_CODE")
     Values ('SHEDULES_VIEW_FLTR', 'UPD', '', 'Сохранить', '46', '', '', '2', '120', '', '', 'N', 'Y', '');
/*  Form: SHEDULES_VIEW_FLTR. Entity: FORM_COLUMNS$.  */

Insert Into FORM_COLUMNS$
            ("COL_NUM", "COL_TYPE", "COL_MAX_LEN", "COL_NAME", "COL_NAME_LEN", "COL_PRECISION", "COL_SCALE"
            ,"FORM_CODE", "PIMARY_KEY_FLAG", "DEFAULT_COLUMN_WIDTH", "COLUMN_DESCRIPTION")
     Values ('3', 'DATE', '7', 'DATE_FROM', '9', '0', '0', 'SHEDULES_VIEW_FLTR', '', '*', '**DATE_FROM');

Insert Into FORM_COLUMNS$
            ("COL_NUM", "COL_TYPE", "COL_MAX_LEN", "COL_NAME", "COL_NAME_LEN", "COL_PRECISION", "COL_SCALE"
            ,"FORM_CODE", "PIMARY_KEY_FLAG", "DEFAULT_COLUMN_WIDTH", "COLUMN_DESCRIPTION")
     Values ('4', 'DATE', '7', 'DATE_TO', '7', '0', '0', 'SHEDULES_VIEW_FLTR', '', '*', '**DATE_TO');

Insert Into FORM_COLUMNS$
            ("COL_NUM", "COL_TYPE", "COL_MAX_LEN", "COL_NAME", "COL_NAME_LEN", "COL_PRECISION", "COL_SCALE"
            ,"FORM_CODE", "PIMARY_KEY_FLAG", "DEFAULT_COLUMN_WIDTH", "COLUMN_DESCRIPTION")
     Values ('1', 'NUMBER', '2', 'ID', '2', '0', '0', 'SHEDULES_VIEW_FLTR', '', '*', '*2 - идентификатор записи;');

Insert Into FORM_COLUMNS$
            ("COL_NUM", "COL_TYPE", "COL_MAX_LEN", "COL_NAME", "COL_NAME_LEN", "COL_PRECISION", "COL_SCALE"
            ,"FORM_CODE", "PIMARY_KEY_FLAG", "DEFAULT_COLUMN_WIDTH", "COLUMN_DESCRIPTION")
     Values ('2', 'VARCHAR2', '80', 'SHEDULE_CODE', '12', '0', '0', 'SHEDULES_VIEW_FLTR', '', '*', '**SHEDULE_CODE');

Insert Into FORM_COLUMNS$
            ("COL_NUM", "COL_TYPE", "COL_MAX_LEN", "COL_NAME", "COL_NAME_LEN", "COL_PRECISION", "COL_SCALE"
            ,"FORM_CODE", "PIMARY_KEY_FLAG", "DEFAULT_COLUMN_WIDTH", "COLUMN_DESCRIPTION")
     Values ('5', 'NUMBER', '21', 'TMPFLD1', '7', '0', '0', 'SHEDULES_VIEW_FLTR', '', '*', '**TMPFLD1');
/*  Form: SHEDULES_VIEW_FLTR. Entity: FORM_COLUMNS.  */

Insert Into FORM_COLUMNS
            ("FORM_CODE", "COLUMN_CODE", "COLUMN_USER_NAME", "COLUMN_DISPLAY_SIZE", "COLUMN_DATA_TYPE"
            ,"COLUMN_DISPLAY_NUMBER", "PIMARY_KEY_FLAG", "SHOW_ON_GRID", "TREE_INITIALIZATION_VALUE", "TREE_FIELD_TYPE"
            ,"EDITOR_TAB_CODE", "FIELD_TYPE", "COLUMN_DESCRIPTION", "IS_FROZEN_FLAG", "SHOW_HOVER_FLAG", "LOOKUP_CODE"
            ,"HOVER_COLUMN_CODE", "EDITOR_HEIGHT", "LOOKUP_FIELD_TYPE", "HELP_TEXT", "TEXT_MASK", "VALIDATION_REGEXP"
            ,"DEFAULT_ORDERBY_NUMBER", "DEFAULT_VALUE", "EDITOR_TITLE_ORIENTATION", "EDITOR_END_ROW_FLAG"
            ,"EDITOR_COLS_SPAN", "LOOKUP_DISPLAY_VALUE", "EDITOR_ON_ENTER_KEY_ACTION")
     Values ('SHEDULES_VIEW_FLTR', 'DATE_FROM', 'ddd', '*', 'D', '1002', 'N', 'Y', '', '', 'FLT', '', '**DATE_FROM'
            ,'N', 'N', '', '', '', '', '', '', '', '', '', 'L', 'N', '1', '', '');

Insert Into FORM_COLUMNS
            ("FORM_CODE", "COLUMN_CODE", "COLUMN_USER_NAME", "COLUMN_DISPLAY_SIZE", "COLUMN_DATA_TYPE"
            ,"COLUMN_DISPLAY_NUMBER", "PIMARY_KEY_FLAG", "SHOW_ON_GRID", "TREE_INITIALIZATION_VALUE", "TREE_FIELD_TYPE"
            ,"EDITOR_TAB_CODE", "FIELD_TYPE", "COLUMN_DESCRIPTION", "IS_FROZEN_FLAG", "SHOW_HOVER_FLAG", "LOOKUP_CODE"
            ,"HOVER_COLUMN_CODE", "EDITOR_HEIGHT", "LOOKUP_FIELD_TYPE", "HELP_TEXT", "TEXT_MASK", "VALIDATION_REGEXP"
            ,"DEFAULT_ORDERBY_NUMBER", "DEFAULT_VALUE", "EDITOR_TITLE_ORIENTATION", "EDITOR_END_ROW_FLAG"
            ,"EDITOR_COLS_SPAN", "LOOKUP_DISPLAY_VALUE", "EDITOR_ON_ENTER_KEY_ACTION")
     Values ('SHEDULES_VIEW_FLTR', 'DATE_TO', '', '*', 'D', '1003', 'N', 'Y', '', '', 'FLT', '', '**DATE_TO', 'N', 'N'
            ,'', '', '', '', '', '', '', '', '', 'L', 'N', '1', '', '');

Insert Into FORM_COLUMNS
            ("FORM_CODE", "COLUMN_CODE", "COLUMN_USER_NAME", "COLUMN_DISPLAY_SIZE", "COLUMN_DATA_TYPE"
            ,"COLUMN_DISPLAY_NUMBER", "PIMARY_KEY_FLAG", "SHOW_ON_GRID", "TREE_INITIALIZATION_VALUE", "TREE_FIELD_TYPE"
            ,"EDITOR_TAB_CODE", "FIELD_TYPE", "COLUMN_DESCRIPTION", "IS_FROZEN_FLAG", "SHOW_HOVER_FLAG", "LOOKUP_CODE"
            ,"HOVER_COLUMN_CODE", "EDITOR_HEIGHT", "LOOKUP_FIELD_TYPE", "HELP_TEXT", "TEXT_MASK", "VALIDATION_REGEXP"
            ,"DEFAULT_ORDERBY_NUMBER", "DEFAULT_VALUE", "EDITOR_TITLE_ORIENTATION", "EDITOR_END_ROW_FLAG"
            ,"EDITOR_COLS_SPAN", "LOOKUP_DISPLAY_VALUE", "EDITOR_ON_ENTER_KEY_ACTION")
     Values ('SHEDULES_VIEW_FLTR', 'ID', '2 - идентификатор записи;', '*', 'N', '1001', 'Y', 'N', '', '', '', ''
            ,'*2 - идентификатор записи;', 'N', 'N', '', '', '', '', '', '', '', '', '', 'L', 'Y', '*', '', '');

Insert Into FORM_COLUMNS
            ("FORM_CODE", "COLUMN_CODE", "COLUMN_USER_NAME", "COLUMN_DISPLAY_SIZE", "COLUMN_DATA_TYPE"
            ,"COLUMN_DISPLAY_NUMBER", "PIMARY_KEY_FLAG", "SHOW_ON_GRID", "TREE_INITIALIZATION_VALUE", "TREE_FIELD_TYPE"
            ,"EDITOR_TAB_CODE", "FIELD_TYPE", "COLUMN_DESCRIPTION", "IS_FROZEN_FLAG", "SHOW_HOVER_FLAG", "LOOKUP_CODE"
            ,"HOVER_COLUMN_CODE", "EDITOR_HEIGHT", "LOOKUP_FIELD_TYPE", "HELP_TEXT", "TEXT_MASK", "VALIDATION_REGEXP"
            ,"DEFAULT_ORDERBY_NUMBER", "DEFAULT_VALUE", "EDITOR_TITLE_ORIENTATION", "EDITOR_END_ROW_FLAG"
            ,"EDITOR_COLS_SPAN", "LOOKUP_DISPLAY_VALUE", "EDITOR_ON_ENTER_KEY_ACTION")
     Values ('SHEDULES_VIEW_FLTR', 'SHEDULE_CODE', 'Смена', '*', 'S', '1001', 'N', 'Y', '', '', 'FLT', '9'
            ,'**SHEDULE_CODE', 'N', 'N', 'SHEDULES', '', '', '', '', '', '', '', '', 'L', 'N', '1', '', '');

Alter Table forms Enable VALIDATE Constraint forms_form_actions_fk;
Alter Table FORMS Enable All Triggers;

/*****************SHEDULE_SHIFTS*********************/
Alter Table FORMS Disable All Triggers;
Alter Table forms Disable Constraint forms_form_actions_fk;
Delete From FORM_COLUMNS
      Where form_code = 'SHEDULE_SHIFTS';
Delete From FORM_COLUMNS$
      Where form_code = 'SHEDULE_SHIFTS';
Delete From FORM_ACTIONS
      Where form_code = 'SHEDULE_SHIFTS';
Delete From FORM_TABS
      Where form_code = 'SHEDULE_SHIFTS';
Delete From FORMS
      Where form_code = 'SHEDULE_SHIFTS';
/*  Form: SHEDULE_SHIFTS. Entity: FORMS.  */

Insert Into FORMS
            ("FORM_CODE", "HOT_KEY", "SQL_TEXT", "FORM_NAME", "FORM_TYPE", "SHOW_TREE_ROOT_NODE", "ICON_ID"
            ,"FORM_WIDTH", "FORM_HEIGHT", "BOTTOM_TABS_ORIENTATION", "SIDE_TABS_ORIENTATION", "SHOW_BOTTOM_TOOLBAR"
            ,"OBJECT_VERSION_NUMBER", "DEFAULT_COLUMN_WIDTH", "DESCRIPTION", "DOUBLE_CLICK_ACTION_CODE", "LOOKUP_WIDTH"
            ,"APPS_CODE", "EXPORT_ORDER")
     Values ('SHEDULE_SHIFTS', '', 'Select *
  From tc.shedule_shifts t
 Where t.shedule_code = :shedule_code', 'Смены графика', 'G', 'Y', '', '*', '*', '', '', 'N', '20', '*', '', '', ''
            ,'TC', '100');
/*  Form: SHEDULE_SHIFTS. Entity: FORM_TABS.  */
/*  Form: SHEDULE_SHIFTS. Entity: FORM_ACTIONS.  */

Insert Into FORM_ACTIONS
            ("FORM_CODE", "ACTION_CODE", "PROCEDURE_NAME", "ACTION_DISPLAY_NAME", "ICON_ID", "DEFAULT_PARAM_PREFIX"
            ,"DEFAULT_OLD_PARAM_PREFIX", "ACTION_TYPE", "DISPLAY_NUMBER", "CONFIRM_TEXT", "HOT_KEY"
            ,"SHOW_SEPARATOR_BELOW", "DISPLAY_ON_TOOLBAR", "CHILD_FORM_CODE")
     Values ('SHEDULE_SHIFTS', 'DEL', 'SHEDULE_SHIFTS_PKG.p_delete', 'Удалить', '48', '', '', '3', '130'
            ,'Вы уверенны что хотите удалить запись?', '', 'N', 'Y', '');

Insert Into FORM_ACTIONS
            ("FORM_CODE", "ACTION_CODE", "PROCEDURE_NAME", "ACTION_DISPLAY_NAME", "ICON_ID", "DEFAULT_PARAM_PREFIX"
            ,"DEFAULT_OLD_PARAM_PREFIX", "ACTION_TYPE", "DISPLAY_NUMBER", "CONFIRM_TEXT", "HOT_KEY"
            ,"SHOW_SEPARATOR_BELOW", "DISPLAY_ON_TOOLBAR", "CHILD_FORM_CODE")
     Values ('SHEDULE_SHIFTS', 'EDIT', '', 'Редактировать', '50', '', '', '8', '115', 'Вы уверенны?', '', 'N', 'Y', '');

Insert Into FORM_ACTIONS
            ("FORM_CODE", "ACTION_CODE", "PROCEDURE_NAME", "ACTION_DISPLAY_NAME", "ICON_ID", "DEFAULT_PARAM_PREFIX"
            ,"DEFAULT_OLD_PARAM_PREFIX", "ACTION_TYPE", "DISPLAY_NUMBER", "CONFIRM_TEXT", "HOT_KEY"
            ,"SHOW_SEPARATOR_BELOW", "DISPLAY_ON_TOOLBAR", "CHILD_FORM_CODE")
     Values ('SHEDULE_SHIFTS', 'INS', '', 'Создать', '47', '', '', '1', '110', '', '', 'N', 'Y', '');

Insert Into FORM_ACTIONS
            ("FORM_CODE", "ACTION_CODE", "PROCEDURE_NAME", "ACTION_DISPLAY_NAME", "ICON_ID", "DEFAULT_PARAM_PREFIX"
            ,"DEFAULT_OLD_PARAM_PREFIX", "ACTION_TYPE", "DISPLAY_NUMBER", "CONFIRM_TEXT", "HOT_KEY"
            ,"SHOW_SEPARATOR_BELOW", "DISPLAY_ON_TOOLBAR", "CHILD_FORM_CODE")
     Values ('SHEDULE_SHIFTS', 'REFR', '', 'Обновить', '15', '', '', '4', '10', '', '', 'N', 'Y', '');

Insert Into FORM_ACTIONS
            ("FORM_CODE", "ACTION_CODE", "PROCEDURE_NAME", "ACTION_DISPLAY_NAME", "ICON_ID", "DEFAULT_PARAM_PREFIX"
            ,"DEFAULT_OLD_PARAM_PREFIX", "ACTION_TYPE", "DISPLAY_NUMBER", "CONFIRM_TEXT", "HOT_KEY"
            ,"SHOW_SEPARATOR_BELOW", "DISPLAY_ON_TOOLBAR", "CHILD_FORM_CODE")
     Values ('SHEDULE_SHIFTS', 'UPD', 'SHEDULE_SHIFTS_PKG.p_ins_upd', 'Сохранить', '46', '', '', '2', '120'
            ,'Вы уверенны?', '', 'N', 'Y', '');
/*  Form: SHEDULE_SHIFTS. Entity: FORM_COLUMNS$.  */

Insert Into FORM_COLUMNS$
            ("COL_NUM", "COL_TYPE", "COL_MAX_LEN", "COL_NAME", "COL_NAME_LEN", "COL_PRECISION", "COL_SCALE"
            ,"FORM_CODE", "PIMARY_KEY_FLAG", "DEFAULT_COLUMN_WIDTH", "COLUMN_DESCRIPTION")
     Values ('2', 'VARCHAR2', '80', 'SHEDULE_CODE', '12', '0', '0', 'SHEDULE_SHIFTS', 'Y', '*', '**SHEDULE_CODE');

Insert Into FORM_COLUMNS$
            ("COL_NUM", "COL_TYPE", "COL_MAX_LEN", "COL_NAME", "COL_NAME_LEN", "COL_PRECISION", "COL_SCALE"
            ,"FORM_CODE", "PIMARY_KEY_FLAG", "DEFAULT_COLUMN_WIDTH", "COLUMN_DESCRIPTION")
     Values ('1', 'NUMBER', '22', 'SHEDULE_SHIFT_ID', '16', '0', '-127', 'SHEDULE_SHIFTS', 'Y', '*'
            ,'**SHEDULE_SHIFT_ID');

Insert Into FORM_COLUMNS$
            ("COL_NUM", "COL_TYPE", "COL_MAX_LEN", "COL_NAME", "COL_NAME_LEN", "COL_PRECISION", "COL_SCALE"
            ,"FORM_CODE", "PIMARY_KEY_FLAG", "DEFAULT_COLUMN_WIDTH", "COLUMN_DESCRIPTION")
     Values ('4', 'VARCHAR2', '80', 'SHIFT_CODE', '10', '0', '0', 'SHEDULE_SHIFTS', 'Y', '*', '**SHIFT_CODE');

Insert Into FORM_COLUMNS$
            ("COL_NUM", "COL_TYPE", "COL_MAX_LEN", "COL_NAME", "COL_NAME_LEN", "COL_PRECISION", "COL_SCALE"
            ,"FORM_CODE", "PIMARY_KEY_FLAG", "DEFAULT_COLUMN_WIDTH", "COLUMN_DESCRIPTION")
     Values ('3', 'NUMBER', '22', 'SHIFT_ORDER_NUMBER', '18', '0', '-127', 'SHEDULE_SHIFTS', 'Y', '*'
            ,'*Порядковый номер в смене');
/*  Form: SHEDULE_SHIFTS. Entity: FORM_COLUMNS.  */

Insert Into FORM_COLUMNS
            ("FORM_CODE", "COLUMN_CODE", "COLUMN_USER_NAME", "COLUMN_DISPLAY_SIZE", "COLUMN_DATA_TYPE"
            ,"COLUMN_DISPLAY_NUMBER", "PIMARY_KEY_FLAG", "SHOW_ON_GRID", "TREE_INITIALIZATION_VALUE", "TREE_FIELD_TYPE"
            ,"EDITOR_TAB_CODE", "FIELD_TYPE", "COLUMN_DESCRIPTION", "IS_FROZEN_FLAG", "SHOW_HOVER_FLAG", "LOOKUP_CODE"
            ,"HOVER_COLUMN_CODE", "EDITOR_HEIGHT", "LOOKUP_FIELD_TYPE", "HELP_TEXT", "TEXT_MASK", "VALIDATION_REGEXP"
            ,"DEFAULT_ORDERBY_NUMBER", "DEFAULT_VALUE", "EDITOR_TITLE_ORIENTATION", "EDITOR_END_ROW_FLAG"
            ,"EDITOR_COLS_SPAN", "LOOKUP_DISPLAY_VALUE", "EDITOR_ON_ENTER_KEY_ACTION")
     Values ('SHEDULE_SHIFTS', 'SHEDULE_CODE', '', '*', 'S', '1002', 'Y', 'N', '', '1', '', '9', '**SHEDULE_CODE', 'N'
            ,'N', 'SHEDULES', '', '', '1', '', '', '', '', ':SHEDULE_CODE', 'L', 'Y', '*', '', '');

Insert Into FORM_COLUMNS
            ("FORM_CODE", "COLUMN_CODE", "COLUMN_USER_NAME", "COLUMN_DISPLAY_SIZE", "COLUMN_DATA_TYPE"
            ,"COLUMN_DISPLAY_NUMBER", "PIMARY_KEY_FLAG", "SHOW_ON_GRID", "TREE_INITIALIZATION_VALUE", "TREE_FIELD_TYPE"
            ,"EDITOR_TAB_CODE", "FIELD_TYPE", "COLUMN_DESCRIPTION", "IS_FROZEN_FLAG", "SHOW_HOVER_FLAG", "LOOKUP_CODE"
            ,"HOVER_COLUMN_CODE", "EDITOR_HEIGHT", "LOOKUP_FIELD_TYPE", "HELP_TEXT", "TEXT_MASK", "VALIDATION_REGEXP"
            ,"DEFAULT_ORDERBY_NUMBER", "DEFAULT_VALUE", "EDITOR_TITLE_ORIENTATION", "EDITOR_END_ROW_FLAG"
            ,"EDITOR_COLS_SPAN", "LOOKUP_DISPLAY_VALUE", "EDITOR_ON_ENTER_KEY_ACTION")
     Values ('SHEDULE_SHIFTS', 'SHEDULE_SHIFT_ID', '', '*', 'N', '1001', 'Y', 'N', '', '1', '', '9'
            ,'**SHEDULE_SHIFT_ID', 'N', 'N', 'SHEDULES', '', '', '1', '', '', '', '', '', 'L', 'Y', '*', '', '');

Insert Into FORM_COLUMNS
            ("FORM_CODE", "COLUMN_CODE", "COLUMN_USER_NAME", "COLUMN_DISPLAY_SIZE", "COLUMN_DATA_TYPE"
            ,"COLUMN_DISPLAY_NUMBER", "PIMARY_KEY_FLAG", "SHOW_ON_GRID", "TREE_INITIALIZATION_VALUE", "TREE_FIELD_TYPE"
            ,"EDITOR_TAB_CODE", "FIELD_TYPE", "COLUMN_DESCRIPTION", "IS_FROZEN_FLAG", "SHOW_HOVER_FLAG", "LOOKUP_CODE"
            ,"HOVER_COLUMN_CODE", "EDITOR_HEIGHT", "LOOKUP_FIELD_TYPE", "HELP_TEXT", "TEXT_MASK", "VALIDATION_REGEXP"
            ,"DEFAULT_ORDERBY_NUMBER", "DEFAULT_VALUE", "EDITOR_TITLE_ORIENTATION", "EDITOR_END_ROW_FLAG"
            ,"EDITOR_COLS_SPAN", "LOOKUP_DISPLAY_VALUE", "EDITOR_ON_ENTER_KEY_ACTION")
     Values ('SHEDULE_SHIFTS', 'SHIFT_CODE', 'Смена', '*', 'S', '1004', 'Y', 'Y', '', '1', '', '9', '**SHIFT_CODE', 'N'
            ,'N', 'SHIFTS', '', '', '1', '', '', '', '', '', 'L', 'Y', '*', '', '');

Insert Into FORM_COLUMNS
            ("FORM_CODE", "COLUMN_CODE", "COLUMN_USER_NAME", "COLUMN_DISPLAY_SIZE", "COLUMN_DATA_TYPE"
            ,"COLUMN_DISPLAY_NUMBER", "PIMARY_KEY_FLAG", "SHOW_ON_GRID", "TREE_INITIALIZATION_VALUE", "TREE_FIELD_TYPE"
            ,"EDITOR_TAB_CODE", "FIELD_TYPE", "COLUMN_DESCRIPTION", "IS_FROZEN_FLAG", "SHOW_HOVER_FLAG", "LOOKUP_CODE"
            ,"HOVER_COLUMN_CODE", "EDITOR_HEIGHT", "LOOKUP_FIELD_TYPE", "HELP_TEXT", "TEXT_MASK", "VALIDATION_REGEXP"
            ,"DEFAULT_ORDERBY_NUMBER", "DEFAULT_VALUE", "EDITOR_TITLE_ORIENTATION", "EDITOR_END_ROW_FLAG"
            ,"EDITOR_COLS_SPAN", "LOOKUP_DISPLAY_VALUE", "EDITOR_ON_ENTER_KEY_ACTION")
     Values ('SHEDULE_SHIFTS', 'SHIFT_ORDER_NUMBER', 'Порядковый номер в смене', '15%', 'N', '1003', 'Y', 'Y', '', '1'
            ,'', '', '*Порядковый номер в смене', 'N', 'N', '', '', '', '1', '', '', '', '1', '', 'L', 'Y', '*', '', '');

Alter Table forms Enable VALIDATE Constraint forms_form_actions_fk;
Alter Table FORMS Enable All Triggers;

/*****************SHEDULE_TYPES*********************/
Alter Table FORMS Disable All Triggers;
Alter Table forms Disable Constraint forms_form_actions_fk;
Delete From FORM_COLUMNS
      Where form_code = 'SHEDULE_TYPES';
Delete From FORM_COLUMNS$
      Where form_code = 'SHEDULE_TYPES';
Delete From FORM_ACTIONS
      Where form_code = 'SHEDULE_TYPES';
Delete From FORM_TABS
      Where form_code = 'SHEDULE_TYPES';
Delete From FORMS
      Where form_code = 'SHEDULE_TYPES';
/*  Form: SHEDULE_TYPES. Entity: FORMS.  */

Insert Into FORMS
            ("FORM_CODE", "HOT_KEY", "SQL_TEXT", "FORM_NAME", "FORM_TYPE", "SHOW_TREE_ROOT_NODE", "ICON_ID"
            ,"FORM_WIDTH", "FORM_HEIGHT", "BOTTOM_TABS_ORIENTATION", "SIDE_TABS_ORIENTATION", "SHOW_BOTTOM_TOOLBAR"
            ,"OBJECT_VERSION_NUMBER", "DEFAULT_COLUMN_WIDTH", "DESCRIPTION", "DOUBLE_CLICK_ACTION_CODE", "LOOKUP_WIDTH"
            ,"APPS_CODE", "EXPORT_ORDER")
     Values ('SHEDULE_TYPES', '', 'select * from tc.shedule_types t
--',         'Типы графиков', 'G', 'Y', '21', '*', '15%', '', '', 'N', '14', '*', '', '', '', 'TC', '100');
/*  Form: SHEDULE_TYPES. Entity: FORM_TABS.  */

Insert Into FORM_TABS
            ("FORM_CODE", "TAB_CODE", "CHILD_FORM_CODE", "TAB_POSITION", "TAB_NAME", "NUMBER_OF_COLUMNS", "ICON_ID"
            ,"TAB_TYPE", "TAB_DISPLAY_NUMBER")
     Values ('SHEDULE_TYPES', 'SHEDULES', 'SHEDULES', 'B', '', '', '21', '2', '');
/*  Form: SHEDULE_TYPES. Entity: FORM_ACTIONS.  */

Insert Into FORM_ACTIONS
            ("FORM_CODE", "ACTION_CODE", "PROCEDURE_NAME", "ACTION_DISPLAY_NAME", "ICON_ID", "DEFAULT_PARAM_PREFIX"
            ,"DEFAULT_OLD_PARAM_PREFIX", "ACTION_TYPE", "DISPLAY_NUMBER", "CONFIRM_TEXT", "HOT_KEY"
            ,"SHOW_SEPARATOR_BELOW", "DISPLAY_ON_TOOLBAR", "CHILD_FORM_CODE")
     Values ('SHEDULE_TYPES', 'DEL', 'SHEDULE_TYPES_PKG.p_delete', 'Удалить', '48', '', '', '3', '130'
            ,'Вы уверенны что хотите удалить запись?', '', 'N', 'Y', '');

Insert Into FORM_ACTIONS
            ("FORM_CODE", "ACTION_CODE", "PROCEDURE_NAME", "ACTION_DISPLAY_NAME", "ICON_ID", "DEFAULT_PARAM_PREFIX"
            ,"DEFAULT_OLD_PARAM_PREFIX", "ACTION_TYPE", "DISPLAY_NUMBER", "CONFIRM_TEXT", "HOT_KEY"
            ,"SHOW_SEPARATOR_BELOW", "DISPLAY_ON_TOOLBAR", "CHILD_FORM_CODE")
     Values ('SHEDULE_TYPES', 'EDIT', '', 'Редактировать', '50', '', '', '8', '115', 'Вы уверенны?', '', 'N', 'Y', '');

Insert Into FORM_ACTIONS
            ("FORM_CODE", "ACTION_CODE", "PROCEDURE_NAME", "ACTION_DISPLAY_NAME", "ICON_ID", "DEFAULT_PARAM_PREFIX"
            ,"DEFAULT_OLD_PARAM_PREFIX", "ACTION_TYPE", "DISPLAY_NUMBER", "CONFIRM_TEXT", "HOT_KEY"
            ,"SHOW_SEPARATOR_BELOW", "DISPLAY_ON_TOOLBAR", "CHILD_FORM_CODE")
     Values ('SHEDULE_TYPES', 'INS', '', 'Создать', '47', '', '', '1', '110', '', '', 'N', 'Y', '');

Insert Into FORM_ACTIONS
            ("FORM_CODE", "ACTION_CODE", "PROCEDURE_NAME", "ACTION_DISPLAY_NAME", "ICON_ID", "DEFAULT_PARAM_PREFIX"
            ,"DEFAULT_OLD_PARAM_PREFIX", "ACTION_TYPE", "DISPLAY_NUMBER", "CONFIRM_TEXT", "HOT_KEY"
            ,"SHOW_SEPARATOR_BELOW", "DISPLAY_ON_TOOLBAR", "CHILD_FORM_CODE")
     Values ('SHEDULE_TYPES', 'REFR', '', 'Обновить', '15', '', '', '4', '10', '', '', 'N', 'Y', '');

Insert Into FORM_ACTIONS
            ("FORM_CODE", "ACTION_CODE", "PROCEDURE_NAME", "ACTION_DISPLAY_NAME", "ICON_ID", "DEFAULT_PARAM_PREFIX"
            ,"DEFAULT_OLD_PARAM_PREFIX", "ACTION_TYPE", "DISPLAY_NUMBER", "CONFIRM_TEXT", "HOT_KEY"
            ,"SHOW_SEPARATOR_BELOW", "DISPLAY_ON_TOOLBAR", "CHILD_FORM_CODE")
     Values ('SHEDULE_TYPES', 'UPD', 'SHEDULE_TYPES_PKG.p_ins_upd', 'Сохранить', '46', '', '', '2', '120'
            ,'Вы уверенны?', '', 'N', 'Y', '');
/*  Form: SHEDULE_TYPES. Entity: FORM_COLUMNS$.  */

Insert Into FORM_COLUMNS$
            ("COL_NUM", "COL_TYPE", "COL_MAX_LEN", "COL_NAME", "COL_NAME_LEN", "COL_PRECISION", "COL_SCALE"
            ,"FORM_CODE", "PIMARY_KEY_FLAG", "DEFAULT_COLUMN_WIDTH", "COLUMN_DESCRIPTION")
     Values ('4', 'NUMBER', '22', 'SHEDULE_PERIOD', '14', '0', '-127', 'SHEDULE_TYPES', '', '*'
            ,'*Периодичность графика. Если не указана - вычисляем из его смен');

Insert Into FORM_COLUMNS$
            ("COL_NUM", "COL_TYPE", "COL_MAX_LEN", "COL_NAME", "COL_NAME_LEN", "COL_PRECISION", "COL_SCALE"
            ,"FORM_CODE", "PIMARY_KEY_FLAG", "DEFAULT_COLUMN_WIDTH", "COLUMN_DESCRIPTION")
     Values ('2', 'VARCHAR2', '80', 'SHEDULE_TYPE_CODE', '17', '0', '0', 'SHEDULE_TYPES', 'Y', '*'
            ,'**SHEDULE_TYPE_CODE');

Insert Into FORM_COLUMNS$
            ("COL_NUM", "COL_TYPE", "COL_MAX_LEN", "COL_NAME", "COL_NAME_LEN", "COL_PRECISION", "COL_SCALE"
            ,"FORM_CODE", "PIMARY_KEY_FLAG", "DEFAULT_COLUMN_WIDTH", "COLUMN_DESCRIPTION")
     Values ('1', 'NUMBER', '22', 'SHEDULE_TYPE_ID', '15', '0', '-127', 'SHEDULE_TYPES', 'Y', '*', '**SHEDULE_TYPE_ID');

Insert Into FORM_COLUMNS$
            ("COL_NUM", "COL_TYPE", "COL_MAX_LEN", "COL_NAME", "COL_NAME_LEN", "COL_PRECISION", "COL_SCALE"
            ,"FORM_CODE", "PIMARY_KEY_FLAG", "DEFAULT_COLUMN_WIDTH", "COLUMN_DESCRIPTION")
     Values ('3', 'VARCHAR2', '1020', 'SHEDULE_TYPE_NAME', '17', '0', '0', 'SHEDULE_TYPES', '', '*'
            ,'**SHEDULE_TYPE_NAME');
/*  Form: SHEDULE_TYPES. Entity: FORM_COLUMNS.  */

Insert Into FORM_COLUMNS
            ("FORM_CODE", "COLUMN_CODE", "COLUMN_USER_NAME", "COLUMN_DISPLAY_SIZE", "COLUMN_DATA_TYPE"
            ,"COLUMN_DISPLAY_NUMBER", "PIMARY_KEY_FLAG", "SHOW_ON_GRID", "TREE_INITIALIZATION_VALUE", "TREE_FIELD_TYPE"
            ,"EDITOR_TAB_CODE", "FIELD_TYPE", "COLUMN_DESCRIPTION", "IS_FROZEN_FLAG", "SHOW_HOVER_FLAG", "LOOKUP_CODE"
            ,"HOVER_COLUMN_CODE", "EDITOR_HEIGHT", "LOOKUP_FIELD_TYPE", "HELP_TEXT", "TEXT_MASK", "VALIDATION_REGEXP"
            ,"DEFAULT_ORDERBY_NUMBER", "DEFAULT_VALUE", "EDITOR_TITLE_ORIENTATION", "EDITOR_END_ROW_FLAG"
            ,"EDITOR_COLS_SPAN", "LOOKUP_DISPLAY_VALUE", "EDITOR_ON_ENTER_KEY_ACTION")
     Values ('SHEDULE_TYPES', 'SHEDULE_PERIOD', 'Периодичность графика', '*', 'N', '1004', 'N', 'Y', '', '', '', ''
            ,'Периодичность графика. Если не указана - вычисляем из его смен', 'N', 'Y', '', '', '', '', '', '', '', ''
            ,'', 'L', 'Y', '*', '', '');

Insert Into FORM_COLUMNS
            ("FORM_CODE", "COLUMN_CODE", "COLUMN_USER_NAME", "COLUMN_DISPLAY_SIZE", "COLUMN_DATA_TYPE"
            ,"COLUMN_DISPLAY_NUMBER", "PIMARY_KEY_FLAG", "SHOW_ON_GRID", "TREE_INITIALIZATION_VALUE", "TREE_FIELD_TYPE"
            ,"EDITOR_TAB_CODE", "FIELD_TYPE", "COLUMN_DESCRIPTION", "IS_FROZEN_FLAG", "SHOW_HOVER_FLAG", "LOOKUP_CODE"
            ,"HOVER_COLUMN_CODE", "EDITOR_HEIGHT", "LOOKUP_FIELD_TYPE", "HELP_TEXT", "TEXT_MASK", "VALIDATION_REGEXP"
            ,"DEFAULT_ORDERBY_NUMBER", "DEFAULT_VALUE", "EDITOR_TITLE_ORIENTATION", "EDITOR_END_ROW_FLAG"
            ,"EDITOR_COLS_SPAN", "LOOKUP_DISPLAY_VALUE", "EDITOR_ON_ENTER_KEY_ACTION")
     Values ('SHEDULE_TYPES', 'SHEDULE_TYPE_CODE', 'Код', '*', 'S', '1002', 'Y', 'Y', '', '1', '', ''
            ,'**SHEDULE_TYPE_CODE', 'N', 'N', '', '', '', '1', '', '', '', '', '', 'L', 'Y', '*', '', '');

Insert Into FORM_COLUMNS
            ("FORM_CODE", "COLUMN_CODE", "COLUMN_USER_NAME", "COLUMN_DISPLAY_SIZE", "COLUMN_DATA_TYPE"
            ,"COLUMN_DISPLAY_NUMBER", "PIMARY_KEY_FLAG", "SHOW_ON_GRID", "TREE_INITIALIZATION_VALUE", "TREE_FIELD_TYPE"
            ,"EDITOR_TAB_CODE", "FIELD_TYPE", "COLUMN_DESCRIPTION", "IS_FROZEN_FLAG", "SHOW_HOVER_FLAG", "LOOKUP_CODE"
            ,"HOVER_COLUMN_CODE", "EDITOR_HEIGHT", "LOOKUP_FIELD_TYPE", "HELP_TEXT", "TEXT_MASK", "VALIDATION_REGEXP"
            ,"DEFAULT_ORDERBY_NUMBER", "DEFAULT_VALUE", "EDITOR_TITLE_ORIENTATION", "EDITOR_END_ROW_FLAG"
            ,"EDITOR_COLS_SPAN", "LOOKUP_DISPLAY_VALUE", "EDITOR_ON_ENTER_KEY_ACTION")
     Values ('SHEDULE_TYPES', 'SHEDULE_TYPE_ID', '', '*', 'N', '1001', 'Y', 'N', '', '1', '', '', '**SHEDULE_TYPE_ID'
            ,'N', 'N', '', '', '', '1', '', '', '', '', '', 'L', 'Y', '*', '', '');

Insert Into FORM_COLUMNS
            ("FORM_CODE", "COLUMN_CODE", "COLUMN_USER_NAME", "COLUMN_DISPLAY_SIZE", "COLUMN_DATA_TYPE"
            ,"COLUMN_DISPLAY_NUMBER", "PIMARY_KEY_FLAG", "SHOW_ON_GRID", "TREE_INITIALIZATION_VALUE", "TREE_FIELD_TYPE"
            ,"EDITOR_TAB_CODE", "FIELD_TYPE", "COLUMN_DESCRIPTION", "IS_FROZEN_FLAG", "SHOW_HOVER_FLAG", "LOOKUP_CODE"
            ,"HOVER_COLUMN_CODE", "EDITOR_HEIGHT", "LOOKUP_FIELD_TYPE", "HELP_TEXT", "TEXT_MASK", "VALIDATION_REGEXP"
            ,"DEFAULT_ORDERBY_NUMBER", "DEFAULT_VALUE", "EDITOR_TITLE_ORIENTATION", "EDITOR_END_ROW_FLAG"
            ,"EDITOR_COLS_SPAN", "LOOKUP_DISPLAY_VALUE", "EDITOR_ON_ENTER_KEY_ACTION")
     Values ('SHEDULE_TYPES', 'SHEDULE_TYPE_NAME', 'Наименование', '*', 'S', '1003', 'N', 'Y', '', '', '', ''
            ,'**SHEDULE_TYPE_NAME', 'N', 'N', '', '', '', '2', '', '', '', '', '', 'L', 'Y', '*', '', '');

Alter Table forms Enable VALIDATE Constraint forms_form_actions_fk;
Alter Table FORMS Enable All Triggers;

/*****************SHIFTS*********************/
Alter Table FORMS Disable All Triggers;
Alter Table forms Disable Constraint forms_form_actions_fk;
Delete From FORM_COLUMNS
      Where form_code = 'SHIFTS';
Delete From FORM_COLUMNS$
      Where form_code = 'SHIFTS';
Delete From FORM_ACTIONS
      Where form_code = 'SHIFTS';
Delete From FORM_TABS
      Where form_code = 'SHIFTS';
Delete From FORMS
      Where form_code = 'SHIFTS';
/*  Form: SHIFTS. Entity: FORMS.  */

Insert Into FORMS
            ("FORM_CODE", "HOT_KEY", "SQL_TEXT", "FORM_NAME", "FORM_TYPE", "SHOW_TREE_ROOT_NODE", "ICON_ID"
            ,"FORM_WIDTH", "FORM_HEIGHT", "BOTTOM_TABS_ORIENTATION", "SIDE_TABS_ORIENTATION", "SHOW_BOTTOM_TOOLBAR"
            ,"OBJECT_VERSION_NUMBER", "DEFAULT_COLUMN_WIDTH", "DESCRIPTION", "DOUBLE_CLICK_ACTION_CODE", "LOOKUP_WIDTH"
            ,"APPS_CODE", "EXPORT_ORDER")
     Values ('SHIFTS', '', 'select * from TC.SHIFTS', 'Смены', 'G', 'Y', '3', '35%', '*', '', '', 'Y', '13', '*', ''
            ,'', '', 'TC', '100');
/*  Form: SHIFTS. Entity: FORM_TABS.  */

Insert Into FORM_TABS
            ("FORM_CODE", "TAB_CODE", "CHILD_FORM_CODE", "TAB_POSITION", "TAB_NAME", "NUMBER_OF_COLUMNS", "ICON_ID"
            ,"TAB_TYPE", "TAB_DISPLAY_NUMBER")
     Values ('SHIFTS', 'SHIFT_HOURS', 'SHIFT_HOURS', 'R', '', '', '21', '2', '');
/*  Form: SHIFTS. Entity: FORM_ACTIONS.  */

Insert Into FORM_ACTIONS
            ("FORM_CODE", "ACTION_CODE", "PROCEDURE_NAME", "ACTION_DISPLAY_NAME", "ICON_ID", "DEFAULT_PARAM_PREFIX"
            ,"DEFAULT_OLD_PARAM_PREFIX", "ACTION_TYPE", "DISPLAY_NUMBER", "CONFIRM_TEXT", "HOT_KEY"
            ,"SHOW_SEPARATOR_BELOW", "DISPLAY_ON_TOOLBAR", "CHILD_FORM_CODE")
     Values ('SHIFTS', 'DEL', 'SHIFTS_PKG.p_delete', 'Удалить', '48', '', '', '3', '130'
            ,'Вы уверенны что хотите удалить запись?', '', 'N', 'Y', '');

Insert Into FORM_ACTIONS
            ("FORM_CODE", "ACTION_CODE", "PROCEDURE_NAME", "ACTION_DISPLAY_NAME", "ICON_ID", "DEFAULT_PARAM_PREFIX"
            ,"DEFAULT_OLD_PARAM_PREFIX", "ACTION_TYPE", "DISPLAY_NUMBER", "CONFIRM_TEXT", "HOT_KEY"
            ,"SHOW_SEPARATOR_BELOW", "DISPLAY_ON_TOOLBAR", "CHILD_FORM_CODE")
     Values ('SHIFTS', 'EDIT', '', 'Редактировать', '50', '', '', '8', '115', 'Вы уверенны?', '', 'N', 'Y', '');

Insert Into FORM_ACTIONS
            ("FORM_CODE", "ACTION_CODE", "PROCEDURE_NAME", "ACTION_DISPLAY_NAME", "ICON_ID", "DEFAULT_PARAM_PREFIX"
            ,"DEFAULT_OLD_PARAM_PREFIX", "ACTION_TYPE", "DISPLAY_NUMBER", "CONFIRM_TEXT", "HOT_KEY"
            ,"SHOW_SEPARATOR_BELOW", "DISPLAY_ON_TOOLBAR", "CHILD_FORM_CODE")
     Values ('SHIFTS', 'INS', '', 'Создать', '47', '', '', '1', '110', '', '', 'N', 'Y', '');

Insert Into FORM_ACTIONS
            ("FORM_CODE", "ACTION_CODE", "PROCEDURE_NAME", "ACTION_DISPLAY_NAME", "ICON_ID", "DEFAULT_PARAM_PREFIX"
            ,"DEFAULT_OLD_PARAM_PREFIX", "ACTION_TYPE", "DISPLAY_NUMBER", "CONFIRM_TEXT", "HOT_KEY"
            ,"SHOW_SEPARATOR_BELOW", "DISPLAY_ON_TOOLBAR", "CHILD_FORM_CODE")
     Values ('SHIFTS', 'REFR', '', 'Обновить', '15', '', '', '4', '10', '', '', 'N', 'Y', '');

Insert Into FORM_ACTIONS
            ("FORM_CODE", "ACTION_CODE", "PROCEDURE_NAME", "ACTION_DISPLAY_NAME", "ICON_ID", "DEFAULT_PARAM_PREFIX"
            ,"DEFAULT_OLD_PARAM_PREFIX", "ACTION_TYPE", "DISPLAY_NUMBER", "CONFIRM_TEXT", "HOT_KEY"
            ,"SHOW_SEPARATOR_BELOW", "DISPLAY_ON_TOOLBAR", "CHILD_FORM_CODE")
     Values ('SHIFTS', 'UPD', 'SHIFTS_PKG.p_ins_upd', 'Сохранить', '46', '', '', '2', '120', 'Вы уверенны?', '', 'N'
            ,'Y', '');
/*  Form: SHIFTS. Entity: FORM_COLUMNS$.  */

Insert Into FORM_COLUMNS$
            ("COL_NUM", "COL_TYPE", "COL_MAX_LEN", "COL_NAME", "COL_NAME_LEN", "COL_PRECISION", "COL_SCALE"
            ,"FORM_CODE", "PIMARY_KEY_FLAG", "DEFAULT_COLUMN_WIDTH", "COLUMN_DESCRIPTION")
     Values ('2', 'VARCHAR2', '80', 'SHIFT_CODE', '10', '0', '0', 'SHIFTS', 'Y', '*', '**SHIFT_CODE');

Insert Into FORM_COLUMNS$
            ("COL_NUM", "COL_TYPE", "COL_MAX_LEN", "COL_NAME", "COL_NAME_LEN", "COL_PRECISION", "COL_SCALE"
            ,"FORM_CODE", "PIMARY_KEY_FLAG", "DEFAULT_COLUMN_WIDTH", "COLUMN_DESCRIPTION")
     Values ('1', 'NUMBER', '22', 'SHIFT_ID', '8', '0', '-127', 'SHIFTS', 'Y', '*', '**SHIFT_ID');

Insert Into FORM_COLUMNS$
            ("COL_NUM", "COL_TYPE", "COL_MAX_LEN", "COL_NAME", "COL_NAME_LEN", "COL_PRECISION", "COL_SCALE"
            ,"FORM_CODE", "PIMARY_KEY_FLAG", "DEFAULT_COLUMN_WIDTH", "COLUMN_DESCRIPTION")
     Values ('3', 'VARCHAR2', '1020', 'SHIFT_NAME', '10', '0', '0', 'SHIFTS', '', '*', '**SHIFT_NAME');
/*  Form: SHIFTS. Entity: FORM_COLUMNS.  */

Insert Into FORM_COLUMNS
            ("FORM_CODE", "COLUMN_CODE", "COLUMN_USER_NAME", "COLUMN_DISPLAY_SIZE", "COLUMN_DATA_TYPE"
            ,"COLUMN_DISPLAY_NUMBER", "PIMARY_KEY_FLAG", "SHOW_ON_GRID", "TREE_INITIALIZATION_VALUE", "TREE_FIELD_TYPE"
            ,"EDITOR_TAB_CODE", "FIELD_TYPE", "COLUMN_DESCRIPTION", "IS_FROZEN_FLAG", "SHOW_HOVER_FLAG", "LOOKUP_CODE"
            ,"HOVER_COLUMN_CODE", "EDITOR_HEIGHT", "LOOKUP_FIELD_TYPE", "HELP_TEXT", "TEXT_MASK", "VALIDATION_REGEXP"
            ,"DEFAULT_ORDERBY_NUMBER", "DEFAULT_VALUE", "EDITOR_TITLE_ORIENTATION", "EDITOR_END_ROW_FLAG"
            ,"EDITOR_COLS_SPAN", "LOOKUP_DISPLAY_VALUE", "EDITOR_ON_ENTER_KEY_ACTION")
     Values ('SHIFTS', 'SHIFT_CODE', 'Код', '60', 'S', '1002', 'Y', 'Y', '', '1', '', '', '**SHIFT_CODE', 'N', 'N', ''
            ,'', '', '1', '', '', '', '', '', 'L', 'Y', '*', '', '');

Insert Into FORM_COLUMNS
            ("FORM_CODE", "COLUMN_CODE", "COLUMN_USER_NAME", "COLUMN_DISPLAY_SIZE", "COLUMN_DATA_TYPE"
            ,"COLUMN_DISPLAY_NUMBER", "PIMARY_KEY_FLAG", "SHOW_ON_GRID", "TREE_INITIALIZATION_VALUE", "TREE_FIELD_TYPE"
            ,"EDITOR_TAB_CODE", "FIELD_TYPE", "COLUMN_DESCRIPTION", "IS_FROZEN_FLAG", "SHOW_HOVER_FLAG", "LOOKUP_CODE"
            ,"HOVER_COLUMN_CODE", "EDITOR_HEIGHT", "LOOKUP_FIELD_TYPE", "HELP_TEXT", "TEXT_MASK", "VALIDATION_REGEXP"
            ,"DEFAULT_ORDERBY_NUMBER", "DEFAULT_VALUE", "EDITOR_TITLE_ORIENTATION", "EDITOR_END_ROW_FLAG"
            ,"EDITOR_COLS_SPAN", "LOOKUP_DISPLAY_VALUE", "EDITOR_ON_ENTER_KEY_ACTION")
     Values ('SHIFTS', 'SHIFT_ID', '', '*', 'N', '1001', 'Y', 'N', '', '1', '', '', '**SHIFT_ID', 'N', 'N', '', '', ''
            ,'1', '', '', '', '', '', 'L', 'Y', '*', '', '');

Insert Into FORM_COLUMNS
            ("FORM_CODE", "COLUMN_CODE", "COLUMN_USER_NAME", "COLUMN_DISPLAY_SIZE", "COLUMN_DATA_TYPE"
            ,"COLUMN_DISPLAY_NUMBER", "PIMARY_KEY_FLAG", "SHOW_ON_GRID", "TREE_INITIALIZATION_VALUE", "TREE_FIELD_TYPE"
            ,"EDITOR_TAB_CODE", "FIELD_TYPE", "COLUMN_DESCRIPTION", "IS_FROZEN_FLAG", "SHOW_HOVER_FLAG", "LOOKUP_CODE"
            ,"HOVER_COLUMN_CODE", "EDITOR_HEIGHT", "LOOKUP_FIELD_TYPE", "HELP_TEXT", "TEXT_MASK", "VALIDATION_REGEXP"
            ,"DEFAULT_ORDERBY_NUMBER", "DEFAULT_VALUE", "EDITOR_TITLE_ORIENTATION", "EDITOR_END_ROW_FLAG"
            ,"EDITOR_COLS_SPAN", "LOOKUP_DISPLAY_VALUE", "EDITOR_ON_ENTER_KEY_ACTION")
     Values ('SHIFTS', 'SHIFT_NAME', 'Наименование', '*', 'S', '1003', 'N', 'Y', '', '', '', '', '**SHIFT_NAME', 'N'
            ,'N', '', '', '', '2', '', '', '', '', '', 'L', 'Y', '*', '', '');

Alter Table forms Enable VALIDATE Constraint forms_form_actions_fk;
Alter Table FORMS Enable All Triggers;

/*****************SHIFT_HOURS*********************/
Alter Table FORMS Disable All Triggers;
Alter Table forms Disable Constraint forms_form_actions_fk;
Delete From FORM_COLUMNS
      Where form_code = 'SHIFT_HOURS';
Delete From FORM_COLUMNS$
      Where form_code = 'SHIFT_HOURS';
Delete From FORM_ACTIONS
      Where form_code = 'SHIFT_HOURS';
Delete From FORM_TABS
      Where form_code = 'SHIFT_HOURS';
Delete From FORMS
      Where form_code = 'SHIFT_HOURS';
/*  Form: SHIFT_HOURS. Entity: FORMS.  */

Insert Into FORMS
            ("FORM_CODE", "HOT_KEY", "SQL_TEXT", "FORM_NAME", "FORM_TYPE", "SHOW_TREE_ROOT_NODE", "ICON_ID"
            ,"FORM_WIDTH", "FORM_HEIGHT", "BOTTOM_TABS_ORIENTATION", "SIDE_TABS_ORIENTATION", "SHOW_BOTTOM_TOOLBAR"
            ,"OBJECT_VERSION_NUMBER", "DEFAULT_COLUMN_WIDTH", "DESCRIPTION", "DOUBLE_CLICK_ACTION_CODE", "LOOKUP_WIDTH"
            ,"APPS_CODE", "EXPORT_ORDER")
     Values ('SHIFT_HOURS', ''
            ,'Select t.shitf_hours_id, t.shift_code, t.hours_type_code, TO_CHAR (t.time_from, ''hh24:mi'') As time_from
      ,TO_CHAR (t.time_to, ''hh24:mi'') time_to
      ,TO_CHAR (To_date (''01.01.2001'', ''dd.mm.yyyy'') + NVL (((t.time_to - t.time_from)), (t.hours - TRUNC (t.hours)))
               ,''hh24:mi''
               ) As hours
  From tc.shift_hours t
 Where t.shift_code = :shift_code
'
            ,'Часы смены', 'G', 'Y', '', '*', '*', '', '', 'Y', '32', '*', '', '', '', 'TC', '100');
/*  Form: SHIFT_HOURS. Entity: FORM_TABS.  */
/*  Form: SHIFT_HOURS. Entity: FORM_ACTIONS.  */

Insert Into FORM_ACTIONS
            ("FORM_CODE", "ACTION_CODE", "PROCEDURE_NAME", "ACTION_DISPLAY_NAME", "ICON_ID", "DEFAULT_PARAM_PREFIX"
            ,"DEFAULT_OLD_PARAM_PREFIX", "ACTION_TYPE", "DISPLAY_NUMBER", "CONFIRM_TEXT", "HOT_KEY"
            ,"SHOW_SEPARATOR_BELOW", "DISPLAY_ON_TOOLBAR", "CHILD_FORM_CODE")
     Values ('SHIFT_HOURS', 'DEL', 'SHIFT_HOURS_PKG.p_delete', 'Удалить', '48', '', '', '3', '130'
            ,'Вы уверенны что хотите удалить запись?', '', 'N', 'Y', '');

Insert Into FORM_ACTIONS
            ("FORM_CODE", "ACTION_CODE", "PROCEDURE_NAME", "ACTION_DISPLAY_NAME", "ICON_ID", "DEFAULT_PARAM_PREFIX"
            ,"DEFAULT_OLD_PARAM_PREFIX", "ACTION_TYPE", "DISPLAY_NUMBER", "CONFIRM_TEXT", "HOT_KEY"
            ,"SHOW_SEPARATOR_BELOW", "DISPLAY_ON_TOOLBAR", "CHILD_FORM_CODE")
     Values ('SHIFT_HOURS', 'EDIT', '', 'Редактировать', '50', '', '', '8', '115', 'Вы уверенны?', '', 'N', 'Y', '');

Insert Into FORM_ACTIONS
            ("FORM_CODE", "ACTION_CODE", "PROCEDURE_NAME", "ACTION_DISPLAY_NAME", "ICON_ID", "DEFAULT_PARAM_PREFIX"
            ,"DEFAULT_OLD_PARAM_PREFIX", "ACTION_TYPE", "DISPLAY_NUMBER", "CONFIRM_TEXT", "HOT_KEY"
            ,"SHOW_SEPARATOR_BELOW", "DISPLAY_ON_TOOLBAR", "CHILD_FORM_CODE")
     Values ('SHIFT_HOURS', 'INS', '', 'Создать', '47', '', '', '1', '110', '', '', 'N', 'Y', '');

Insert Into FORM_ACTIONS
            ("FORM_CODE", "ACTION_CODE", "PROCEDURE_NAME", "ACTION_DISPLAY_NAME", "ICON_ID", "DEFAULT_PARAM_PREFIX"
            ,"DEFAULT_OLD_PARAM_PREFIX", "ACTION_TYPE", "DISPLAY_NUMBER", "CONFIRM_TEXT", "HOT_KEY"
            ,"SHOW_SEPARATOR_BELOW", "DISPLAY_ON_TOOLBAR", "CHILD_FORM_CODE")
     Values ('SHIFT_HOURS', 'REFR', '', 'Обновить', '15', '', '', '4', '10', '', '', 'N', 'Y', '');

Insert Into FORM_ACTIONS
            ("FORM_CODE", "ACTION_CODE", "PROCEDURE_NAME", "ACTION_DISPLAY_NAME", "ICON_ID", "DEFAULT_PARAM_PREFIX"
            ,"DEFAULT_OLD_PARAM_PREFIX", "ACTION_TYPE", "DISPLAY_NUMBER", "CONFIRM_TEXT", "HOT_KEY"
            ,"SHOW_SEPARATOR_BELOW", "DISPLAY_ON_TOOLBAR", "CHILD_FORM_CODE")
     Values ('SHIFT_HOURS', 'UPD', 'SHIFT_HOURS_PKG.p_ins_upd', 'Сохранить', '46', '', '', '2', '120', 'Вы уверенны?'
            ,'', 'N', 'Y', '');
/*  Form: SHIFT_HOURS. Entity: FORM_COLUMNS$.  */

Insert Into FORM_COLUMNS$
            ("COL_NUM", "COL_TYPE", "COL_MAX_LEN", "COL_NAME", "COL_NAME_LEN", "COL_PRECISION", "COL_SCALE"
            ,"FORM_CODE", "PIMARY_KEY_FLAG", "DEFAULT_COLUMN_WIDTH", "COLUMN_DESCRIPTION")
     Values ('6', 'VARCHAR2', '5', 'HOURS', '5', '0', '0', 'SHIFT_HOURS', '', '*'
            ,'*Отработанные часы для определения суммы переброски');

Insert Into FORM_COLUMNS$
            ("COL_NUM", "COL_TYPE", "COL_MAX_LEN", "COL_NAME", "COL_NAME_LEN", "COL_PRECISION", "COL_SCALE"
            ,"FORM_CODE", "PIMARY_KEY_FLAG", "DEFAULT_COLUMN_WIDTH", "COLUMN_DESCRIPTION")
     Values ('3', 'VARCHAR2', '80', 'HOURS_TYPE_CODE', '15', '0', '0', 'SHIFT_HOURS', 'Y', '*', '**HOURS_TYPE_CODE');

Insert Into FORM_COLUMNS$
            ("COL_NUM", "COL_TYPE", "COL_MAX_LEN", "COL_NAME", "COL_NAME_LEN", "COL_PRECISION", "COL_SCALE"
            ,"FORM_CODE", "PIMARY_KEY_FLAG", "DEFAULT_COLUMN_WIDTH", "COLUMN_DESCRIPTION")
     Values ('2', 'VARCHAR2', '80', 'SHIFT_CODE', '10', '0', '0', 'SHIFT_HOURS', 'Y', '*', '**SHIFT_CODE');

Insert Into FORM_COLUMNS$
            ("COL_NUM", "COL_TYPE", "COL_MAX_LEN", "COL_NAME", "COL_NAME_LEN", "COL_PRECISION", "COL_SCALE"
            ,"FORM_CODE", "PIMARY_KEY_FLAG", "DEFAULT_COLUMN_WIDTH", "COLUMN_DESCRIPTION")
     Values ('1', 'NUMBER', '22', 'SHITF_HOURS_ID', '14', '0', '-127', 'SHIFT_HOURS', 'Y', '*', '**SHITF_HOURS_ID');

Insert Into FORM_COLUMNS$
            ("COL_NUM", "COL_TYPE", "COL_MAX_LEN", "COL_NAME", "COL_NAME_LEN", "COL_PRECISION", "COL_SCALE"
            ,"FORM_CODE", "PIMARY_KEY_FLAG", "DEFAULT_COLUMN_WIDTH", "COLUMN_DESCRIPTION")
     Values ('4', 'VARCHAR2', '5', 'TIME_FROM', '9', '0', '0', 'SHIFT_HOURS', '', '*', '**TIME_FROM');

Insert Into FORM_COLUMNS$
            ("COL_NUM", "COL_TYPE", "COL_MAX_LEN", "COL_NAME", "COL_NAME_LEN", "COL_PRECISION", "COL_SCALE"
            ,"FORM_CODE", "PIMARY_KEY_FLAG", "DEFAULT_COLUMN_WIDTH", "COLUMN_DESCRIPTION")
     Values ('5', 'VARCHAR2', '5', 'TIME_TO', '7', '0', '0', 'SHIFT_HOURS', '', '*', '**TIME_TO');
/*  Form: SHIFT_HOURS. Entity: FORM_COLUMNS.  */

Insert Into FORM_COLUMNS
            ("FORM_CODE", "COLUMN_CODE", "COLUMN_USER_NAME", "COLUMN_DISPLAY_SIZE", "COLUMN_DATA_TYPE"
            ,"COLUMN_DISPLAY_NUMBER", "PIMARY_KEY_FLAG", "SHOW_ON_GRID", "TREE_INITIALIZATION_VALUE", "TREE_FIELD_TYPE"
            ,"EDITOR_TAB_CODE", "FIELD_TYPE", "COLUMN_DESCRIPTION", "IS_FROZEN_FLAG", "SHOW_HOVER_FLAG", "LOOKUP_CODE"
            ,"HOVER_COLUMN_CODE", "EDITOR_HEIGHT", "LOOKUP_FIELD_TYPE", "HELP_TEXT", "TEXT_MASK", "VALIDATION_REGEXP"
            ,"DEFAULT_ORDERBY_NUMBER", "DEFAULT_VALUE", "EDITOR_TITLE_ORIENTATION", "EDITOR_END_ROW_FLAG"
            ,"EDITOR_COLS_SPAN", "LOOKUP_DISPLAY_VALUE", "EDITOR_ON_ENTER_KEY_ACTION")
     Values ('SHIFT_HOURS', 'HOURS', 'Часы', '*', 'S', '1006', 'N', 'Y', '', '', '', '', '', 'N', 'N', '', '', '', ''
            ,'', '', '', '', '', 'L', 'Y', '*', '', '');

Insert Into FORM_COLUMNS
            ("FORM_CODE", "COLUMN_CODE", "COLUMN_USER_NAME", "COLUMN_DISPLAY_SIZE", "COLUMN_DATA_TYPE"
            ,"COLUMN_DISPLAY_NUMBER", "PIMARY_KEY_FLAG", "SHOW_ON_GRID", "TREE_INITIALIZATION_VALUE", "TREE_FIELD_TYPE"
            ,"EDITOR_TAB_CODE", "FIELD_TYPE", "COLUMN_DESCRIPTION", "IS_FROZEN_FLAG", "SHOW_HOVER_FLAG", "LOOKUP_CODE"
            ,"HOVER_COLUMN_CODE", "EDITOR_HEIGHT", "LOOKUP_FIELD_TYPE", "HELP_TEXT", "TEXT_MASK", "VALIDATION_REGEXP"
            ,"DEFAULT_ORDERBY_NUMBER", "DEFAULT_VALUE", "EDITOR_TITLE_ORIENTATION", "EDITOR_END_ROW_FLAG"
            ,"EDITOR_COLS_SPAN", "LOOKUP_DISPLAY_VALUE", "EDITOR_ON_ENTER_KEY_ACTION")
     Values ('SHIFT_HOURS', 'HOURS_TYPE_CODE', 'Тип часов', '20%', 'S', '1003', 'Y', 'Y', '', '1', '', '9'
            ,'**HOURS_TYPE_CODE', 'N', 'N', 'HOURS_TYPES', '', '', '1', '', '', '', '', '', 'L', 'Y', '*', '', '');

Insert Into FORM_COLUMNS
            ("FORM_CODE", "COLUMN_CODE", "COLUMN_USER_NAME", "COLUMN_DISPLAY_SIZE", "COLUMN_DATA_TYPE"
            ,"COLUMN_DISPLAY_NUMBER", "PIMARY_KEY_FLAG", "SHOW_ON_GRID", "TREE_INITIALIZATION_VALUE", "TREE_FIELD_TYPE"
            ,"EDITOR_TAB_CODE", "FIELD_TYPE", "COLUMN_DESCRIPTION", "IS_FROZEN_FLAG", "SHOW_HOVER_FLAG", "LOOKUP_CODE"
            ,"HOVER_COLUMN_CODE", "EDITOR_HEIGHT", "LOOKUP_FIELD_TYPE", "HELP_TEXT", "TEXT_MASK", "VALIDATION_REGEXP"
            ,"DEFAULT_ORDERBY_NUMBER", "DEFAULT_VALUE", "EDITOR_TITLE_ORIENTATION", "EDITOR_END_ROW_FLAG"
            ,"EDITOR_COLS_SPAN", "LOOKUP_DISPLAY_VALUE", "EDITOR_ON_ENTER_KEY_ACTION")
     Values ('SHIFT_HOURS', 'SHIFT_CODE', 'Смена', '40%', 'S', '1002', 'Y', 'N', '', '1', '', '9', '**SHIFT_CODE', 'N'
            ,'N', 'SHIFTS', '', '', '1', '', '', '', '', ':SHIFT_CODE', 'L', 'Y', '*', '', '');

Insert Into FORM_COLUMNS
            ("FORM_CODE", "COLUMN_CODE", "COLUMN_USER_NAME", "COLUMN_DISPLAY_SIZE", "COLUMN_DATA_TYPE"
            ,"COLUMN_DISPLAY_NUMBER", "PIMARY_KEY_FLAG", "SHOW_ON_GRID", "TREE_INITIALIZATION_VALUE", "TREE_FIELD_TYPE"
            ,"EDITOR_TAB_CODE", "FIELD_TYPE", "COLUMN_DESCRIPTION", "IS_FROZEN_FLAG", "SHOW_HOVER_FLAG", "LOOKUP_CODE"
            ,"HOVER_COLUMN_CODE", "EDITOR_HEIGHT", "LOOKUP_FIELD_TYPE", "HELP_TEXT", "TEXT_MASK", "VALIDATION_REGEXP"
            ,"DEFAULT_ORDERBY_NUMBER", "DEFAULT_VALUE", "EDITOR_TITLE_ORIENTATION", "EDITOR_END_ROW_FLAG"
            ,"EDITOR_COLS_SPAN", "LOOKUP_DISPLAY_VALUE", "EDITOR_ON_ENTER_KEY_ACTION")
     Values ('SHIFT_HOURS', 'SHITF_HOURS_ID', '', '*', 'N', '1001', 'Y', 'N', '', '1', '', '', '**SHITF_HOURS_ID', 'N'
            ,'N', '', '', '', '1', '', '', '', '', '', 'L', 'Y', '*', '', '');

Insert Into FORM_COLUMNS
            ("FORM_CODE", "COLUMN_CODE", "COLUMN_USER_NAME", "COLUMN_DISPLAY_SIZE", "COLUMN_DATA_TYPE"
            ,"COLUMN_DISPLAY_NUMBER", "PIMARY_KEY_FLAG", "SHOW_ON_GRID", "TREE_INITIALIZATION_VALUE", "TREE_FIELD_TYPE"
            ,"EDITOR_TAB_CODE", "FIELD_TYPE", "COLUMN_DESCRIPTION", "IS_FROZEN_FLAG", "SHOW_HOVER_FLAG", "LOOKUP_CODE"
            ,"HOVER_COLUMN_CODE", "EDITOR_HEIGHT", "LOOKUP_FIELD_TYPE", "HELP_TEXT", "TEXT_MASK", "VALIDATION_REGEXP"
            ,"DEFAULT_ORDERBY_NUMBER", "DEFAULT_VALUE", "EDITOR_TITLE_ORIENTATION", "EDITOR_END_ROW_FLAG"
            ,"EDITOR_COLS_SPAN", "LOOKUP_DISPLAY_VALUE", "EDITOR_ON_ENTER_KEY_ACTION")
     Values ('SHIFT_HOURS', 'TIME_FROM', 'Время с', '*', 'S', '1004', 'N', 'Y', '', '', '', '', '**TIME_FROM', 'N', 'N'
            ,'', '', '', '', '', '', '', '', '', 'L', 'Y', '*', '', '');

Insert Into FORM_COLUMNS
            ("FORM_CODE", "COLUMN_CODE", "COLUMN_USER_NAME", "COLUMN_DISPLAY_SIZE", "COLUMN_DATA_TYPE"
            ,"COLUMN_DISPLAY_NUMBER", "PIMARY_KEY_FLAG", "SHOW_ON_GRID", "TREE_INITIALIZATION_VALUE", "TREE_FIELD_TYPE"
            ,"EDITOR_TAB_CODE", "FIELD_TYPE", "COLUMN_DESCRIPTION", "IS_FROZEN_FLAG", "SHOW_HOVER_FLAG", "LOOKUP_CODE"
            ,"HOVER_COLUMN_CODE", "EDITOR_HEIGHT", "LOOKUP_FIELD_TYPE", "HELP_TEXT", "TEXT_MASK", "VALIDATION_REGEXP"
            ,"DEFAULT_ORDERBY_NUMBER", "DEFAULT_VALUE", "EDITOR_TITLE_ORIENTATION", "EDITOR_END_ROW_FLAG"
            ,"EDITOR_COLS_SPAN", "LOOKUP_DISPLAY_VALUE", "EDITOR_ON_ENTER_KEY_ACTION")
     Values ('SHIFT_HOURS', 'TIME_TO', 'Время по', '*', 'S', '1005', 'N', 'Y', '', '', '', '', '**TIME_TO', 'N', 'N'
            ,'', '', '', '', '', '', '', '', '', 'L', 'Y', '*', '', '');

Alter Table forms Enable VALIDATE Constraint forms_form_actions_fk;
Alter Table FORMS Enable All Triggers;

