
/*****************ACCOUNTS_GEN*********************/
Alter Table FORMS Disable All Triggers;
Alter Table forms Disable Constraint forms_form_actions_fk;
Delete From FORM_COLUMNS
      Where form_code = 'ACCOUNTS_GEN';
Delete From FORM_COLUMNS$
      Where form_code = 'ACCOUNTS_GEN';
Delete From FORM_ACTIONS
      Where form_code = 'ACCOUNTS_GEN';
Delete From FORM_TABS
      Where form_code = 'ACCOUNTS_GEN';
Delete From FORMS
      Where form_code = 'ACCOUNTS_GEN';
/*  Form: ACCOUNTS_GEN. Entity: FORMS.  */

Insert Into FORMS
            ("FORM_CODE", "HOT_KEY", "SQL_TEXT", "FORM_NAME", "FORM_TYPE", "SHOW_TREE_ROOT_NODE", "ICON_ID"
            ,"FORM_WIDTH", "FORM_HEIGHT", "BOTTOM_TABS_ORIENTATION", "SIDE_TABS_ORIENTATION", "SHOW_BOTTOM_TOOLBAR"
            ,"OBJECT_VERSION_NUMBER", "DEFAULT_COLUMN_WIDTH", "DESCRIPTION", "DOUBLE_CLICK_ACTION_CODE", "LOOKUP_WIDTH"
            ,"APPS_CODE", "EXPORT_ORDER")
     Values ('ACCOUNTS_GEN', ''
            ,'Select   a.account_num, a.company_id, a.posting_date
    From ins.ins_account_lines a
Group By a.account_num, a.company_id, a.posting_date
'
            ,'Счета 2', 'G', 'Y', '', '*', '*', '', '', 'Y', '9', '*', '', '', '', 'INS', '100');
/*  Form: ACCOUNTS_GEN. Entity: FORM_TABS.  */

Insert Into FORM_TABS
            ("FORM_CODE", "TAB_CODE", "CHILD_FORM_CODE", "TAB_POSITION", "TAB_NAME", "NUMBER_OF_COLUMNS", "ICON_ID"
            ,"TAB_TYPE", "TAB_DISPLAY_NUMBER")
     Values ('ACCOUNTS_GEN', 'ACCNT_LINES', 'INS_INS_ACCOUNT_LINES', 'B', 'Строки', '', '13', '2', '1');
/*  Form: ACCOUNTS_GEN. Entity: FORM_ACTIONS.  */

Insert Into FORM_ACTIONS
            ("FORM_CODE", "ACTION_CODE", "PROCEDURE_NAME", "ACTION_DISPLAY_NAME", "ICON_ID", "DEFAULT_PARAM_PREFIX"
            ,"DEFAULT_OLD_PARAM_PREFIX", "ACTION_TYPE", "DISPLAY_NUMBER", "CONFIRM_TEXT", "HOT_KEY"
            ,"SHOW_SEPARATOR_BELOW", "DISPLAY_ON_TOOLBAR", "CHILD_FORM_CODE")
     Values ('ACCOUNTS_GEN', 'DEL', 'ACCOUNTS_GEN_PKG.p_delete', 'Удалить', '48', '', '', '3', '130'
            ,'Вы уверенны что хотите удалить запись?', '', 'N', 'Y', '');

Insert Into FORM_ACTIONS
            ("FORM_CODE", "ACTION_CODE", "PROCEDURE_NAME", "ACTION_DISPLAY_NAME", "ICON_ID", "DEFAULT_PARAM_PREFIX"
            ,"DEFAULT_OLD_PARAM_PREFIX", "ACTION_TYPE", "DISPLAY_NUMBER", "CONFIRM_TEXT", "HOT_KEY"
            ,"SHOW_SEPARATOR_BELOW", "DISPLAY_ON_TOOLBAR", "CHILD_FORM_CODE")
     Values ('ACCOUNTS_GEN', 'EDIT', '', 'Редактировать', '50', '', '', '8', '115', 'Вы уверенны?', '', 'N', 'Y', '');

Insert Into FORM_ACTIONS
            ("FORM_CODE", "ACTION_CODE", "PROCEDURE_NAME", "ACTION_DISPLAY_NAME", "ICON_ID", "DEFAULT_PARAM_PREFIX"
            ,"DEFAULT_OLD_PARAM_PREFIX", "ACTION_TYPE", "DISPLAY_NUMBER", "CONFIRM_TEXT", "HOT_KEY"
            ,"SHOW_SEPARATOR_BELOW", "DISPLAY_ON_TOOLBAR", "CHILD_FORM_CODE")
     Values ('ACCOUNTS_GEN', 'INS', '', 'Создать', '47', '', '', '1', '110', '', '', 'N', 'Y', '');

Insert Into FORM_ACTIONS
            ("FORM_CODE", "ACTION_CODE", "PROCEDURE_NAME", "ACTION_DISPLAY_NAME", "ICON_ID", "DEFAULT_PARAM_PREFIX"
            ,"DEFAULT_OLD_PARAM_PREFIX", "ACTION_TYPE", "DISPLAY_NUMBER", "CONFIRM_TEXT", "HOT_KEY"
            ,"SHOW_SEPARATOR_BELOW", "DISPLAY_ON_TOOLBAR", "CHILD_FORM_CODE")
     Values ('ACCOUNTS_GEN', 'REFR', '', 'Обновить', '15', '', '', '4', '10', '', '', 'N', 'Y', '');

Insert Into FORM_ACTIONS
            ("FORM_CODE", "ACTION_CODE", "PROCEDURE_NAME", "ACTION_DISPLAY_NAME", "ICON_ID", "DEFAULT_PARAM_PREFIX"
            ,"DEFAULT_OLD_PARAM_PREFIX", "ACTION_TYPE", "DISPLAY_NUMBER", "CONFIRM_TEXT", "HOT_KEY"
            ,"SHOW_SEPARATOR_BELOW", "DISPLAY_ON_TOOLBAR", "CHILD_FORM_CODE")
     Values ('ACCOUNTS_GEN', 'UPD', 'ACCOUNTS_GEN_PKG.p_ins_upd', 'Сохранить', '46', '', '', '2', '120', 'Вы уверенны?'
            ,'', 'N', 'Y', '');
/*  Form: ACCOUNTS_GEN. Entity: FORM_COLUMNS$.  */

Insert Into FORM_COLUMNS$
            ("COL_NUM", "COL_TYPE", "COL_MAX_LEN", "COL_NAME", "COL_NAME_LEN", "COL_PRECISION", "COL_SCALE"
            ,"FORM_CODE", "PIMARY_KEY_FLAG", "DEFAULT_COLUMN_WIDTH", "COLUMN_DESCRIPTION")
     Values ('1', 'VARCHAR2', '400', 'ACCOUNT_NUM', '11', '0', '0', 'ACCOUNTS_GEN', '', '*', '**ACCOUNT_NUM');

Insert Into FORM_COLUMNS$
            ("COL_NUM", "COL_TYPE", "COL_MAX_LEN", "COL_NAME", "COL_NAME_LEN", "COL_PRECISION", "COL_SCALE"
            ,"FORM_CODE", "PIMARY_KEY_FLAG", "DEFAULT_COLUMN_WIDTH", "COLUMN_DESCRIPTION")
     Values ('2', 'NUMBER', '22', 'COMPANY_ID', '10', '0', '-127', 'ACCOUNTS_GEN', '', '*', '**COMPANY_ID');

Insert Into FORM_COLUMNS$
            ("COL_NUM", "COL_TYPE", "COL_MAX_LEN", "COL_NAME", "COL_NAME_LEN", "COL_PRECISION", "COL_SCALE"
            ,"FORM_CODE", "PIMARY_KEY_FLAG", "DEFAULT_COLUMN_WIDTH", "COLUMN_DESCRIPTION")
     Values ('3', 'DATE', '7', 'POSTING_DATE', '12', '0', '0', 'ACCOUNTS_GEN', '', '*', '**POSTING_DATE');
/*  Form: ACCOUNTS_GEN. Entity: FORM_COLUMNS.  */

Insert Into FORM_COLUMNS
            ("FORM_CODE", "COLUMN_CODE", "COLUMN_USER_NAME", "COLUMN_DISPLAY_SIZE", "COLUMN_DATA_TYPE"
            ,"COLUMN_DISPLAY_NUMBER", "PIMARY_KEY_FLAG", "SHOW_ON_GRID", "TREE_INITIALIZATION_VALUE", "TREE_FIELD_TYPE"
            ,"EDITOR_TAB_CODE", "FIELD_TYPE", "COLUMN_DESCRIPTION", "IS_FROZEN_FLAG", "SHOW_HOVER_FLAG", "LOOKUP_CODE"
            ,"HOVER_COLUMN_CODE", "EDITOR_HEIGHT", "LOOKUP_FIELD_TYPE", "HELP_TEXT", "TEXT_MASK", "VALIDATION_REGEXP"
            ,"DEFAULT_ORDERBY_NUMBER", "DEFAULT_VALUE", "EDITOR_TITLE_ORIENTATION", "EDITOR_END_ROW_FLAG"
            ,"EDITOR_COLS_SPAN", "LOOKUP_DISPLAY_VALUE", "EDITOR_ON_ENTER_KEY_ACTION")
     Values ('ACCOUNTS_GEN', 'ACCOUNT_NUM', '№ счета', '*', 'S', '1001', 'N', 'Y', '', '', '', '', '**ACCOUNT_NUM', 'N'
            ,'N', '', '', '', '', '', '', '', '', '', 'L', 'Y', '*', '', '');

Insert Into FORM_COLUMNS
            ("FORM_CODE", "COLUMN_CODE", "COLUMN_USER_NAME", "COLUMN_DISPLAY_SIZE", "COLUMN_DATA_TYPE"
            ,"COLUMN_DISPLAY_NUMBER", "PIMARY_KEY_FLAG", "SHOW_ON_GRID", "TREE_INITIALIZATION_VALUE", "TREE_FIELD_TYPE"
            ,"EDITOR_TAB_CODE", "FIELD_TYPE", "COLUMN_DESCRIPTION", "IS_FROZEN_FLAG", "SHOW_HOVER_FLAG", "LOOKUP_CODE"
            ,"HOVER_COLUMN_CODE", "EDITOR_HEIGHT", "LOOKUP_FIELD_TYPE", "HELP_TEXT", "TEXT_MASK", "VALIDATION_REGEXP"
            ,"DEFAULT_ORDERBY_NUMBER", "DEFAULT_VALUE", "EDITOR_TITLE_ORIENTATION", "EDITOR_END_ROW_FLAG"
            ,"EDITOR_COLS_SPAN", "LOOKUP_DISPLAY_VALUE", "EDITOR_ON_ENTER_KEY_ACTION")
     Values ('ACCOUNTS_GEN', 'COMPANY_ID', 'Мед.учереждение', '*', 'N', '1002', 'N', 'Y', '', '', '', '9'
            ,'**COMPANY_ID', 'N', 'N', 'INS_COMPANY_LIST', '', '', '', '', '', '', '', '', 'L', 'Y', '*', '', '');

Insert Into FORM_COLUMNS
            ("FORM_CODE", "COLUMN_CODE", "COLUMN_USER_NAME", "COLUMN_DISPLAY_SIZE", "COLUMN_DATA_TYPE"
            ,"COLUMN_DISPLAY_NUMBER", "PIMARY_KEY_FLAG", "SHOW_ON_GRID", "TREE_INITIALIZATION_VALUE", "TREE_FIELD_TYPE"
            ,"EDITOR_TAB_CODE", "FIELD_TYPE", "COLUMN_DESCRIPTION", "IS_FROZEN_FLAG", "SHOW_HOVER_FLAG", "LOOKUP_CODE"
            ,"HOVER_COLUMN_CODE", "EDITOR_HEIGHT", "LOOKUP_FIELD_TYPE", "HELP_TEXT", "TEXT_MASK", "VALIDATION_REGEXP"
            ,"DEFAULT_ORDERBY_NUMBER", "DEFAULT_VALUE", "EDITOR_TITLE_ORIENTATION", "EDITOR_END_ROW_FLAG"
            ,"EDITOR_COLS_SPAN", "LOOKUP_DISPLAY_VALUE", "EDITOR_ON_ENTER_KEY_ACTION")
     Values ('ACCOUNTS_GEN', 'POSTING_DATE', 'Дата', '*', 'D', '1003', 'N', 'Y', '', '', '', '', '**POSTING_DATE', 'N'
            ,'N', '', '', '', '', '', '', '', '', '', 'L', 'Y', '*', '', '');

Alter Table forms Enable VALIDATE Constraint forms_form_actions_fk;
Alter Table FORMS Enable All Triggers;

/*****************INS_COMPANY_LIST*********************/
Alter Table FORMS Disable All Triggers;
Alter Table forms Disable Constraint forms_form_actions_fk;
Delete From FORM_COLUMNS
      Where form_code = 'INS_COMPANY_LIST';
Delete From FORM_COLUMNS$
      Where form_code = 'INS_COMPANY_LIST';
Delete From FORM_ACTIONS
      Where form_code = 'INS_COMPANY_LIST';
Delete From FORM_TABS
      Where form_code = 'INS_COMPANY_LIST';
Delete From FORMS
      Where form_code = 'INS_COMPANY_LIST';
/*  Form: INS_COMPANY_LIST. Entity: FORMS.  */

Insert Into FORMS
            ("FORM_CODE", "HOT_KEY", "SQL_TEXT", "FORM_NAME", "FORM_TYPE", "SHOW_TREE_ROOT_NODE", "ICON_ID"
            ,"FORM_WIDTH", "FORM_HEIGHT", "BOTTOM_TABS_ORIENTATION", "SIDE_TABS_ORIENTATION", "SHOW_BOTTOM_TOOLBAR"
            ,"OBJECT_VERSION_NUMBER", "DEFAULT_COLUMN_WIDTH", "DESCRIPTION", "DOUBLE_CLICK_ACTION_CODE", "LOOKUP_WIDTH"
            ,"APPS_CODE", "EXPORT_ORDER")
     Values ('INS_COMPANY_LIST', ''
            ,'Select c.Id, c.company_type_id, c.company_name, c.short_name
  From ins.ins_company c
 Where c.company_name Like ''%'' || :company_name || ''%''
   And NVL (:company_type_id, c.company_type_id) = c.company_type_id'
            ,'Компании список', 'G', 'Y', '', '*', '*', '', '', 'Y', '17', '*', '', '', '', 'INS', '100');
/*  Form: INS_COMPANY_LIST. Entity: FORM_TABS.  */
/*  Form: INS_COMPANY_LIST. Entity: FORM_ACTIONS.  */

Insert Into FORM_ACTIONS
            ("FORM_CODE", "ACTION_CODE", "PROCEDURE_NAME", "ACTION_DISPLAY_NAME", "ICON_ID", "DEFAULT_PARAM_PREFIX"
            ,"DEFAULT_OLD_PARAM_PREFIX", "ACTION_TYPE", "DISPLAY_NUMBER", "CONFIRM_TEXT", "HOT_KEY"
            ,"SHOW_SEPARATOR_BELOW", "DISPLAY_ON_TOOLBAR", "CHILD_FORM_CODE")
     Values ('INS_COMPANY_LIST', 'DEL', 'INS_COMPANY_LIST_PKG.p_delete', 'Удалить', '48', '', '', '3', '130'
            ,'Вы уверенны что хотите удалить запись?', '', 'N', 'Y', '');

Insert Into FORM_ACTIONS
            ("FORM_CODE", "ACTION_CODE", "PROCEDURE_NAME", "ACTION_DISPLAY_NAME", "ICON_ID", "DEFAULT_PARAM_PREFIX"
            ,"DEFAULT_OLD_PARAM_PREFIX", "ACTION_TYPE", "DISPLAY_NUMBER", "CONFIRM_TEXT", "HOT_KEY"
            ,"SHOW_SEPARATOR_BELOW", "DISPLAY_ON_TOOLBAR", "CHILD_FORM_CODE")
     Values ('INS_COMPANY_LIST', 'EDIT', '', 'Редактировать', '50', '', '', '8', '115', 'Вы уверенны?', '', 'N', 'Y'
            ,'');

Insert Into FORM_ACTIONS
            ("FORM_CODE", "ACTION_CODE", "PROCEDURE_NAME", "ACTION_DISPLAY_NAME", "ICON_ID", "DEFAULT_PARAM_PREFIX"
            ,"DEFAULT_OLD_PARAM_PREFIX", "ACTION_TYPE", "DISPLAY_NUMBER", "CONFIRM_TEXT", "HOT_KEY"
            ,"SHOW_SEPARATOR_BELOW", "DISPLAY_ON_TOOLBAR", "CHILD_FORM_CODE")
     Values ('INS_COMPANY_LIST', 'INS', '', 'Создать', '47', '', '', '1', '110', '', '', 'N', 'Y', '');

Insert Into FORM_ACTIONS
            ("FORM_CODE", "ACTION_CODE", "PROCEDURE_NAME", "ACTION_DISPLAY_NAME", "ICON_ID", "DEFAULT_PARAM_PREFIX"
            ,"DEFAULT_OLD_PARAM_PREFIX", "ACTION_TYPE", "DISPLAY_NUMBER", "CONFIRM_TEXT", "HOT_KEY"
            ,"SHOW_SEPARATOR_BELOW", "DISPLAY_ON_TOOLBAR", "CHILD_FORM_CODE")
     Values ('INS_COMPANY_LIST', 'REFR', '', 'Обновить', '15', '', '', '4', '10', '', '', 'N', 'Y', '');

Insert Into FORM_ACTIONS
            ("FORM_CODE", "ACTION_CODE", "PROCEDURE_NAME", "ACTION_DISPLAY_NAME", "ICON_ID", "DEFAULT_PARAM_PREFIX"
            ,"DEFAULT_OLD_PARAM_PREFIX", "ACTION_TYPE", "DISPLAY_NUMBER", "CONFIRM_TEXT", "HOT_KEY"
            ,"SHOW_SEPARATOR_BELOW", "DISPLAY_ON_TOOLBAR", "CHILD_FORM_CODE")
     Values ('INS_COMPANY_LIST', 'UPD', 'INS_COMPANY_LIST_PKG.p_ins_upd', 'Сохранить', '46', '', '', '2', '120'
            ,'Вы уверенны?', '', 'N', 'Y', '');
/*  Form: INS_COMPANY_LIST. Entity: FORM_COLUMNS$.  */

Insert Into FORM_COLUMNS$
            ("COL_NUM", "COL_TYPE", "COL_MAX_LEN", "COL_NAME", "COL_NAME_LEN", "COL_PRECISION", "COL_SCALE"
            ,"FORM_CODE", "PIMARY_KEY_FLAG", "DEFAULT_COLUMN_WIDTH", "COLUMN_DESCRIPTION")
     Values ('3', 'VARCHAR2', '1536', 'COMPANY_NAME', '12', '0', '0', 'INS_COMPANY_LIST', '', '*', '**COMPANY_NAME');

Insert Into FORM_COLUMNS$
            ("COL_NUM", "COL_TYPE", "COL_MAX_LEN", "COL_NAME", "COL_NAME_LEN", "COL_PRECISION", "COL_SCALE"
            ,"FORM_CODE", "PIMARY_KEY_FLAG", "DEFAULT_COLUMN_WIDTH", "COLUMN_DESCRIPTION")
     Values ('2', 'VARCHAR2', '1020', 'COMPANY_TYPE_ID', '15', '0', '0', 'INS_COMPANY_LIST', '', '*'
            ,'**COMPANY_TYPE_ID');

Insert Into FORM_COLUMNS$
            ("COL_NUM", "COL_TYPE", "COL_MAX_LEN", "COL_NAME", "COL_NAME_LEN", "COL_PRECISION", "COL_SCALE"
            ,"FORM_CODE", "PIMARY_KEY_FLAG", "DEFAULT_COLUMN_WIDTH", "COLUMN_DESCRIPTION")
     Values ('1', 'NUMBER', '22', 'ID', '2', '0', '-127', 'INS_COMPANY_LIST', '', '*', '*2 - идентификатор записи;');

Insert Into FORM_COLUMNS$
            ("COL_NUM", "COL_TYPE", "COL_MAX_LEN", "COL_NAME", "COL_NAME_LEN", "COL_PRECISION", "COL_SCALE"
            ,"FORM_CODE", "PIMARY_KEY_FLAG", "DEFAULT_COLUMN_WIDTH", "COLUMN_DESCRIPTION")
     Values ('4', 'VARCHAR2', '768', 'SHORT_NAME', '10', '0', '0', 'INS_COMPANY_LIST', '', '*', '*Краткое имя шифра');
/*  Form: INS_COMPANY_LIST. Entity: FORM_COLUMNS.  */

Insert Into FORM_COLUMNS
            ("FORM_CODE", "COLUMN_CODE", "COLUMN_USER_NAME", "COLUMN_DISPLAY_SIZE", "COLUMN_DATA_TYPE"
            ,"COLUMN_DISPLAY_NUMBER", "PIMARY_KEY_FLAG", "SHOW_ON_GRID", "TREE_INITIALIZATION_VALUE", "TREE_FIELD_TYPE"
            ,"EDITOR_TAB_CODE", "FIELD_TYPE", "COLUMN_DESCRIPTION", "IS_FROZEN_FLAG", "SHOW_HOVER_FLAG", "LOOKUP_CODE"
            ,"HOVER_COLUMN_CODE", "EDITOR_HEIGHT", "LOOKUP_FIELD_TYPE", "HELP_TEXT", "TEXT_MASK", "VALIDATION_REGEXP"
            ,"DEFAULT_ORDERBY_NUMBER", "DEFAULT_VALUE", "EDITOR_TITLE_ORIENTATION", "EDITOR_END_ROW_FLAG"
            ,"EDITOR_COLS_SPAN", "LOOKUP_DISPLAY_VALUE", "EDITOR_ON_ENTER_KEY_ACTION")
     Values ('INS_COMPANY_LIST', 'COMPANY_NAME', 'Наименование', '*', 'S', '20', 'N', 'Y', '', '', '', ''
            ,'**COMPANY_NAME', 'N', 'N', '', '', '', '2', '', '', '', '1', '', 'L', 'Y', '*', '', '');

Insert Into FORM_COLUMNS
            ("FORM_CODE", "COLUMN_CODE", "COLUMN_USER_NAME", "COLUMN_DISPLAY_SIZE", "COLUMN_DATA_TYPE"
            ,"COLUMN_DISPLAY_NUMBER", "PIMARY_KEY_FLAG", "SHOW_ON_GRID", "TREE_INITIALIZATION_VALUE", "TREE_FIELD_TYPE"
            ,"EDITOR_TAB_CODE", "FIELD_TYPE", "COLUMN_DESCRIPTION", "IS_FROZEN_FLAG", "SHOW_HOVER_FLAG", "LOOKUP_CODE"
            ,"HOVER_COLUMN_CODE", "EDITOR_HEIGHT", "LOOKUP_FIELD_TYPE", "HELP_TEXT", "TEXT_MASK", "VALIDATION_REGEXP"
            ,"DEFAULT_ORDERBY_NUMBER", "DEFAULT_VALUE", "EDITOR_TITLE_ORIENTATION", "EDITOR_END_ROW_FLAG"
            ,"EDITOR_COLS_SPAN", "LOOKUP_DISPLAY_VALUE", "EDITOR_ON_ENTER_KEY_ACTION")
     Values ('INS_COMPANY_LIST', 'COMPANY_TYPE_ID', 'Тип', '*', 'S', '30', 'N', 'Y', '', '', '', '8'
            ,'**COMPANY_TYPE_ID', 'N', 'N', 'INS_COMPANY_TYPE', '', '', '3', '', '', '', '', '', 'L', 'Y', '*', '', '');

Insert Into FORM_COLUMNS
            ("FORM_CODE", "COLUMN_CODE", "COLUMN_USER_NAME", "COLUMN_DISPLAY_SIZE", "COLUMN_DATA_TYPE"
            ,"COLUMN_DISPLAY_NUMBER", "PIMARY_KEY_FLAG", "SHOW_ON_GRID", "TREE_INITIALIZATION_VALUE", "TREE_FIELD_TYPE"
            ,"EDITOR_TAB_CODE", "FIELD_TYPE", "COLUMN_DESCRIPTION", "IS_FROZEN_FLAG", "SHOW_HOVER_FLAG", "LOOKUP_CODE"
            ,"HOVER_COLUMN_CODE", "EDITOR_HEIGHT", "LOOKUP_FIELD_TYPE", "HELP_TEXT", "TEXT_MASK", "VALIDATION_REGEXP"
            ,"DEFAULT_ORDERBY_NUMBER", "DEFAULT_VALUE", "EDITOR_TITLE_ORIENTATION", "EDITOR_END_ROW_FLAG"
            ,"EDITOR_COLS_SPAN", "LOOKUP_DISPLAY_VALUE", "EDITOR_ON_ENTER_KEY_ACTION")
     Values ('INS_COMPANY_LIST', 'ID', 'Id', '*', 'N', '10', 'Y', 'N', '', '', '', '', '*2 - идентификатор записи;'
            ,'N', 'N', '', '', '', '1', '', '', '', '', '', 'L', 'Y', '*', '', '');

Insert Into FORM_COLUMNS
            ("FORM_CODE", "COLUMN_CODE", "COLUMN_USER_NAME", "COLUMN_DISPLAY_SIZE", "COLUMN_DATA_TYPE"
            ,"COLUMN_DISPLAY_NUMBER", "PIMARY_KEY_FLAG", "SHOW_ON_GRID", "TREE_INITIALIZATION_VALUE", "TREE_FIELD_TYPE"
            ,"EDITOR_TAB_CODE", "FIELD_TYPE", "COLUMN_DESCRIPTION", "IS_FROZEN_FLAG", "SHOW_HOVER_FLAG", "LOOKUP_CODE"
            ,"HOVER_COLUMN_CODE", "EDITOR_HEIGHT", "LOOKUP_FIELD_TYPE", "HELP_TEXT", "TEXT_MASK", "VALIDATION_REGEXP"
            ,"DEFAULT_ORDERBY_NUMBER", "DEFAULT_VALUE", "EDITOR_TITLE_ORIENTATION", "EDITOR_END_ROW_FLAG"
            ,"EDITOR_COLS_SPAN", "LOOKUP_DISPLAY_VALUE", "EDITOR_ON_ENTER_KEY_ACTION")
     Values ('INS_COMPANY_LIST', 'SHORT_NAME', 'Краткое наименование', '*', 'S', '40', 'N', 'Y', '', '', '', ''
            ,'*Краткое имя шифра', 'N', 'N', '', '', '', '', '', '', '', '', '', 'L', 'Y', '*', '', '');

Alter Table forms Enable VALIDATE Constraint forms_form_actions_fk;
Alter Table FORMS Enable All Triggers;

/*****************INS_COMPANY_REP*********************/
Alter Table FORMS Disable All Triggers;
Alter Table forms Disable Constraint forms_form_actions_fk;
Delete From FORM_COLUMNS
      Where form_code = 'INS_COMPANY_REP';
Delete From FORM_COLUMNS$
      Where form_code = 'INS_COMPANY_REP';
Delete From FORM_ACTIONS
      Where form_code = 'INS_COMPANY_REP';
Delete From FORM_TABS
      Where form_code = 'INS_COMPANY_REP';
Delete From FORMS
      Where form_code = 'INS_COMPANY_REP';
/*  Form: INS_COMPANY_REP. Entity: FORMS.  */

Insert Into FORMS
            ("FORM_CODE", "HOT_KEY", "SQL_TEXT", "FORM_NAME", "FORM_TYPE", "SHOW_TREE_ROOT_NODE", "ICON_ID"
            ,"FORM_WIDTH", "FORM_HEIGHT", "BOTTOM_TABS_ORIENTATION", "SIDE_TABS_ORIENTATION", "SHOW_BOTTOM_TOOLBAR"
            ,"OBJECT_VERSION_NUMBER", "DEFAULT_COLUMN_WIDTH", "DESCRIPTION", "DOUBLE_CLICK_ACTION_CODE", "LOOKUP_WIDTH"
            ,"APPS_CODE", "EXPORT_ORDER")
     Values ('INS_COMPANY_REP', ''
            ,'With t As
     (
        Select ADD_MONTHS (TRUNC (SYSDATE, ''mm''), -2) As start_date, LAST_DAY (TRUNC (SYSDATE)) As end_date
              ,'''' As client_company_id, '''' As ins_company_id, '''' As card_no, '''' As fio, ''N'' As hide_reserve_flag
              ,Null As city_code, Null As med_category_code, ''Y'' As w_group_flag
          From DUAL)
Select ins.users_pkg.get_user_id () As user_id, t.*
      ,ins.ins_company_rep_pkg.get_report_xml (start_date
                                              ,end_date
                                              ,client_company_id
                                              ,ins_company_id
                                              ,card_no
                                              ,fio
                                              ,hide_reserve_flag
                                              ,city_code
                                              ,med_category_code
                                              ,w_group_flag
                                              ).getClobVal () As rep_data
  From t
'
            ,'Отчет по компании', 'G', 'Y', '', '0%', '120', 'B', '', 'Y', '134', '*', '', '', '', 'INS', '100');
/*  Form: INS_COMPANY_REP. Entity: FORM_TABS.  */

Insert Into FORM_TABS
            ("FORM_CODE", "TAB_CODE", "CHILD_FORM_CODE", "TAB_POSITION", "TAB_NAME", "NUMBER_OF_COLUMNS", "ICON_ID"
            ,"TAB_TYPE", "TAB_DISPLAY_NUMBER")
     Values ('INS_COMPANY_REP', 'COMPANY_REP_DET', 'INS_INS_COMPANY_REP_DETAILS', 'B', 'Детали', '', '13', '2', '');

Insert Into FORM_TABS
            ("FORM_CODE", "TAB_CODE", "CHILD_FORM_CODE", "TAB_POSITION", "TAB_NAME", "NUMBER_OF_COLUMNS", "ICON_ID"
            ,"TAB_TYPE", "TAB_DISPLAY_NUMBER")
     Values ('INS_COMPANY_REP', 'TAB', '', 'R', 'Фильтр', '10', '34', '1', '');
/*  Form: INS_COMPANY_REP. Entity: FORM_ACTIONS.  */

Insert Into FORM_ACTIONS
            ("FORM_CODE", "ACTION_CODE", "PROCEDURE_NAME", "ACTION_DISPLAY_NAME", "ICON_ID", "DEFAULT_PARAM_PREFIX"
            ,"DEFAULT_OLD_PARAM_PREFIX", "ACTION_TYPE", "DISPLAY_NUMBER", "CONFIRM_TEXT", "HOT_KEY"
            ,"SHOW_SEPARATOR_BELOW", "DISPLAY_ON_TOOLBAR", "CHILD_FORM_CODE")
     Values ('INS_COMPANY_REP', 'CLEAR', '', 'Очистить', '15', '', '', '4', '100', '', '', 'N', 'Y', '');

Insert Into FORM_ACTIONS
            ("FORM_CODE", "ACTION_CODE", "PROCEDURE_NAME", "ACTION_DISPLAY_NAME", "ICON_ID", "DEFAULT_PARAM_PREFIX"
            ,"DEFAULT_OLD_PARAM_PREFIX", "ACTION_TYPE", "DISPLAY_NUMBER", "CONFIRM_TEXT", "HOT_KEY"
            ,"SHOW_SEPARATOR_BELOW", "DISPLAY_ON_TOOLBAR", "CHILD_FORM_CODE")
     Values ('INS_COMPANY_REP', 'UPD', 'INS_COMPANY_REP_PKG.generate_report', 'Сохранить', '46', '', '', '2', '120', ''
            ,'', 'N', 'Y', '');

Insert Into FORM_ACTIONS
            ("FORM_CODE", "ACTION_CODE", "PROCEDURE_NAME", "ACTION_DISPLAY_NAME", "ICON_ID", "DEFAULT_PARAM_PREFIX"
            ,"DEFAULT_OLD_PARAM_PREFIX", "ACTION_TYPE", "DISPLAY_NUMBER", "CONFIRM_TEXT", "HOT_KEY"
            ,"SHOW_SEPARATOR_BELOW", "DISPLAY_ON_TOOLBAR", "CHILD_FORM_CODE")
     Values ('INS_COMPANY_REP', 'XMLP'
            ,'xmlp?type=xmlp&ContentType=application/vnd.ms-excel&template=INS_COMPANY_REP&dataClobId=:REP_DATA&filename=rep1'
            ,'Печать', '43', '', '', '15', '200', '', '', 'N', 'Y', '');
/*  Form: INS_COMPANY_REP. Entity: FORM_COLUMNS$.  */

Insert Into FORM_COLUMNS$
            ("COL_NUM", "COL_TYPE", "COL_MAX_LEN", "COL_NAME", "COL_NAME_LEN", "COL_PRECISION", "COL_SCALE"
            ,"FORM_CODE", "PIMARY_KEY_FLAG", "DEFAULT_COLUMN_WIDTH", "COLUMN_DESCRIPTION")
     Values ('6', 'CHAR', '0', 'CARD_NO', '7', '0', '0', 'INS_COMPANY_REP', '', '*', '*в) № Карты');

Insert Into FORM_COLUMNS$
            ("COL_NUM", "COL_TYPE", "COL_MAX_LEN", "COL_NAME", "COL_NAME_LEN", "COL_PRECISION", "COL_SCALE"
            ,"FORM_CODE", "PIMARY_KEY_FLAG", "DEFAULT_COLUMN_WIDTH", "COLUMN_DESCRIPTION")
     Values ('9', 'VARCHAR2', '0', 'CITY_CODE', '9', '0', '0', 'INS_COMPANY_REP', '', '*', '*Наименование');

Insert Into FORM_COLUMNS$
            ("COL_NUM", "COL_TYPE", "COL_MAX_LEN", "COL_NAME", "COL_NAME_LEN", "COL_PRECISION", "COL_SCALE"
            ,"FORM_CODE", "PIMARY_KEY_FLAG", "DEFAULT_COLUMN_WIDTH", "COLUMN_DESCRIPTION")
     Values ('4', 'CHAR', '0', 'CLIENT_COMPANY_ID', '17', '0', '0', 'INS_COMPANY_REP', '', '*', '**CLIENT_COMPANY_ID');

Insert Into FORM_COLUMNS$
            ("COL_NUM", "COL_TYPE", "COL_MAX_LEN", "COL_NAME", "COL_NAME_LEN", "COL_PRECISION", "COL_SCALE"
            ,"FORM_CODE", "PIMARY_KEY_FLAG", "DEFAULT_COLUMN_WIDTH", "COLUMN_DESCRIPTION")
     Values ('3', 'DATE', '7', 'END_DATE', '8', '0', '0', 'INS_COMPANY_REP', '', '*'
            ,'*Cutoff date after which the schedule will not specify any dates');

Insert Into FORM_COLUMNS$
            ("COL_NUM", "COL_TYPE", "COL_MAX_LEN", "COL_NAME", "COL_NAME_LEN", "COL_PRECISION", "COL_SCALE"
            ,"FORM_CODE", "PIMARY_KEY_FLAG", "DEFAULT_COLUMN_WIDTH", "COLUMN_DESCRIPTION")
     Values ('7', 'CHAR', '0', 'FIO', '3', '0', '0', 'INS_COMPANY_REP', '', '*', '*ФИО');

Insert Into FORM_COLUMNS$
            ("COL_NUM", "COL_TYPE", "COL_MAX_LEN", "COL_NAME", "COL_NAME_LEN", "COL_PRECISION", "COL_SCALE"
            ,"FORM_CODE", "PIMARY_KEY_FLAG", "DEFAULT_COLUMN_WIDTH", "COLUMN_DESCRIPTION")
     Values ('8', 'CHAR', '1', 'HIDE_RESERVE_FLAG', '17', '0', '0', 'INS_COMPANY_REP', '', '*', '**HIDE_RESERVE_FLAG');

Insert Into FORM_COLUMNS$
            ("COL_NUM", "COL_TYPE", "COL_MAX_LEN", "COL_NAME", "COL_NAME_LEN", "COL_PRECISION", "COL_SCALE"
            ,"FORM_CODE", "PIMARY_KEY_FLAG", "DEFAULT_COLUMN_WIDTH", "COLUMN_DESCRIPTION")
     Values ('5', 'CHAR', '0', 'INS_COMPANY_ID', '14', '0', '0', 'INS_COMPANY_REP', '', '*', '**INS_COMPANY_ID');

Insert Into FORM_COLUMNS$
            ("COL_NUM", "COL_TYPE", "COL_MAX_LEN", "COL_NAME", "COL_NAME_LEN", "COL_PRECISION", "COL_SCALE"
            ,"FORM_CODE", "PIMARY_KEY_FLAG", "DEFAULT_COLUMN_WIDTH", "COLUMN_DESCRIPTION")
     Values ('10', 'VARCHAR2', '0', 'MED_CATEGORY_CODE', '17', '0', '0', 'INS_COMPANY_REP', '', '*'
            ,'**MED_CATEGORY_CODE');

Insert Into FORM_COLUMNS$
            ("COL_NUM", "COL_TYPE", "COL_MAX_LEN", "COL_NAME", "COL_NAME_LEN", "COL_PRECISION", "COL_SCALE"
            ,"FORM_CODE", "PIMARY_KEY_FLAG", "DEFAULT_COLUMN_WIDTH", "COLUMN_DESCRIPTION")
     Values ('12', 'CLOB', '4000', 'REP_DATA', '8', '0', '0', 'INS_COMPANY_REP', '', '*', '**REP_DATA');

Insert Into FORM_COLUMNS$
            ("COL_NUM", "COL_TYPE", "COL_MAX_LEN", "COL_NAME", "COL_NAME_LEN", "COL_PRECISION", "COL_SCALE"
            ,"FORM_CODE", "PIMARY_KEY_FLAG", "DEFAULT_COLUMN_WIDTH", "COLUMN_DESCRIPTION")
     Values ('2', 'DATE', '7', 'START_DATE', '10', '0', '0', 'INS_COMPANY_REP', '', '*'
            ,'*A not null column in the complex primary key employee_id+start_date.
Must be less than the end_date of the job_history table. (enforced by
constraint jhist_date_interval)');

Insert Into FORM_COLUMNS$
            ("COL_NUM", "COL_TYPE", "COL_MAX_LEN", "COL_NAME", "COL_NAME_LEN", "COL_PRECISION", "COL_SCALE"
            ,"FORM_CODE", "PIMARY_KEY_FLAG", "DEFAULT_COLUMN_WIDTH", "COLUMN_DESCRIPTION")
     Values ('1', 'NUMBER', '22', 'USER_ID', '7', '0', '0', 'INS_COMPANY_REP', '', '*', '*Database user id.');

Insert Into FORM_COLUMNS$
            ("COL_NUM", "COL_TYPE", "COL_MAX_LEN", "COL_NAME", "COL_NAME_LEN", "COL_PRECISION", "COL_SCALE"
            ,"FORM_CODE", "PIMARY_KEY_FLAG", "DEFAULT_COLUMN_WIDTH", "COLUMN_DESCRIPTION")
     Values ('11', 'CHAR', '1', 'W_GROUP_FLAG', '12', '0', '0', 'INS_COMPANY_REP', '', '*', '**W_GROUP_FLAG');
/*  Form: INS_COMPANY_REP. Entity: FORM_COLUMNS.  */

Insert Into FORM_COLUMNS
            ("FORM_CODE", "COLUMN_CODE", "COLUMN_USER_NAME", "COLUMN_DISPLAY_SIZE", "COLUMN_DATA_TYPE"
            ,"COLUMN_DISPLAY_NUMBER", "PIMARY_KEY_FLAG", "SHOW_ON_GRID", "TREE_INITIALIZATION_VALUE", "TREE_FIELD_TYPE"
            ,"EDITOR_TAB_CODE", "FIELD_TYPE", "COLUMN_DESCRIPTION", "IS_FROZEN_FLAG", "SHOW_HOVER_FLAG", "LOOKUP_CODE"
            ,"HOVER_COLUMN_CODE", "EDITOR_HEIGHT", "LOOKUP_FIELD_TYPE", "HELP_TEXT", "TEXT_MASK", "VALIDATION_REGEXP"
            ,"DEFAULT_ORDERBY_NUMBER", "DEFAULT_VALUE", "EDITOR_TITLE_ORIENTATION", "EDITOR_END_ROW_FLAG"
            ,"EDITOR_COLS_SPAN", "LOOKUP_DISPLAY_VALUE", "EDITOR_ON_ENTER_KEY_ACTION")
     Values ('INS_COMPANY_REP', 'CARD_NO', '№ Карты', '*', 'S', '70', 'N', 'N', '', '', 'TAB', '', '*в) № Карты', 'N'
            ,'N', '', '', '', '', '', '', '', '', '', 'L', 'N', '1', '', 'UPD');

Insert Into FORM_COLUMNS
            ("FORM_CODE", "COLUMN_CODE", "COLUMN_USER_NAME", "COLUMN_DISPLAY_SIZE", "COLUMN_DATA_TYPE"
            ,"COLUMN_DISPLAY_NUMBER", "PIMARY_KEY_FLAG", "SHOW_ON_GRID", "TREE_INITIALIZATION_VALUE", "TREE_FIELD_TYPE"
            ,"EDITOR_TAB_CODE", "FIELD_TYPE", "COLUMN_DESCRIPTION", "IS_FROZEN_FLAG", "SHOW_HOVER_FLAG", "LOOKUP_CODE"
            ,"HOVER_COLUMN_CODE", "EDITOR_HEIGHT", "LOOKUP_FIELD_TYPE", "HELP_TEXT", "TEXT_MASK", "VALIDATION_REGEXP"
            ,"DEFAULT_ORDERBY_NUMBER", "DEFAULT_VALUE", "EDITOR_TITLE_ORIENTATION", "EDITOR_END_ROW_FLAG"
            ,"EDITOR_COLS_SPAN", "LOOKUP_DISPLAY_VALUE", "EDITOR_ON_ENTER_KEY_ACTION")
     Values ('INS_COMPANY_REP', 'CITY_CODE', 'Город', '*', 'S', '40', 'N', 'N', '', '', 'TAB', '8', '*Наименование'
            ,'N', 'N', 'INS_CITY', '', '', '', '', '', '', '', '', 'L', 'Y', '*', '', '');

Insert Into FORM_COLUMNS
            ("FORM_CODE", "COLUMN_CODE", "COLUMN_USER_NAME", "COLUMN_DISPLAY_SIZE", "COLUMN_DATA_TYPE"
            ,"COLUMN_DISPLAY_NUMBER", "PIMARY_KEY_FLAG", "SHOW_ON_GRID", "TREE_INITIALIZATION_VALUE", "TREE_FIELD_TYPE"
            ,"EDITOR_TAB_CODE", "FIELD_TYPE", "COLUMN_DESCRIPTION", "IS_FROZEN_FLAG", "SHOW_HOVER_FLAG", "LOOKUP_CODE"
            ,"HOVER_COLUMN_CODE", "EDITOR_HEIGHT", "LOOKUP_FIELD_TYPE", "HELP_TEXT", "TEXT_MASK", "VALIDATION_REGEXP"
            ,"DEFAULT_ORDERBY_NUMBER", "DEFAULT_VALUE", "EDITOR_TITLE_ORIENTATION", "EDITOR_END_ROW_FLAG"
            ,"EDITOR_COLS_SPAN", "LOOKUP_DISPLAY_VALUE", "EDITOR_ON_ENTER_KEY_ACTION")
     Values ('INS_COMPANY_REP', 'CLIENT_COMPANY_ID', 'Клиентская', '*', 'S', '50', 'N', 'N', '', '', 'TAB', '9'
            ,'**CLIENT_COMPANY_ID', 'N', 'N', 'INS_COMPANY_LIST', '', '', '', '', '', '', '', '', 'L', 'N', '3', '', '');

Insert Into FORM_COLUMNS
            ("FORM_CODE", "COLUMN_CODE", "COLUMN_USER_NAME", "COLUMN_DISPLAY_SIZE", "COLUMN_DATA_TYPE"
            ,"COLUMN_DISPLAY_NUMBER", "PIMARY_KEY_FLAG", "SHOW_ON_GRID", "TREE_INITIALIZATION_VALUE", "TREE_FIELD_TYPE"
            ,"EDITOR_TAB_CODE", "FIELD_TYPE", "COLUMN_DESCRIPTION", "IS_FROZEN_FLAG", "SHOW_HOVER_FLAG", "LOOKUP_CODE"
            ,"HOVER_COLUMN_CODE", "EDITOR_HEIGHT", "LOOKUP_FIELD_TYPE", "HELP_TEXT", "TEXT_MASK", "VALIDATION_REGEXP"
            ,"DEFAULT_ORDERBY_NUMBER", "DEFAULT_VALUE", "EDITOR_TITLE_ORIENTATION", "EDITOR_END_ROW_FLAG"
            ,"EDITOR_COLS_SPAN", "LOOKUP_DISPLAY_VALUE", "EDITOR_ON_ENTER_KEY_ACTION")
     Values ('INS_COMPANY_REP', 'END_DATE', 'По', '*', 'D', '20', 'N', 'N', '', '', 'TAB', ''
            ,'*Cutoff date after which the schedule will not specify any dates', 'N', 'N', '', '', '', '', '', '', ''
            ,'', '', 'L', 'N', '1', '', 'UPD');

Insert Into FORM_COLUMNS
            ("FORM_CODE", "COLUMN_CODE", "COLUMN_USER_NAME", "COLUMN_DISPLAY_SIZE", "COLUMN_DATA_TYPE"
            ,"COLUMN_DISPLAY_NUMBER", "PIMARY_KEY_FLAG", "SHOW_ON_GRID", "TREE_INITIALIZATION_VALUE", "TREE_FIELD_TYPE"
            ,"EDITOR_TAB_CODE", "FIELD_TYPE", "COLUMN_DESCRIPTION", "IS_FROZEN_FLAG", "SHOW_HOVER_FLAG", "LOOKUP_CODE"
            ,"HOVER_COLUMN_CODE", "EDITOR_HEIGHT", "LOOKUP_FIELD_TYPE", "HELP_TEXT", "TEXT_MASK", "VALIDATION_REGEXP"
            ,"DEFAULT_ORDERBY_NUMBER", "DEFAULT_VALUE", "EDITOR_TITLE_ORIENTATION", "EDITOR_END_ROW_FLAG"
            ,"EDITOR_COLS_SPAN", "LOOKUP_DISPLAY_VALUE", "EDITOR_ON_ENTER_KEY_ACTION")
     Values ('INS_COMPANY_REP', 'FIO', 'ФИО', '*', 'S', '80', 'N', 'N', '', '', 'TAB', '', '*ФИО', 'N', 'N', '', '', ''
            ,'', '', '', '', '', '', 'L', 'N', '3', '', 'UPD');

Insert Into FORM_COLUMNS
            ("FORM_CODE", "COLUMN_CODE", "COLUMN_USER_NAME", "COLUMN_DISPLAY_SIZE", "COLUMN_DATA_TYPE"
            ,"COLUMN_DISPLAY_NUMBER", "PIMARY_KEY_FLAG", "SHOW_ON_GRID", "TREE_INITIALIZATION_VALUE", "TREE_FIELD_TYPE"
            ,"EDITOR_TAB_CODE", "FIELD_TYPE", "COLUMN_DESCRIPTION", "IS_FROZEN_FLAG", "SHOW_HOVER_FLAG", "LOOKUP_CODE"
            ,"HOVER_COLUMN_CODE", "EDITOR_HEIGHT", "LOOKUP_FIELD_TYPE", "HELP_TEXT", "TEXT_MASK", "VALIDATION_REGEXP"
            ,"DEFAULT_ORDERBY_NUMBER", "DEFAULT_VALUE", "EDITOR_TITLE_ORIENTATION", "EDITOR_END_ROW_FLAG"
            ,"EDITOR_COLS_SPAN", "LOOKUP_DISPLAY_VALUE", "EDITOR_ON_ENTER_KEY_ACTION")
     Values ('INS_COMPANY_REP', 'HIDE_RESERVE_FLAG', 'Не показывать резерв', '*', 'B', '30', 'N', 'N', '', '', 'TAB'
            ,'', '**HIDE_RESERVE_FLAG', 'N', 'N', '', '', '', '', '', '', '', '', '', 'L', 'N', '1', '', '');

Insert Into FORM_COLUMNS
            ("FORM_CODE", "COLUMN_CODE", "COLUMN_USER_NAME", "COLUMN_DISPLAY_SIZE", "COLUMN_DATA_TYPE"
            ,"COLUMN_DISPLAY_NUMBER", "PIMARY_KEY_FLAG", "SHOW_ON_GRID", "TREE_INITIALIZATION_VALUE", "TREE_FIELD_TYPE"
            ,"EDITOR_TAB_CODE", "FIELD_TYPE", "COLUMN_DESCRIPTION", "IS_FROZEN_FLAG", "SHOW_HOVER_FLAG", "LOOKUP_CODE"
            ,"HOVER_COLUMN_CODE", "EDITOR_HEIGHT", "LOOKUP_FIELD_TYPE", "HELP_TEXT", "TEXT_MASK", "VALIDATION_REGEXP"
            ,"DEFAULT_ORDERBY_NUMBER", "DEFAULT_VALUE", "EDITOR_TITLE_ORIENTATION", "EDITOR_END_ROW_FLAG"
            ,"EDITOR_COLS_SPAN", "LOOKUP_DISPLAY_VALUE", "EDITOR_ON_ENTER_KEY_ACTION")
     Values ('INS_COMPANY_REP', 'INS_COMPANY_ID', 'Страховая', '*', 'S', '60', 'N', 'N', '', '', 'TAB', '9'
            ,'**INS_COMPANY_ID', 'N', 'N', 'INS_COMPANY_LIST', '', '', '', '', '', '', '', '', 'L', 'Y', '*', '', '');

Insert Into FORM_COLUMNS
            ("FORM_CODE", "COLUMN_CODE", "COLUMN_USER_NAME", "COLUMN_DISPLAY_SIZE", "COLUMN_DATA_TYPE"
            ,"COLUMN_DISPLAY_NUMBER", "PIMARY_KEY_FLAG", "SHOW_ON_GRID", "TREE_INITIALIZATION_VALUE", "TREE_FIELD_TYPE"
            ,"EDITOR_TAB_CODE", "FIELD_TYPE", "COLUMN_DESCRIPTION", "IS_FROZEN_FLAG", "SHOW_HOVER_FLAG", "LOOKUP_CODE"
            ,"HOVER_COLUMN_CODE", "EDITOR_HEIGHT", "LOOKUP_FIELD_TYPE", "HELP_TEXT", "TEXT_MASK", "VALIDATION_REGEXP"
            ,"DEFAULT_ORDERBY_NUMBER", "DEFAULT_VALUE", "EDITOR_TITLE_ORIENTATION", "EDITOR_END_ROW_FLAG"
            ,"EDITOR_COLS_SPAN", "LOOKUP_DISPLAY_VALUE", "EDITOR_ON_ENTER_KEY_ACTION")
     Values ('INS_COMPANY_REP', 'MED_CATEGORY_CODE', 'Категория', '*', 'S', '90', 'N', 'N', '', '', 'TAB', '8'
            ,'**MED_CATEGORY_CODE', 'N', 'N', 'INS_MEDICAL_SERVICE_CATEGORY', '', '', '', '', '', '', '', '', 'L', 'N'
            ,'1', '', '');

Insert Into FORM_COLUMNS
            ("FORM_CODE", "COLUMN_CODE", "COLUMN_USER_NAME", "COLUMN_DISPLAY_SIZE", "COLUMN_DATA_TYPE"
            ,"COLUMN_DISPLAY_NUMBER", "PIMARY_KEY_FLAG", "SHOW_ON_GRID", "TREE_INITIALIZATION_VALUE", "TREE_FIELD_TYPE"
            ,"EDITOR_TAB_CODE", "FIELD_TYPE", "COLUMN_DESCRIPTION", "IS_FROZEN_FLAG", "SHOW_HOVER_FLAG", "LOOKUP_CODE"
            ,"HOVER_COLUMN_CODE", "EDITOR_HEIGHT", "LOOKUP_FIELD_TYPE", "HELP_TEXT", "TEXT_MASK", "VALIDATION_REGEXP"
            ,"DEFAULT_ORDERBY_NUMBER", "DEFAULT_VALUE", "EDITOR_TITLE_ORIENTATION", "EDITOR_END_ROW_FLAG"
            ,"EDITOR_COLS_SPAN", "LOOKUP_DISPLAY_VALUE", "EDITOR_ON_ENTER_KEY_ACTION")
     Values ('INS_COMPANY_REP', 'REP_DATA', '', '*', 'CLOB', '9002', 'N', 'Y', '', '', '', '', '**REP_DATA', 'N', 'N'
            ,'', '', '', '', '', '', '', '', '', 'L', 'Y', '*', '', '');

Insert Into FORM_COLUMNS
            ("FORM_CODE", "COLUMN_CODE", "COLUMN_USER_NAME", "COLUMN_DISPLAY_SIZE", "COLUMN_DATA_TYPE"
            ,"COLUMN_DISPLAY_NUMBER", "PIMARY_KEY_FLAG", "SHOW_ON_GRID", "TREE_INITIALIZATION_VALUE", "TREE_FIELD_TYPE"
            ,"EDITOR_TAB_CODE", "FIELD_TYPE", "COLUMN_DESCRIPTION", "IS_FROZEN_FLAG", "SHOW_HOVER_FLAG", "LOOKUP_CODE"
            ,"HOVER_COLUMN_CODE", "EDITOR_HEIGHT", "LOOKUP_FIELD_TYPE", "HELP_TEXT", "TEXT_MASK", "VALIDATION_REGEXP"
            ,"DEFAULT_ORDERBY_NUMBER", "DEFAULT_VALUE", "EDITOR_TITLE_ORIENTATION", "EDITOR_END_ROW_FLAG"
            ,"EDITOR_COLS_SPAN", "LOOKUP_DISPLAY_VALUE", "EDITOR_ON_ENTER_KEY_ACTION")
     Values ('INS_COMPANY_REP', 'START_DATE', 'С', '*', 'D', '10', 'N', 'Y', '', '', 'TAB', ''
            ,'*A not null column in the complex primary key employee_id+start_date.
Must be less than the end_date of the job_history table. (enforced by
constraint jhist_date_interval)'
            ,'N', 'N', '', '', '', '', '', '', '', '', '', 'L', 'N', '1', '', 'UPD');

Insert Into FORM_COLUMNS
            ("FORM_CODE", "COLUMN_CODE", "COLUMN_USER_NAME", "COLUMN_DISPLAY_SIZE", "COLUMN_DATA_TYPE"
            ,"COLUMN_DISPLAY_NUMBER", "PIMARY_KEY_FLAG", "SHOW_ON_GRID", "TREE_INITIALIZATION_VALUE", "TREE_FIELD_TYPE"
            ,"EDITOR_TAB_CODE", "FIELD_TYPE", "COLUMN_DESCRIPTION", "IS_FROZEN_FLAG", "SHOW_HOVER_FLAG", "LOOKUP_CODE"
            ,"HOVER_COLUMN_CODE", "EDITOR_HEIGHT", "LOOKUP_FIELD_TYPE", "HELP_TEXT", "TEXT_MASK", "VALIDATION_REGEXP"
            ,"DEFAULT_ORDERBY_NUMBER", "DEFAULT_VALUE", "EDITOR_TITLE_ORIENTATION", "EDITOR_END_ROW_FLAG"
            ,"EDITOR_COLS_SPAN", "LOOKUP_DISPLAY_VALUE", "EDITOR_ON_ENTER_KEY_ACTION")
     Values ('INS_COMPANY_REP', 'USER_ID', 'Database user id.', '*', 'N', '9001', 'Y', 'N', '', '', '', ''
            ,'*Database user id.', 'N', 'N', '', '', '', '', '', '', '', '', '', 'L', 'N', '*', '', '');

Insert Into FORM_COLUMNS
            ("FORM_CODE", "COLUMN_CODE", "COLUMN_USER_NAME", "COLUMN_DISPLAY_SIZE", "COLUMN_DATA_TYPE"
            ,"COLUMN_DISPLAY_NUMBER", "PIMARY_KEY_FLAG", "SHOW_ON_GRID", "TREE_INITIALIZATION_VALUE", "TREE_FIELD_TYPE"
            ,"EDITOR_TAB_CODE", "FIELD_TYPE", "COLUMN_DESCRIPTION", "IS_FROZEN_FLAG", "SHOW_HOVER_FLAG", "LOOKUP_CODE"
            ,"HOVER_COLUMN_CODE", "EDITOR_HEIGHT", "LOOKUP_FIELD_TYPE", "HELP_TEXT", "TEXT_MASK", "VALIDATION_REGEXP"
            ,"DEFAULT_ORDERBY_NUMBER", "DEFAULT_VALUE", "EDITOR_TITLE_ORIENTATION", "EDITOR_END_ROW_FLAG"
            ,"EDITOR_COLS_SPAN", "LOOKUP_DISPLAY_VALUE", "EDITOR_ON_ENTER_KEY_ACTION")
     Values ('INS_COMPANY_REP', 'W_GROUP_FLAG', 'Группировать', '*', 'B', '100', 'N', 'N', '', '', 'TAB', ''
            ,'**W_GROUP_FLAG', 'N', 'N', '', '', '', '', '', '', '', '', '', 'L', 'Y', '1', '', '');

Alter Table forms Enable VALIDATE Constraint forms_form_actions_fk;
Alter Table FORMS Enable All Triggers;

/*****************INS_EXP_ADDRESS*********************/
Alter Table FORMS Disable All Triggers;
Alter Table forms Disable Constraint forms_form_actions_fk;
Delete From FORM_COLUMNS
      Where form_code = 'INS_EXP_ADDRESS';
Delete From FORM_COLUMNS$
      Where form_code = 'INS_EXP_ADDRESS';
Delete From FORM_ACTIONS
      Where form_code = 'INS_EXP_ADDRESS';
Delete From FORM_TABS
      Where form_code = 'INS_EXP_ADDRESS';
Delete From FORMS
      Where form_code = 'INS_EXP_ADDRESS';
/*  Form: INS_EXP_ADDRESS. Entity: FORMS.  */

Insert Into FORMS
            ("FORM_CODE", "HOT_KEY", "SQL_TEXT", "FORM_NAME", "FORM_TYPE", "SHOW_TREE_ROOT_NODE", "ICON_ID"
            ,"FORM_WIDTH", "FORM_HEIGHT", "BOTTOM_TABS_ORIENTATION", "SIDE_TABS_ORIENTATION", "SHOW_BOTTOM_TOOLBAR"
            ,"OBJECT_VERSION_NUMBER", "DEFAULT_COLUMN_WIDTH", "DESCRIPTION", "DOUBLE_CLICK_ACTION_CODE", "LOOKUP_WIDTH"
            ,"APPS_CODE", "EXPORT_ORDER")
     Values ('INS_EXP_ADDRESS', '', 'select * from INS.EXP_ADDRESS', '', 'G', 'Y', '', '*', '*', '', '', 'Y', '1', '*'
            ,'', '', '', 'INS', '100');
/*  Form: INS_EXP_ADDRESS. Entity: FORM_TABS.  */
/*  Form: INS_EXP_ADDRESS. Entity: FORM_ACTIONS.  */

Insert Into FORM_ACTIONS
            ("FORM_CODE", "ACTION_CODE", "PROCEDURE_NAME", "ACTION_DISPLAY_NAME", "ICON_ID", "DEFAULT_PARAM_PREFIX"
            ,"DEFAULT_OLD_PARAM_PREFIX", "ACTION_TYPE", "DISPLAY_NUMBER", "CONFIRM_TEXT", "HOT_KEY"
            ,"SHOW_SEPARATOR_BELOW", "DISPLAY_ON_TOOLBAR", "CHILD_FORM_CODE")
     Values ('INS_EXP_ADDRESS', 'DEL', 'INS_EXP_ADDRESS_PKG.p_delete', 'Удалить', '48', '', '', '3', '130'
            ,'Вы уверенны что хотите удалить запись?', '', 'N', 'Y', '');

Insert Into FORM_ACTIONS
            ("FORM_CODE", "ACTION_CODE", "PROCEDURE_NAME", "ACTION_DISPLAY_NAME", "ICON_ID", "DEFAULT_PARAM_PREFIX"
            ,"DEFAULT_OLD_PARAM_PREFIX", "ACTION_TYPE", "DISPLAY_NUMBER", "CONFIRM_TEXT", "HOT_KEY"
            ,"SHOW_SEPARATOR_BELOW", "DISPLAY_ON_TOOLBAR", "CHILD_FORM_CODE")
     Values ('INS_EXP_ADDRESS', 'EDIT', '', 'Редактировать', '50', '', '', '8', '115', 'Вы уверенны?', '', 'N', 'Y', '');

Insert Into FORM_ACTIONS
            ("FORM_CODE", "ACTION_CODE", "PROCEDURE_NAME", "ACTION_DISPLAY_NAME", "ICON_ID", "DEFAULT_PARAM_PREFIX"
            ,"DEFAULT_OLD_PARAM_PREFIX", "ACTION_TYPE", "DISPLAY_NUMBER", "CONFIRM_TEXT", "HOT_KEY"
            ,"SHOW_SEPARATOR_BELOW", "DISPLAY_ON_TOOLBAR", "CHILD_FORM_CODE")
     Values ('INS_EXP_ADDRESS', 'INS', '', 'Создать', '47', '', '', '1', '110', '', '', 'N', 'Y', '');

Insert Into FORM_ACTIONS
            ("FORM_CODE", "ACTION_CODE", "PROCEDURE_NAME", "ACTION_DISPLAY_NAME", "ICON_ID", "DEFAULT_PARAM_PREFIX"
            ,"DEFAULT_OLD_PARAM_PREFIX", "ACTION_TYPE", "DISPLAY_NUMBER", "CONFIRM_TEXT", "HOT_KEY"
            ,"SHOW_SEPARATOR_BELOW", "DISPLAY_ON_TOOLBAR", "CHILD_FORM_CODE")
     Values ('INS_EXP_ADDRESS', 'REFR', '', 'Обновить', '15', '', '', '4', '10', '', '', 'N', 'Y', '');

Insert Into FORM_ACTIONS
            ("FORM_CODE", "ACTION_CODE", "PROCEDURE_NAME", "ACTION_DISPLAY_NAME", "ICON_ID", "DEFAULT_PARAM_PREFIX"
            ,"DEFAULT_OLD_PARAM_PREFIX", "ACTION_TYPE", "DISPLAY_NUMBER", "CONFIRM_TEXT", "HOT_KEY"
            ,"SHOW_SEPARATOR_BELOW", "DISPLAY_ON_TOOLBAR", "CHILD_FORM_CODE")
     Values ('INS_EXP_ADDRESS', 'UPD', 'INS_EXP_ADDRESS_PKG.p_ins_upd', 'Сохранить', '46', '', '', '2', '120'
            ,'Вы уверенны?', '', 'N', 'Y', '');
/*  Form: INS_EXP_ADDRESS. Entity: FORM_COLUMNS$.  */

Insert Into FORM_COLUMNS$
            ("COL_NUM", "COL_TYPE", "COL_MAX_LEN", "COL_NAME", "COL_NAME_LEN", "COL_PRECISION", "COL_SCALE"
            ,"FORM_CODE", "PIMARY_KEY_FLAG", "DEFAULT_COLUMN_WIDTH", "COLUMN_DESCRIPTION")
     Values ('3', 'VARCHAR2', '1024', 'ADDRESS1', '8', '0', '0', 'INS_EXP_ADDRESS', '', '*', '**ADDRESS1');

Insert Into FORM_COLUMNS$
            ("COL_NUM", "COL_TYPE", "COL_MAX_LEN", "COL_NAME", "COL_NAME_LEN", "COL_PRECISION", "COL_SCALE"
            ,"FORM_CODE", "PIMARY_KEY_FLAG", "DEFAULT_COLUMN_WIDTH", "COLUMN_DESCRIPTION")
     Values ('4', 'VARCHAR2', '1024', 'ADDRESS2', '8', '0', '0', 'INS_EXP_ADDRESS', '', '*', '**ADDRESS2');

Insert Into FORM_COLUMNS$
            ("COL_NUM", "COL_TYPE", "COL_MAX_LEN", "COL_NAME", "COL_NAME_LEN", "COL_PRECISION", "COL_SCALE"
            ,"FORM_CODE", "PIMARY_KEY_FLAG", "DEFAULT_COLUMN_WIDTH", "COLUMN_DESCRIPTION")
     Values ('5', 'VARCHAR2', '1024', 'CITY', '4', '0', '0', 'INS_EXP_ADDRESS', '', '*'
            ,'*A not null column that shows city where an office, warehouse, or
production site of a company is located. ');

Insert Into FORM_COLUMNS$
            ("COL_NUM", "COL_TYPE", "COL_MAX_LEN", "COL_NAME", "COL_NAME_LEN", "COL_PRECISION", "COL_SCALE"
            ,"FORM_CODE", "PIMARY_KEY_FLAG", "DEFAULT_COLUMN_WIDTH", "COLUMN_DESCRIPTION")
     Values ('2', 'VARCHAR2', '1024', 'COMPANY', '7', '0', '0', 'INS_EXP_ADDRESS', '', '*', '**COMPANY');

Insert Into FORM_COLUMNS$
            ("COL_NUM", "COL_TYPE", "COL_MAX_LEN", "COL_NAME", "COL_NAME_LEN", "COL_PRECISION", "COL_SCALE"
            ,"FORM_CODE", "PIMARY_KEY_FLAG", "DEFAULT_COLUMN_WIDTH", "COLUMN_DESCRIPTION")
     Values ('6', 'VARCHAR2', '1024', 'COUNTRY', '7', '0', '0', 'INS_EXP_ADDRESS', '', '*', '**COUNTRY');

Insert Into FORM_COLUMNS$
            ("COL_NUM", "COL_TYPE", "COL_MAX_LEN", "COL_NAME", "COL_NAME_LEN", "COL_PRECISION", "COL_SCALE"
            ,"FORM_CODE", "PIMARY_KEY_FLAG", "DEFAULT_COLUMN_WIDTH", "COLUMN_DESCRIPTION")
     Values ('7', 'NUMBER', '22', 'MAIN_ADDRESS', '12', '0', '-127', 'INS_EXP_ADDRESS', '', '*', '**MAIN_ADDRESS');

Insert Into FORM_COLUMNS$
            ("COL_NUM", "COL_TYPE", "COL_MAX_LEN", "COL_NAME", "COL_NAME_LEN", "COL_PRECISION", "COL_SCALE"
            ,"FORM_CODE", "PIMARY_KEY_FLAG", "DEFAULT_COLUMN_WIDTH", "COLUMN_DESCRIPTION")
     Values ('1', 'NUMBER', '22', 'ORIG_REF_ID', '11', '0', '-127', 'INS_EXP_ADDRESS', '', '*', '**ORIG_REF_ID');
/*  Form: INS_EXP_ADDRESS. Entity: FORM_COLUMNS.  */

Alter Table forms Enable VALIDATE Constraint forms_form_actions_fk;
Alter Table FORMS Enable All Triggers;

/*****************INS_EXP_COMPANY*********************/
Alter Table FORMS Disable All Triggers;
Alter Table forms Disable Constraint forms_form_actions_fk;
Delete From FORM_COLUMNS
      Where form_code = 'INS_EXP_COMPANY';
Delete From FORM_COLUMNS$
      Where form_code = 'INS_EXP_COMPANY';
Delete From FORM_ACTIONS
      Where form_code = 'INS_EXP_COMPANY';
Delete From FORM_TABS
      Where form_code = 'INS_EXP_COMPANY';
Delete From FORMS
      Where form_code = 'INS_EXP_COMPANY';
/*  Form: INS_EXP_COMPANY. Entity: FORMS.  */

Insert Into FORMS
            ("FORM_CODE", "HOT_KEY", "SQL_TEXT", "FORM_NAME", "FORM_TYPE", "SHOW_TREE_ROOT_NODE", "ICON_ID"
            ,"FORM_WIDTH", "FORM_HEIGHT", "BOTTOM_TABS_ORIENTATION", "SIDE_TABS_ORIENTATION", "SHOW_BOTTOM_TOOLBAR"
            ,"OBJECT_VERSION_NUMBER", "DEFAULT_COLUMN_WIDTH", "DESCRIPTION", "DOUBLE_CLICK_ACTION_CODE", "LOOKUP_WIDTH"
            ,"APPS_CODE", "EXPORT_ORDER")
     Values ('INS_EXP_COMPANY', '', 'select * from INS.EXP_COMPANY', '', 'G', 'Y', '', '*', '*', '', '', 'Y', '1', '*'
            ,'', '', '', 'INS', '100');
/*  Form: INS_EXP_COMPANY. Entity: FORM_TABS.  */
/*  Form: INS_EXP_COMPANY. Entity: FORM_ACTIONS.  */

Insert Into FORM_ACTIONS
            ("FORM_CODE", "ACTION_CODE", "PROCEDURE_NAME", "ACTION_DISPLAY_NAME", "ICON_ID", "DEFAULT_PARAM_PREFIX"
            ,"DEFAULT_OLD_PARAM_PREFIX", "ACTION_TYPE", "DISPLAY_NUMBER", "CONFIRM_TEXT", "HOT_KEY"
            ,"SHOW_SEPARATOR_BELOW", "DISPLAY_ON_TOOLBAR", "CHILD_FORM_CODE")
     Values ('INS_EXP_COMPANY', 'DEL', 'INS_EXP_COMPANY_PKG.p_delete', 'Удалить', '48', '', '', '3', '130'
            ,'Вы уверенны что хотите удалить запись?', '', 'N', 'Y', '');

Insert Into FORM_ACTIONS
            ("FORM_CODE", "ACTION_CODE", "PROCEDURE_NAME", "ACTION_DISPLAY_NAME", "ICON_ID", "DEFAULT_PARAM_PREFIX"
            ,"DEFAULT_OLD_PARAM_PREFIX", "ACTION_TYPE", "DISPLAY_NUMBER", "CONFIRM_TEXT", "HOT_KEY"
            ,"SHOW_SEPARATOR_BELOW", "DISPLAY_ON_TOOLBAR", "CHILD_FORM_CODE")
     Values ('INS_EXP_COMPANY', 'EDIT', '', 'Редактировать', '50', '', '', '8', '115', 'Вы уверенны?', '', 'N', 'Y', '');

Insert Into FORM_ACTIONS
            ("FORM_CODE", "ACTION_CODE", "PROCEDURE_NAME", "ACTION_DISPLAY_NAME", "ICON_ID", "DEFAULT_PARAM_PREFIX"
            ,"DEFAULT_OLD_PARAM_PREFIX", "ACTION_TYPE", "DISPLAY_NUMBER", "CONFIRM_TEXT", "HOT_KEY"
            ,"SHOW_SEPARATOR_BELOW", "DISPLAY_ON_TOOLBAR", "CHILD_FORM_CODE")
     Values ('INS_EXP_COMPANY', 'INS', '', 'Создать', '47', '', '', '1', '110', '', '', 'N', 'Y', '');

Insert Into FORM_ACTIONS
            ("FORM_CODE", "ACTION_CODE", "PROCEDURE_NAME", "ACTION_DISPLAY_NAME", "ICON_ID", "DEFAULT_PARAM_PREFIX"
            ,"DEFAULT_OLD_PARAM_PREFIX", "ACTION_TYPE", "DISPLAY_NUMBER", "CONFIRM_TEXT", "HOT_KEY"
            ,"SHOW_SEPARATOR_BELOW", "DISPLAY_ON_TOOLBAR", "CHILD_FORM_CODE")
     Values ('INS_EXP_COMPANY', 'REFR', '', 'Обновить', '15', '', '', '4', '10', '', '', 'N', 'Y', '');

Insert Into FORM_ACTIONS
            ("FORM_CODE", "ACTION_CODE", "PROCEDURE_NAME", "ACTION_DISPLAY_NAME", "ICON_ID", "DEFAULT_PARAM_PREFIX"
            ,"DEFAULT_OLD_PARAM_PREFIX", "ACTION_TYPE", "DISPLAY_NUMBER", "CONFIRM_TEXT", "HOT_KEY"
            ,"SHOW_SEPARATOR_BELOW", "DISPLAY_ON_TOOLBAR", "CHILD_FORM_CODE")
     Values ('INS_EXP_COMPANY', 'UPD', 'INS_EXP_COMPANY_PKG.p_ins_upd', 'Сохранить', '46', '', '', '2', '120'
            ,'Вы уверенны?', '', 'N', 'Y', '');
/*  Form: INS_EXP_COMPANY. Entity: FORM_COLUMNS$.  */

Insert Into FORM_COLUMNS$
            ("COL_NUM", "COL_TYPE", "COL_MAX_LEN", "COL_NAME", "COL_NAME_LEN", "COL_PRECISION", "COL_SCALE"
            ,"FORM_CODE", "PIMARY_KEY_FLAG", "DEFAULT_COLUMN_WIDTH", "COLUMN_DESCRIPTION")
     Values ('2', 'VARCHAR2', '4000', 'COMPANY_NAME', '12', '0', '0', 'INS_EXP_COMPANY', '', '*', '**COMPANY_NAME');

Insert Into FORM_COLUMNS$
            ("COL_NUM", "COL_TYPE", "COL_MAX_LEN", "COL_NAME", "COL_NAME_LEN", "COL_PRECISION", "COL_SCALE"
            ,"FORM_CODE", "PIMARY_KEY_FLAG", "DEFAULT_COLUMN_WIDTH", "COLUMN_DESCRIPTION")
     Values ('4', 'VARCHAR2', '1024', 'COMPANY_TYPE', '12', '0', '0', 'INS_EXP_COMPANY', '', '*', '**COMPANY_TYPE');

Insert Into FORM_COLUMNS$
            ("COL_NUM", "COL_TYPE", "COL_MAX_LEN", "COL_NAME", "COL_NAME_LEN", "COL_PRECISION", "COL_SCALE"
            ,"FORM_CODE", "PIMARY_KEY_FLAG", "DEFAULT_COLUMN_WIDTH", "COLUMN_DESCRIPTION")
     Values ('6', 'DATE', '7', 'CREATED', '7', '0', '0', 'INS_EXP_COMPANY', '', '*', '*Creation date of the change set');

Insert Into FORM_COLUMNS$
            ("COL_NUM", "COL_TYPE", "COL_MAX_LEN", "COL_NAME", "COL_NAME_LEN", "COL_PRECISION", "COL_SCALE"
            ,"FORM_CODE", "PIMARY_KEY_FLAG", "DEFAULT_COLUMN_WIDTH", "COLUMN_DESCRIPTION")
     Values ('5', 'VARCHAR2', '1024', 'CREATED_BY', '10', '0', '0', 'INS_EXP_COMPANY', '', '*'
            ,'*Auditing; user that created the record.');

Insert Into FORM_COLUMNS$
            ("COL_NUM", "COL_TYPE", "COL_MAX_LEN", "COL_NAME", "COL_NAME_LEN", "COL_PRECISION", "COL_SCALE"
            ,"FORM_CODE", "PIMARY_KEY_FLAG", "DEFAULT_COLUMN_WIDTH", "COLUMN_DESCRIPTION")
     Values ('1', 'NUMBER', '22', 'ORIG_REF_ID', '11', '0', '-127', 'INS_EXP_COMPANY', '', '*', '**ORIG_REF_ID');

Insert Into FORM_COLUMNS$
            ("COL_NUM", "COL_TYPE", "COL_MAX_LEN", "COL_NAME", "COL_NAME_LEN", "COL_PRECISION", "COL_SCALE"
            ,"FORM_CODE", "PIMARY_KEY_FLAG", "DEFAULT_COLUMN_WIDTH", "COLUMN_DESCRIPTION")
     Values ('3', 'VARCHAR2', '1024', 'SHORT_NAME', '10', '0', '0', 'INS_EXP_COMPANY', '', '*', '*Краткое имя шифра');

Insert Into FORM_COLUMNS$
            ("COL_NUM", "COL_TYPE", "COL_MAX_LEN", "COL_NAME", "COL_NAME_LEN", "COL_PRECISION", "COL_SCALE"
            ,"FORM_CODE", "PIMARY_KEY_FLAG", "DEFAULT_COLUMN_WIDTH", "COLUMN_DESCRIPTION")
     Values ('8', 'DATE', '7', 'UPDATED', '7', '0', '0', 'INS_EXP_COMPANY', '', '*', '**UPDATED');

Insert Into FORM_COLUMNS$
            ("COL_NUM", "COL_TYPE", "COL_MAX_LEN", "COL_NAME", "COL_NAME_LEN", "COL_PRECISION", "COL_SCALE"
            ,"FORM_CODE", "PIMARY_KEY_FLAG", "DEFAULT_COLUMN_WIDTH", "COLUMN_DESCRIPTION")
     Values ('7', 'VARCHAR2', '1024', 'UPDATED_BY', '10', '0', '0', 'INS_EXP_COMPANY', '', '*', '**UPDATED_BY');
/*  Form: INS_EXP_COMPANY. Entity: FORM_COLUMNS.  */

Alter Table forms Enable VALIDATE Constraint forms_form_actions_fk;
Alter Table FORMS Enable All Triggers;

/*****************INS_EXP_CONTRACT*********************/
Alter Table FORMS Disable All Triggers;
Alter Table forms Disable Constraint forms_form_actions_fk;
Delete From FORM_COLUMNS
      Where form_code = 'INS_EXP_CONTRACT';
Delete From FORM_COLUMNS$
      Where form_code = 'INS_EXP_CONTRACT';
Delete From FORM_ACTIONS
      Where form_code = 'INS_EXP_CONTRACT';
Delete From FORM_TABS
      Where form_code = 'INS_EXP_CONTRACT';
Delete From FORMS
      Where form_code = 'INS_EXP_CONTRACT';
/*  Form: INS_EXP_CONTRACT. Entity: FORMS.  */

Insert Into FORMS
            ("FORM_CODE", "HOT_KEY", "SQL_TEXT", "FORM_NAME", "FORM_TYPE", "SHOW_TREE_ROOT_NODE", "ICON_ID"
            ,"FORM_WIDTH", "FORM_HEIGHT", "BOTTOM_TABS_ORIENTATION", "SIDE_TABS_ORIENTATION", "SHOW_BOTTOM_TOOLBAR"
            ,"OBJECT_VERSION_NUMBER", "DEFAULT_COLUMN_WIDTH", "DESCRIPTION", "DOUBLE_CLICK_ACTION_CODE", "LOOKUP_WIDTH"
            ,"APPS_CODE", "EXPORT_ORDER")
     Values ('INS_EXP_CONTRACT', '', 'select * from INS.EXP_CONTRACT', '', 'G', 'Y', '', '*', '*', '', '', 'Y', '1'
            ,'*', '', '', '', 'INS', '100');
/*  Form: INS_EXP_CONTRACT. Entity: FORM_TABS.  */
/*  Form: INS_EXP_CONTRACT. Entity: FORM_ACTIONS.  */

Insert Into FORM_ACTIONS
            ("FORM_CODE", "ACTION_CODE", "PROCEDURE_NAME", "ACTION_DISPLAY_NAME", "ICON_ID", "DEFAULT_PARAM_PREFIX"
            ,"DEFAULT_OLD_PARAM_PREFIX", "ACTION_TYPE", "DISPLAY_NUMBER", "CONFIRM_TEXT", "HOT_KEY"
            ,"SHOW_SEPARATOR_BELOW", "DISPLAY_ON_TOOLBAR", "CHILD_FORM_CODE")
     Values ('INS_EXP_CONTRACT', 'DEL', 'INS_EXP_CONTRACT_PKG.p_delete', 'Удалить', '48', '', '', '3', '130'
            ,'Вы уверенны что хотите удалить запись?', '', 'N', 'Y', '');

Insert Into FORM_ACTIONS
            ("FORM_CODE", "ACTION_CODE", "PROCEDURE_NAME", "ACTION_DISPLAY_NAME", "ICON_ID", "DEFAULT_PARAM_PREFIX"
            ,"DEFAULT_OLD_PARAM_PREFIX", "ACTION_TYPE", "DISPLAY_NUMBER", "CONFIRM_TEXT", "HOT_KEY"
            ,"SHOW_SEPARATOR_BELOW", "DISPLAY_ON_TOOLBAR", "CHILD_FORM_CODE")
     Values ('INS_EXP_CONTRACT', 'EDIT', '', 'Редактировать', '50', '', '', '8', '115', 'Вы уверенны?', '', 'N', 'Y'
            ,'');

Insert Into FORM_ACTIONS
            ("FORM_CODE", "ACTION_CODE", "PROCEDURE_NAME", "ACTION_DISPLAY_NAME", "ICON_ID", "DEFAULT_PARAM_PREFIX"
            ,"DEFAULT_OLD_PARAM_PREFIX", "ACTION_TYPE", "DISPLAY_NUMBER", "CONFIRM_TEXT", "HOT_KEY"
            ,"SHOW_SEPARATOR_BELOW", "DISPLAY_ON_TOOLBAR", "CHILD_FORM_CODE")
     Values ('INS_EXP_CONTRACT', 'INS', '', 'Создать', '47', '', '', '1', '110', '', '', 'N', 'Y', '');

Insert Into FORM_ACTIONS
            ("FORM_CODE", "ACTION_CODE", "PROCEDURE_NAME", "ACTION_DISPLAY_NAME", "ICON_ID", "DEFAULT_PARAM_PREFIX"
            ,"DEFAULT_OLD_PARAM_PREFIX", "ACTION_TYPE", "DISPLAY_NUMBER", "CONFIRM_TEXT", "HOT_KEY"
            ,"SHOW_SEPARATOR_BELOW", "DISPLAY_ON_TOOLBAR", "CHILD_FORM_CODE")
     Values ('INS_EXP_CONTRACT', 'REFR', '', 'Обновить', '15', '', '', '4', '10', '', '', 'N', 'Y', '');

Insert Into FORM_ACTIONS
            ("FORM_CODE", "ACTION_CODE", "PROCEDURE_NAME", "ACTION_DISPLAY_NAME", "ICON_ID", "DEFAULT_PARAM_PREFIX"
            ,"DEFAULT_OLD_PARAM_PREFIX", "ACTION_TYPE", "DISPLAY_NUMBER", "CONFIRM_TEXT", "HOT_KEY"
            ,"SHOW_SEPARATOR_BELOW", "DISPLAY_ON_TOOLBAR", "CHILD_FORM_CODE")
     Values ('INS_EXP_CONTRACT', 'UPD', 'INS_EXP_CONTRACT_PKG.p_ins_upd', 'Сохранить', '46', '', '', '2', '120'
            ,'Вы уверенны?', '', 'N', 'Y', '');
/*  Form: INS_EXP_CONTRACT. Entity: FORM_COLUMNS$.  */

Insert Into FORM_COLUMNS$
            ("COL_NUM", "COL_TYPE", "COL_MAX_LEN", "COL_NAME", "COL_NAME_LEN", "COL_PRECISION", "COL_SCALE"
            ,"FORM_CODE", "PIMARY_KEY_FLAG", "DEFAULT_COLUMN_WIDTH", "COLUMN_DESCRIPTION")
     Values ('8', 'VARCHAR2', '1024', 'CLIENT_COMPANY', '14', '0', '0', 'INS_EXP_CONTRACT', '', '*', '**CLIENT_COMPANY');

Insert Into FORM_COLUMNS$
            ("COL_NUM", "COL_TYPE", "COL_MAX_LEN", "COL_NAME", "COL_NAME_LEN", "COL_PRECISION", "COL_SCALE"
            ,"FORM_CODE", "PIMARY_KEY_FLAG", "DEFAULT_COLUMN_WIDTH", "COLUMN_DESCRIPTION")
     Values ('12', 'DATE', '7', 'CONTRACT_DATE', '13', '0', '0', 'INS_EXP_CONTRACT', '', '*', '**CONTRACT_DATE');

Insert Into FORM_COLUMNS$
            ("COL_NUM", "COL_TYPE", "COL_MAX_LEN", "COL_NAME", "COL_NAME_LEN", "COL_PRECISION", "COL_SCALE"
            ,"FORM_CODE", "PIMARY_KEY_FLAG", "DEFAULT_COLUMN_WIDTH", "COLUMN_DESCRIPTION")
     Values ('2', 'VARCHAR2', '1024', 'CONTRACT_NO', '11', '0', '0', 'INS_EXP_CONTRACT', '', '*', '**CONTRACT_NO');

Insert Into FORM_COLUMNS$
            ("COL_NUM", "COL_TYPE", "COL_MAX_LEN", "COL_NAME", "COL_NAME_LEN", "COL_PRECISION", "COL_SCALE"
            ,"FORM_CODE", "PIMARY_KEY_FLAG", "DEFAULT_COLUMN_WIDTH", "COLUMN_DESCRIPTION")
     Values ('5', 'DATE', '7', 'CREATED', '7', '0', '0', 'INS_EXP_CONTRACT', '', '*'
            ,'*Creation date of the change set');

Insert Into FORM_COLUMNS$
            ("COL_NUM", "COL_TYPE", "COL_MAX_LEN", "COL_NAME", "COL_NAME_LEN", "COL_PRECISION", "COL_SCALE"
            ,"FORM_CODE", "PIMARY_KEY_FLAG", "DEFAULT_COLUMN_WIDTH", "COLUMN_DESCRIPTION")
     Values ('4', 'VARCHAR2', '1024', 'CREATED_BY', '10', '0', '0', 'INS_EXP_CONTRACT', '', '*'
            ,'*Auditing; user that created the record.');

Insert Into FORM_COLUMNS$
            ("COL_NUM", "COL_TYPE", "COL_MAX_LEN", "COL_NAME", "COL_NAME_LEN", "COL_PRECISION", "COL_SCALE"
            ,"FORM_CODE", "PIMARY_KEY_FLAG", "DEFAULT_COLUMN_WIDTH", "COLUMN_DESCRIPTION")
     Values ('11', 'VARCHAR2', '1024', 'CURRENCY', '8', '0', '0', 'INS_EXP_CONTRACT', '', '*', '**CURRENCY');

Insert Into FORM_COLUMNS$
            ("COL_NUM", "COL_TYPE", "COL_MAX_LEN", "COL_NAME", "COL_NAME_LEN", "COL_PRECISION", "COL_SCALE"
            ,"FORM_CODE", "PIMARY_KEY_FLAG", "DEFAULT_COLUMN_WIDTH", "COLUMN_DESCRIPTION")
     Values ('14', 'DATE', '7', 'DATE_FINISH', '11', '0', '0', 'INS_EXP_CONTRACT', '', '*', '**DATE_FINISH');

Insert Into FORM_COLUMNS$
            ("COL_NUM", "COL_TYPE", "COL_MAX_LEN", "COL_NAME", "COL_NAME_LEN", "COL_PRECISION", "COL_SCALE"
            ,"FORM_CODE", "PIMARY_KEY_FLAG", "DEFAULT_COLUMN_WIDTH", "COLUMN_DESCRIPTION")
     Values ('13', 'DATE', '7', 'DATE_START', '10', '0', '0', 'INS_EXP_CONTRACT', '', '*'
            ,'*Дата (месяц) начала действия записи');

Insert Into FORM_COLUMNS$
            ("COL_NUM", "COL_TYPE", "COL_MAX_LEN", "COL_NAME", "COL_NAME_LEN", "COL_PRECISION", "COL_SCALE"
            ,"FORM_CODE", "PIMARY_KEY_FLAG", "DEFAULT_COLUMN_WIDTH", "COLUMN_DESCRIPTION")
     Values ('3', 'VARCHAR2', '1024', 'DESCR', '5', '0', '0', 'INS_EXP_CONTRACT', '', '*', '**DESCR');

Insert Into FORM_COLUMNS$
            ("COL_NUM", "COL_TYPE", "COL_MAX_LEN", "COL_NAME", "COL_NAME_LEN", "COL_PRECISION", "COL_SCALE"
            ,"FORM_CODE", "PIMARY_KEY_FLAG", "DEFAULT_COLUMN_WIDTH", "COLUMN_DESCRIPTION")
     Values ('9', 'VARCHAR2', '1024', 'INSUR_COMPANY', '13', '0', '0', 'INS_EXP_CONTRACT', '', '*', '**INSUR_COMPANY');

Insert Into FORM_COLUMNS$
            ("COL_NUM", "COL_TYPE", "COL_MAX_LEN", "COL_NAME", "COL_NAME_LEN", "COL_PRECISION", "COL_SCALE"
            ,"FORM_CODE", "PIMARY_KEY_FLAG", "DEFAULT_COLUMN_WIDTH", "COLUMN_DESCRIPTION")
     Values ('1', 'NUMBER', '22', 'ORIG_REF_ID', '11', '0', '-127', 'INS_EXP_CONTRACT', '', '*', '**ORIG_REF_ID');

Insert Into FORM_COLUMNS$
            ("COL_NUM", "COL_TYPE", "COL_MAX_LEN", "COL_NAME", "COL_NAME_LEN", "COL_PRECISION", "COL_SCALE"
            ,"FORM_CODE", "PIMARY_KEY_FLAG", "DEFAULT_COLUMN_WIDTH", "COLUMN_DESCRIPTION")
     Values ('10', 'NUMBER', '22', 'SUMM', '4', '0', '-127', 'INS_EXP_CONTRACT', '', '*', '**SUMM');

Insert Into FORM_COLUMNS$
            ("COL_NUM", "COL_TYPE", "COL_MAX_LEN", "COL_NAME", "COL_NAME_LEN", "COL_PRECISION", "COL_SCALE"
            ,"FORM_CODE", "PIMARY_KEY_FLAG", "DEFAULT_COLUMN_WIDTH", "COLUMN_DESCRIPTION")
     Values ('7', 'DATE', '7', 'UPDATED', '7', '0', '0', 'INS_EXP_CONTRACT', '', '*', '**UPDATED');

Insert Into FORM_COLUMNS$
            ("COL_NUM", "COL_TYPE", "COL_MAX_LEN", "COL_NAME", "COL_NAME_LEN", "COL_PRECISION", "COL_SCALE"
            ,"FORM_CODE", "PIMARY_KEY_FLAG", "DEFAULT_COLUMN_WIDTH", "COLUMN_DESCRIPTION")
     Values ('6', 'VARCHAR2', '1024', 'UPDATED_BY', '10', '0', '0', 'INS_EXP_CONTRACT', '', '*', '**UPDATED_BY');
/*  Form: INS_EXP_CONTRACT. Entity: FORM_COLUMNS.  */

Alter Table forms Enable VALIDATE Constraint forms_form_actions_fk;
Alter Table FORMS Enable All Triggers;

/*****************INS_EXP_LOOKUPS*********************/
Alter Table FORMS Disable All Triggers;
Alter Table forms Disable Constraint forms_form_actions_fk;
Delete From FORM_COLUMNS
      Where form_code = 'INS_EXP_LOOKUPS';
Delete From FORM_COLUMNS$
      Where form_code = 'INS_EXP_LOOKUPS';
Delete From FORM_ACTIONS
      Where form_code = 'INS_EXP_LOOKUPS';
Delete From FORM_TABS
      Where form_code = 'INS_EXP_LOOKUPS';
Delete From FORMS
      Where form_code = 'INS_EXP_LOOKUPS';
/*  Form: INS_EXP_LOOKUPS. Entity: FORMS.  */

Insert Into FORMS
            ("FORM_CODE", "HOT_KEY", "SQL_TEXT", "FORM_NAME", "FORM_TYPE", "SHOW_TREE_ROOT_NODE", "ICON_ID"
            ,"FORM_WIDTH", "FORM_HEIGHT", "BOTTOM_TABS_ORIENTATION", "SIDE_TABS_ORIENTATION", "SHOW_BOTTOM_TOOLBAR"
            ,"OBJECT_VERSION_NUMBER", "DEFAULT_COLUMN_WIDTH", "DESCRIPTION", "DOUBLE_CLICK_ACTION_CODE", "LOOKUP_WIDTH"
            ,"APPS_CODE", "EXPORT_ORDER")
     Values ('INS_EXP_LOOKUPS', '', 'select * from INS.EXP_LOOKUPS', '', 'G', 'Y', '', '*', '*', '', '', 'Y', '1', '*'
            ,'', '', '', 'INS', '100');
/*  Form: INS_EXP_LOOKUPS. Entity: FORM_TABS.  */
/*  Form: INS_EXP_LOOKUPS. Entity: FORM_ACTIONS.  */

Insert Into FORM_ACTIONS
            ("FORM_CODE", "ACTION_CODE", "PROCEDURE_NAME", "ACTION_DISPLAY_NAME", "ICON_ID", "DEFAULT_PARAM_PREFIX"
            ,"DEFAULT_OLD_PARAM_PREFIX", "ACTION_TYPE", "DISPLAY_NUMBER", "CONFIRM_TEXT", "HOT_KEY"
            ,"SHOW_SEPARATOR_BELOW", "DISPLAY_ON_TOOLBAR", "CHILD_FORM_CODE")
     Values ('INS_EXP_LOOKUPS', 'DEL', 'INS_EXP_LOOKUPS_PKG.p_delete', 'Удалить', '48', '', '', '3', '130'
            ,'Вы уверенны что хотите удалить запись?', '', 'N', 'Y', '');

Insert Into FORM_ACTIONS
            ("FORM_CODE", "ACTION_CODE", "PROCEDURE_NAME", "ACTION_DISPLAY_NAME", "ICON_ID", "DEFAULT_PARAM_PREFIX"
            ,"DEFAULT_OLD_PARAM_PREFIX", "ACTION_TYPE", "DISPLAY_NUMBER", "CONFIRM_TEXT", "HOT_KEY"
            ,"SHOW_SEPARATOR_BELOW", "DISPLAY_ON_TOOLBAR", "CHILD_FORM_CODE")
     Values ('INS_EXP_LOOKUPS', 'EDIT', '', 'Редактировать', '50', '', '', '8', '115', 'Вы уверенны?', '', 'N', 'Y', '');

Insert Into FORM_ACTIONS
            ("FORM_CODE", "ACTION_CODE", "PROCEDURE_NAME", "ACTION_DISPLAY_NAME", "ICON_ID", "DEFAULT_PARAM_PREFIX"
            ,"DEFAULT_OLD_PARAM_PREFIX", "ACTION_TYPE", "DISPLAY_NUMBER", "CONFIRM_TEXT", "HOT_KEY"
            ,"SHOW_SEPARATOR_BELOW", "DISPLAY_ON_TOOLBAR", "CHILD_FORM_CODE")
     Values ('INS_EXP_LOOKUPS', 'INS', '', 'Создать', '47', '', '', '1', '110', '', '', 'N', 'Y', '');

Insert Into FORM_ACTIONS
            ("FORM_CODE", "ACTION_CODE", "PROCEDURE_NAME", "ACTION_DISPLAY_NAME", "ICON_ID", "DEFAULT_PARAM_PREFIX"
            ,"DEFAULT_OLD_PARAM_PREFIX", "ACTION_TYPE", "DISPLAY_NUMBER", "CONFIRM_TEXT", "HOT_KEY"
            ,"SHOW_SEPARATOR_BELOW", "DISPLAY_ON_TOOLBAR", "CHILD_FORM_CODE")
     Values ('INS_EXP_LOOKUPS', 'REFR', '', 'Обновить', '15', '', '', '4', '10', '', '', 'N', 'Y', '');

Insert Into FORM_ACTIONS
            ("FORM_CODE", "ACTION_CODE", "PROCEDURE_NAME", "ACTION_DISPLAY_NAME", "ICON_ID", "DEFAULT_PARAM_PREFIX"
            ,"DEFAULT_OLD_PARAM_PREFIX", "ACTION_TYPE", "DISPLAY_NUMBER", "CONFIRM_TEXT", "HOT_KEY"
            ,"SHOW_SEPARATOR_BELOW", "DISPLAY_ON_TOOLBAR", "CHILD_FORM_CODE")
     Values ('INS_EXP_LOOKUPS', 'UPD', 'INS_EXP_LOOKUPS_PKG.p_ins_upd', 'Сохранить', '46', '', '', '2', '120'
            ,'Вы уверенны?', '', 'N', 'Y', '');
/*  Form: INS_EXP_LOOKUPS. Entity: FORM_COLUMNS$.  */

Insert Into FORM_COLUMNS$
            ("COL_NUM", "COL_TYPE", "COL_MAX_LEN", "COL_NAME", "COL_NAME_LEN", "COL_PRECISION", "COL_SCALE"
            ,"FORM_CODE", "PIMARY_KEY_FLAG", "DEFAULT_COLUMN_WIDTH", "COLUMN_DESCRIPTION")
     Values ('1', 'VARCHAR2', '1024', 'LOOKUP_CODE', '11', '0', '0', 'INS_EXP_LOOKUPS', '', '*'
            ,'*Ссылка на лукап - формау или простой');

Insert Into FORM_COLUMNS$
            ("COL_NUM", "COL_TYPE", "COL_MAX_LEN", "COL_NAME", "COL_NAME_LEN", "COL_PRECISION", "COL_SCALE"
            ,"FORM_CODE", "PIMARY_KEY_FLAG", "DEFAULT_COLUMN_WIDTH", "COLUMN_DESCRIPTION")
     Values ('2', 'VARCHAR2', '1024', 'LOOKUP_NAME', '11', '0', '0', 'INS_EXP_LOOKUPS', '', '*'
            ,'*Пользовательское имя');
/*  Form: INS_EXP_LOOKUPS. Entity: FORM_COLUMNS.  */

Alter Table forms Enable VALIDATE Constraint forms_form_actions_fk;
Alter Table FORMS Enable All Triggers;

/*****************INS_EXP_LOOKUP_ATTRIBUTES*********************/
Alter Table FORMS Disable All Triggers;
Alter Table forms Disable Constraint forms_form_actions_fk;
Delete From FORM_COLUMNS
      Where form_code = 'INS_EXP_LOOKUP_ATTRIBUTES';
Delete From FORM_COLUMNS$
      Where form_code = 'INS_EXP_LOOKUP_ATTRIBUTES';
Delete From FORM_ACTIONS
      Where form_code = 'INS_EXP_LOOKUP_ATTRIBUTES';
Delete From FORM_TABS
      Where form_code = 'INS_EXP_LOOKUP_ATTRIBUTES';
Delete From FORMS
      Where form_code = 'INS_EXP_LOOKUP_ATTRIBUTES';
/*  Form: INS_EXP_LOOKUP_ATTRIBUTES. Entity: FORMS.  */

Insert Into FORMS
            ("FORM_CODE", "HOT_KEY", "SQL_TEXT", "FORM_NAME", "FORM_TYPE", "SHOW_TREE_ROOT_NODE", "ICON_ID"
            ,"FORM_WIDTH", "FORM_HEIGHT", "BOTTOM_TABS_ORIENTATION", "SIDE_TABS_ORIENTATION", "SHOW_BOTTOM_TOOLBAR"
            ,"OBJECT_VERSION_NUMBER", "DEFAULT_COLUMN_WIDTH", "DESCRIPTION", "DOUBLE_CLICK_ACTION_CODE", "LOOKUP_WIDTH"
            ,"APPS_CODE", "EXPORT_ORDER")
     Values ('INS_EXP_LOOKUP_ATTRIBUTES', '', 'select * from INS.EXP_LOOKUP_ATTRIBUTES', '', 'G', 'Y', '', '*', '*', ''
            ,'', 'Y', '1', '*', '', '', '', 'INS', '100');
/*  Form: INS_EXP_LOOKUP_ATTRIBUTES. Entity: FORM_TABS.  */
/*  Form: INS_EXP_LOOKUP_ATTRIBUTES. Entity: FORM_ACTIONS.  */

Insert Into FORM_ACTIONS
            ("FORM_CODE", "ACTION_CODE", "PROCEDURE_NAME", "ACTION_DISPLAY_NAME", "ICON_ID", "DEFAULT_PARAM_PREFIX"
            ,"DEFAULT_OLD_PARAM_PREFIX", "ACTION_TYPE", "DISPLAY_NUMBER", "CONFIRM_TEXT", "HOT_KEY"
            ,"SHOW_SEPARATOR_BELOW", "DISPLAY_ON_TOOLBAR", "CHILD_FORM_CODE")
     Values ('INS_EXP_LOOKUP_ATTRIBUTES', 'DEL', 'INS_EXP_LOOKUP_ATTRIBUTES_PKG.p_delete', 'Удалить', '48', '', '', '3'
            ,'130', 'Вы уверенны что хотите удалить запись?', '', 'N', 'Y', '');

Insert Into FORM_ACTIONS
            ("FORM_CODE", "ACTION_CODE", "PROCEDURE_NAME", "ACTION_DISPLAY_NAME", "ICON_ID", "DEFAULT_PARAM_PREFIX"
            ,"DEFAULT_OLD_PARAM_PREFIX", "ACTION_TYPE", "DISPLAY_NUMBER", "CONFIRM_TEXT", "HOT_KEY"
            ,"SHOW_SEPARATOR_BELOW", "DISPLAY_ON_TOOLBAR", "CHILD_FORM_CODE")
     Values ('INS_EXP_LOOKUP_ATTRIBUTES', 'EDIT', '', 'Редактировать', '50', '', '', '8', '115', 'Вы уверенны?', ''
            ,'N', 'Y', '');

Insert Into FORM_ACTIONS
            ("FORM_CODE", "ACTION_CODE", "PROCEDURE_NAME", "ACTION_DISPLAY_NAME", "ICON_ID", "DEFAULT_PARAM_PREFIX"
            ,"DEFAULT_OLD_PARAM_PREFIX", "ACTION_TYPE", "DISPLAY_NUMBER", "CONFIRM_TEXT", "HOT_KEY"
            ,"SHOW_SEPARATOR_BELOW", "DISPLAY_ON_TOOLBAR", "CHILD_FORM_CODE")
     Values ('INS_EXP_LOOKUP_ATTRIBUTES', 'INS', '', 'Создать', '47', '', '', '1', '110', '', '', 'N', 'Y', '');

Insert Into FORM_ACTIONS
            ("FORM_CODE", "ACTION_CODE", "PROCEDURE_NAME", "ACTION_DISPLAY_NAME", "ICON_ID", "DEFAULT_PARAM_PREFIX"
            ,"DEFAULT_OLD_PARAM_PREFIX", "ACTION_TYPE", "DISPLAY_NUMBER", "CONFIRM_TEXT", "HOT_KEY"
            ,"SHOW_SEPARATOR_BELOW", "DISPLAY_ON_TOOLBAR", "CHILD_FORM_CODE")
     Values ('INS_EXP_LOOKUP_ATTRIBUTES', 'REFR', '', 'Обновить', '15', '', '', '4', '10', '', '', 'N', 'Y', '');

Insert Into FORM_ACTIONS
            ("FORM_CODE", "ACTION_CODE", "PROCEDURE_NAME", "ACTION_DISPLAY_NAME", "ICON_ID", "DEFAULT_PARAM_PREFIX"
            ,"DEFAULT_OLD_PARAM_PREFIX", "ACTION_TYPE", "DISPLAY_NUMBER", "CONFIRM_TEXT", "HOT_KEY"
            ,"SHOW_SEPARATOR_BELOW", "DISPLAY_ON_TOOLBAR", "CHILD_FORM_CODE")
     Values ('INS_EXP_LOOKUP_ATTRIBUTES', 'UPD', 'INS_EXP_LOOKUP_ATTRIBUTES_PKG.p_ins_upd', 'Сохранить', '46', '', ''
            ,'2', '120', 'Вы уверенны?', '', 'N', 'Y', '');
/*  Form: INS_EXP_LOOKUP_ATTRIBUTES. Entity: FORM_COLUMNS$.  */

Insert Into FORM_COLUMNS$
            ("COL_NUM", "COL_TYPE", "COL_MAX_LEN", "COL_NAME", "COL_NAME_LEN", "COL_PRECISION", "COL_SCALE"
            ,"FORM_CODE", "PIMARY_KEY_FLAG", "DEFAULT_COLUMN_WIDTH", "COLUMN_DESCRIPTION")
     Values ('2', 'VARCHAR2', '1024', 'ATTRIBUTE_CODE', '14', '0', '0', 'INS_EXP_LOOKUP_ATTRIBUTES', '', '*'
            ,'**ATTRIBUTE_CODE');

Insert Into FORM_COLUMNS$
            ("COL_NUM", "COL_TYPE", "COL_MAX_LEN", "COL_NAME", "COL_NAME_LEN", "COL_PRECISION", "COL_SCALE"
            ,"FORM_CODE", "PIMARY_KEY_FLAG", "DEFAULT_COLUMN_WIDTH", "COLUMN_DESCRIPTION")
     Values ('3', 'VARCHAR2', '1024', 'ATTRIBUTE_NAME', '14', '0', '0', 'INS_EXP_LOOKUP_ATTRIBUTES', '', '*'
            ,'*Name of the attribute');

Insert Into FORM_COLUMNS$
            ("COL_NUM", "COL_TYPE", "COL_MAX_LEN", "COL_NAME", "COL_NAME_LEN", "COL_PRECISION", "COL_SCALE"
            ,"FORM_CODE", "PIMARY_KEY_FLAG", "DEFAULT_COLUMN_WIDTH", "COLUMN_DESCRIPTION")
     Values ('4', 'CHAR', '4', 'ATTRIBUTE_TYPE', '14', '0', '0', 'INS_EXP_LOOKUP_ATTRIBUTES', '', '*', '*N/D/C/B');

Insert Into FORM_COLUMNS$
            ("COL_NUM", "COL_TYPE", "COL_MAX_LEN", "COL_NAME", "COL_NAME_LEN", "COL_PRECISION", "COL_SCALE"
            ,"FORM_CODE", "PIMARY_KEY_FLAG", "DEFAULT_COLUMN_WIDTH", "COLUMN_DESCRIPTION")
     Values ('1', 'VARCHAR2', '1024', 'LOOKUP_CODE', '11', '0', '0', 'INS_EXP_LOOKUP_ATTRIBUTES', '', '*'
            ,'*Ссылка на лукап - формау или простой');
/*  Form: INS_EXP_LOOKUP_ATTRIBUTES. Entity: FORM_COLUMNS.  */

Alter Table forms Enable VALIDATE Constraint forms_form_actions_fk;
Alter Table FORMS Enable All Triggers;

/*****************INS_EXP_LOOKUP_ATTRIBUTE_VALUES*********************/
Alter Table FORMS Disable All Triggers;
Alter Table forms Disable Constraint forms_form_actions_fk;
Delete From FORM_COLUMNS
      Where form_code = 'INS_EXP_LOOKUP_ATTRIBUTE_VALUES';
Delete From FORM_COLUMNS$
      Where form_code = 'INS_EXP_LOOKUP_ATTRIBUTE_VALUES';
Delete From FORM_ACTIONS
      Where form_code = 'INS_EXP_LOOKUP_ATTRIBUTE_VALUES';
Delete From FORM_TABS
      Where form_code = 'INS_EXP_LOOKUP_ATTRIBUTE_VALUES';
Delete From FORMS
      Where form_code = 'INS_EXP_LOOKUP_ATTRIBUTE_VALUES';
/*  Form: INS_EXP_LOOKUP_ATTRIBUTE_VALUES. Entity: FORMS.  */

Insert Into FORMS
            ("FORM_CODE", "HOT_KEY", "SQL_TEXT", "FORM_NAME", "FORM_TYPE", "SHOW_TREE_ROOT_NODE", "ICON_ID"
            ,"FORM_WIDTH", "FORM_HEIGHT", "BOTTOM_TABS_ORIENTATION", "SIDE_TABS_ORIENTATION", "SHOW_BOTTOM_TOOLBAR"
            ,"OBJECT_VERSION_NUMBER", "DEFAULT_COLUMN_WIDTH", "DESCRIPTION", "DOUBLE_CLICK_ACTION_CODE", "LOOKUP_WIDTH"
            ,"APPS_CODE", "EXPORT_ORDER")
     Values ('INS_EXP_LOOKUP_ATTRIBUTE_VALUES', '', 'select * from INS.EXP_LOOKUP_ATTRIBUTE_VALUES', '', 'G', 'Y', ''
            ,'*', '*', '', '', 'Y', '1', '*', '', '', '', 'INS', '100');
/*  Form: INS_EXP_LOOKUP_ATTRIBUTE_VALUES. Entity: FORM_TABS.  */
/*  Form: INS_EXP_LOOKUP_ATTRIBUTE_VALUES. Entity: FORM_ACTIONS.  */

Insert Into FORM_ACTIONS
            ("FORM_CODE", "ACTION_CODE", "PROCEDURE_NAME", "ACTION_DISPLAY_NAME", "ICON_ID", "DEFAULT_PARAM_PREFIX"
            ,"DEFAULT_OLD_PARAM_PREFIX", "ACTION_TYPE", "DISPLAY_NUMBER", "CONFIRM_TEXT", "HOT_KEY"
            ,"SHOW_SEPARATOR_BELOW", "DISPLAY_ON_TOOLBAR", "CHILD_FORM_CODE")
     Values ('INS_EXP_LOOKUP_ATTRIBUTE_VALUES', 'DEL', 'INS_EXP_LOOKUP_ATTRIBUTE_VALUES_PKG.p_delete', 'Удалить', '48'
            ,'', '', '3', '130', 'Вы уверенны что хотите удалить запись?', '', 'N', 'Y', '');

Insert Into FORM_ACTIONS
            ("FORM_CODE", "ACTION_CODE", "PROCEDURE_NAME", "ACTION_DISPLAY_NAME", "ICON_ID", "DEFAULT_PARAM_PREFIX"
            ,"DEFAULT_OLD_PARAM_PREFIX", "ACTION_TYPE", "DISPLAY_NUMBER", "CONFIRM_TEXT", "HOT_KEY"
            ,"SHOW_SEPARATOR_BELOW", "DISPLAY_ON_TOOLBAR", "CHILD_FORM_CODE")
     Values ('INS_EXP_LOOKUP_ATTRIBUTE_VALUES', 'EDIT', '', 'Редактировать', '50', '', '', '8', '115', 'Вы уверенны?'
            ,'', 'N', 'Y', '');

Insert Into FORM_ACTIONS
            ("FORM_CODE", "ACTION_CODE", "PROCEDURE_NAME", "ACTION_DISPLAY_NAME", "ICON_ID", "DEFAULT_PARAM_PREFIX"
            ,"DEFAULT_OLD_PARAM_PREFIX", "ACTION_TYPE", "DISPLAY_NUMBER", "CONFIRM_TEXT", "HOT_KEY"
            ,"SHOW_SEPARATOR_BELOW", "DISPLAY_ON_TOOLBAR", "CHILD_FORM_CODE")
     Values ('INS_EXP_LOOKUP_ATTRIBUTE_VALUES', 'INS', '', 'Создать', '47', '', '', '1', '110', '', '', 'N', 'Y', '');

Insert Into FORM_ACTIONS
            ("FORM_CODE", "ACTION_CODE", "PROCEDURE_NAME", "ACTION_DISPLAY_NAME", "ICON_ID", "DEFAULT_PARAM_PREFIX"
            ,"DEFAULT_OLD_PARAM_PREFIX", "ACTION_TYPE", "DISPLAY_NUMBER", "CONFIRM_TEXT", "HOT_KEY"
            ,"SHOW_SEPARATOR_BELOW", "DISPLAY_ON_TOOLBAR", "CHILD_FORM_CODE")
     Values ('INS_EXP_LOOKUP_ATTRIBUTE_VALUES', 'REFR', '', 'Обновить', '15', '', '', '4', '10', '', '', 'N', 'Y', '');

Insert Into FORM_ACTIONS
            ("FORM_CODE", "ACTION_CODE", "PROCEDURE_NAME", "ACTION_DISPLAY_NAME", "ICON_ID", "DEFAULT_PARAM_PREFIX"
            ,"DEFAULT_OLD_PARAM_PREFIX", "ACTION_TYPE", "DISPLAY_NUMBER", "CONFIRM_TEXT", "HOT_KEY"
            ,"SHOW_SEPARATOR_BELOW", "DISPLAY_ON_TOOLBAR", "CHILD_FORM_CODE")
     Values ('INS_EXP_LOOKUP_ATTRIBUTE_VALUES', 'UPD', 'INS_EXP_LOOKUP_ATTRIBUTE_VALUES_PKG.p_ins_upd', 'Сохранить'
            ,'46', '', '', '2', '120', 'Вы уверенны?', '', 'N', 'Y', '');
/*  Form: INS_EXP_LOOKUP_ATTRIBUTE_VALUES. Entity: FORM_COLUMNS$.  */

Insert Into FORM_COLUMNS$
            ("COL_NUM", "COL_TYPE", "COL_MAX_LEN", "COL_NAME", "COL_NAME_LEN", "COL_PRECISION", "COL_SCALE"
            ,"FORM_CODE", "PIMARY_KEY_FLAG", "DEFAULT_COLUMN_WIDTH", "COLUMN_DESCRIPTION")
     Values ('3', 'VARCHAR2', '1024', 'ATTRIBUTE_CODE', '14', '0', '0', 'INS_EXP_LOOKUP_ATTRIBUTE_VALUES', '', '*'
            ,'**ATTRIBUTE_CODE');

Insert Into FORM_COLUMNS$
            ("COL_NUM", "COL_TYPE", "COL_MAX_LEN", "COL_NAME", "COL_NAME_LEN", "COL_PRECISION", "COL_SCALE"
            ,"FORM_CODE", "PIMARY_KEY_FLAG", "DEFAULT_COLUMN_WIDTH", "COLUMN_DESCRIPTION")
     Values ('6', 'VARCHAR2', '4000', 'ATTRIBUTE_VALUE_CHAR', '20', '0', '0', 'INS_EXP_LOOKUP_ATTRIBUTE_VALUES', ''
            ,'*', '**ATTRIBUTE_VALUE_CHAR');

Insert Into FORM_COLUMNS$
            ("COL_NUM", "COL_TYPE", "COL_MAX_LEN", "COL_NAME", "COL_NAME_LEN", "COL_PRECISION", "COL_SCALE"
            ,"FORM_CODE", "PIMARY_KEY_FLAG", "DEFAULT_COLUMN_WIDTH", "COLUMN_DESCRIPTION")
     Values ('7', 'DATE', '7', 'ATTRIBUTE_VALUE_DATE', '20', '0', '0', 'INS_EXP_LOOKUP_ATTRIBUTE_VALUES', '', '*'
            ,'**ATTRIBUTE_VALUE_DATE');

Insert Into FORM_COLUMNS$
            ("COL_NUM", "COL_TYPE", "COL_MAX_LEN", "COL_NAME", "COL_NAME_LEN", "COL_PRECISION", "COL_SCALE"
            ,"FORM_CODE", "PIMARY_KEY_FLAG", "DEFAULT_COLUMN_WIDTH", "COLUMN_DESCRIPTION")
     Values ('5', 'NUMBER', '22', 'ATTRIBUTE_VALUE_INT', '19', '0', '-127', 'INS_EXP_LOOKUP_ATTRIBUTE_VALUES', '', '*'
            ,'**ATTRIBUTE_VALUE_INT');

Insert Into FORM_COLUMNS$
            ("COL_NUM", "COL_TYPE", "COL_MAX_LEN", "COL_NAME", "COL_NAME_LEN", "COL_PRECISION", "COL_SCALE"
            ,"FORM_CODE", "PIMARY_KEY_FLAG", "DEFAULT_COLUMN_WIDTH", "COLUMN_DESCRIPTION")
     Values ('4', 'NUMBER', '22', 'ATTRIBUTE_VALUE_NUMBER', '22', '0', '-127', 'INS_EXP_LOOKUP_ATTRIBUTE_VALUES', ''
            ,'*', '**ATTRIBUTE_VALUE_NUMBER');

Insert Into FORM_COLUMNS$
            ("COL_NUM", "COL_TYPE", "COL_MAX_LEN", "COL_NAME", "COL_NAME_LEN", "COL_PRECISION", "COL_SCALE"
            ,"FORM_CODE", "PIMARY_KEY_FLAG", "DEFAULT_COLUMN_WIDTH", "COLUMN_DESCRIPTION")
     Values ('1', 'VARCHAR2', '1024', 'LOOKUP_CODE', '11', '0', '0', 'INS_EXP_LOOKUP_ATTRIBUTE_VALUES', '', '*'
            ,'*Ссылка на лукап - формау или простой');

Insert Into FORM_COLUMNS$
            ("COL_NUM", "COL_TYPE", "COL_MAX_LEN", "COL_NAME", "COL_NAME_LEN", "COL_PRECISION", "COL_SCALE"
            ,"FORM_CODE", "PIMARY_KEY_FLAG", "DEFAULT_COLUMN_WIDTH", "COLUMN_DESCRIPTION")
     Values ('2', 'VARCHAR2', '1024', 'LOOKUP_VALUE_CODE', '17', '0', '0', 'INS_EXP_LOOKUP_ATTRIBUTE_VALUES', '', '*'
            ,'**LOOKUP_VALUE_CODE');
/*  Form: INS_EXP_LOOKUP_ATTRIBUTE_VALUES. Entity: FORM_COLUMNS.  */

Alter Table forms Enable VALIDATE Constraint forms_form_actions_fk;
Alter Table FORMS Enable All Triggers;

/*****************INS_EXP_LOOKUP_VALUES*********************/
Alter Table FORMS Disable All Triggers;
Alter Table forms Disable Constraint forms_form_actions_fk;
Delete From FORM_COLUMNS
      Where form_code = 'INS_EXP_LOOKUP_VALUES';
Delete From FORM_COLUMNS$
      Where form_code = 'INS_EXP_LOOKUP_VALUES';
Delete From FORM_ACTIONS
      Where form_code = 'INS_EXP_LOOKUP_VALUES';
Delete From FORM_TABS
      Where form_code = 'INS_EXP_LOOKUP_VALUES';
Delete From FORMS
      Where form_code = 'INS_EXP_LOOKUP_VALUES';
/*  Form: INS_EXP_LOOKUP_VALUES. Entity: FORMS.  */

Insert Into FORMS
            ("FORM_CODE", "HOT_KEY", "SQL_TEXT", "FORM_NAME", "FORM_TYPE", "SHOW_TREE_ROOT_NODE", "ICON_ID"
            ,"FORM_WIDTH", "FORM_HEIGHT", "BOTTOM_TABS_ORIENTATION", "SIDE_TABS_ORIENTATION", "SHOW_BOTTOM_TOOLBAR"
            ,"OBJECT_VERSION_NUMBER", "DEFAULT_COLUMN_WIDTH", "DESCRIPTION", "DOUBLE_CLICK_ACTION_CODE", "LOOKUP_WIDTH"
            ,"APPS_CODE", "EXPORT_ORDER")
     Values ('INS_EXP_LOOKUP_VALUES', '', 'select * from INS.EXP_LOOKUP_VALUES', '', 'G', 'Y', '', '*', '*', '', ''
            ,'Y', '1', '*', '', '', '', 'INS', '100');
/*  Form: INS_EXP_LOOKUP_VALUES. Entity: FORM_TABS.  */
/*  Form: INS_EXP_LOOKUP_VALUES. Entity: FORM_ACTIONS.  */

Insert Into FORM_ACTIONS
            ("FORM_CODE", "ACTION_CODE", "PROCEDURE_NAME", "ACTION_DISPLAY_NAME", "ICON_ID", "DEFAULT_PARAM_PREFIX"
            ,"DEFAULT_OLD_PARAM_PREFIX", "ACTION_TYPE", "DISPLAY_NUMBER", "CONFIRM_TEXT", "HOT_KEY"
            ,"SHOW_SEPARATOR_BELOW", "DISPLAY_ON_TOOLBAR", "CHILD_FORM_CODE")
     Values ('INS_EXP_LOOKUP_VALUES', 'DEL', 'INS_EXP_LOOKUP_VALUES_PKG.p_delete', 'Удалить', '48', '', '', '3', '130'
            ,'Вы уверенны что хотите удалить запись?', '', 'N', 'Y', '');

Insert Into FORM_ACTIONS
            ("FORM_CODE", "ACTION_CODE", "PROCEDURE_NAME", "ACTION_DISPLAY_NAME", "ICON_ID", "DEFAULT_PARAM_PREFIX"
            ,"DEFAULT_OLD_PARAM_PREFIX", "ACTION_TYPE", "DISPLAY_NUMBER", "CONFIRM_TEXT", "HOT_KEY"
            ,"SHOW_SEPARATOR_BELOW", "DISPLAY_ON_TOOLBAR", "CHILD_FORM_CODE")
     Values ('INS_EXP_LOOKUP_VALUES', 'EDIT', '', 'Редактировать', '50', '', '', '8', '115', 'Вы уверенны?', '', 'N'
            ,'Y', '');

Insert Into FORM_ACTIONS
            ("FORM_CODE", "ACTION_CODE", "PROCEDURE_NAME", "ACTION_DISPLAY_NAME", "ICON_ID", "DEFAULT_PARAM_PREFIX"
            ,"DEFAULT_OLD_PARAM_PREFIX", "ACTION_TYPE", "DISPLAY_NUMBER", "CONFIRM_TEXT", "HOT_KEY"
            ,"SHOW_SEPARATOR_BELOW", "DISPLAY_ON_TOOLBAR", "CHILD_FORM_CODE")
     Values ('INS_EXP_LOOKUP_VALUES', 'INS', '', 'Создать', '47', '', '', '1', '110', '', '', 'N', 'Y', '');

Insert Into FORM_ACTIONS
            ("FORM_CODE", "ACTION_CODE", "PROCEDURE_NAME", "ACTION_DISPLAY_NAME", "ICON_ID", "DEFAULT_PARAM_PREFIX"
            ,"DEFAULT_OLD_PARAM_PREFIX", "ACTION_TYPE", "DISPLAY_NUMBER", "CONFIRM_TEXT", "HOT_KEY"
            ,"SHOW_SEPARATOR_BELOW", "DISPLAY_ON_TOOLBAR", "CHILD_FORM_CODE")
     Values ('INS_EXP_LOOKUP_VALUES', 'REFR', '', 'Обновить', '15', '', '', '4', '10', '', '', 'N', 'Y', '');

Insert Into FORM_ACTIONS
            ("FORM_CODE", "ACTION_CODE", "PROCEDURE_NAME", "ACTION_DISPLAY_NAME", "ICON_ID", "DEFAULT_PARAM_PREFIX"
            ,"DEFAULT_OLD_PARAM_PREFIX", "ACTION_TYPE", "DISPLAY_NUMBER", "CONFIRM_TEXT", "HOT_KEY"
            ,"SHOW_SEPARATOR_BELOW", "DISPLAY_ON_TOOLBAR", "CHILD_FORM_CODE")
     Values ('INS_EXP_LOOKUP_VALUES', 'UPD', 'INS_EXP_LOOKUP_VALUES_PKG.p_ins_upd', 'Сохранить', '46', '', '', '2'
            ,'120', 'Вы уверенны?', '', 'N', 'Y', '');
/*  Form: INS_EXP_LOOKUP_VALUES. Entity: FORM_COLUMNS$.  */

Insert Into FORM_COLUMNS$
            ("COL_NUM", "COL_TYPE", "COL_MAX_LEN", "COL_NAME", "COL_NAME_LEN", "COL_PRECISION", "COL_SCALE"
            ,"FORM_CODE", "PIMARY_KEY_FLAG", "DEFAULT_COLUMN_WIDTH", "COLUMN_DESCRIPTION")
     Values ('1', 'VARCHAR2', '1024', 'LOOKUP_CODE', '11', '0', '0', 'INS_EXP_LOOKUP_VALUES', '', '*'
            ,'*Ссылка на лукап - формау или простой');

Insert Into FORM_COLUMNS$
            ("COL_NUM", "COL_TYPE", "COL_MAX_LEN", "COL_NAME", "COL_NAME_LEN", "COL_PRECISION", "COL_SCALE"
            ,"FORM_CODE", "PIMARY_KEY_FLAG", "DEFAULT_COLUMN_WIDTH", "COLUMN_DESCRIPTION")
     Values ('3', 'VARCHAR2', '1024', 'LOOKUP_DISPLAY_VALUE', '20', '0', '0', 'INS_EXP_LOOKUP_VALUES', '', '*'
            ,'*Поле запроса, отображаемое пользователю - для длинных лукапов');

Insert Into FORM_COLUMNS$
            ("COL_NUM", "COL_TYPE", "COL_MAX_LEN", "COL_NAME", "COL_NAME_LEN", "COL_PRECISION", "COL_SCALE"
            ,"FORM_CODE", "PIMARY_KEY_FLAG", "DEFAULT_COLUMN_WIDTH", "COLUMN_DESCRIPTION")
     Values ('2', 'VARCHAR2', '1024', 'LOOKUP_VALUE_CODE', '17', '0', '0', 'INS_EXP_LOOKUP_VALUES', '', '*'
            ,'**LOOKUP_VALUE_CODE');
/*  Form: INS_EXP_LOOKUP_VALUES. Entity: FORM_COLUMNS.  */

Alter Table forms Enable VALIDATE Constraint forms_form_actions_fk;
Alter Table FORMS Enable All Triggers;

/*****************INS_EXP_USER*********************/
Alter Table FORMS Disable All Triggers;
Alter Table forms Disable Constraint forms_form_actions_fk;
Delete From FORM_COLUMNS
      Where form_code = 'INS_EXP_USER';
Delete From FORM_COLUMNS$
      Where form_code = 'INS_EXP_USER';
Delete From FORM_ACTIONS
      Where form_code = 'INS_EXP_USER';
Delete From FORM_TABS
      Where form_code = 'INS_EXP_USER';
Delete From FORMS
      Where form_code = 'INS_EXP_USER';
/*  Form: INS_EXP_USER. Entity: FORMS.  */

Insert Into FORMS
            ("FORM_CODE", "HOT_KEY", "SQL_TEXT", "FORM_NAME", "FORM_TYPE", "SHOW_TREE_ROOT_NODE", "ICON_ID"
            ,"FORM_WIDTH", "FORM_HEIGHT", "BOTTOM_TABS_ORIENTATION", "SIDE_TABS_ORIENTATION", "SHOW_BOTTOM_TOOLBAR"
            ,"OBJECT_VERSION_NUMBER", "DEFAULT_COLUMN_WIDTH", "DESCRIPTION", "DOUBLE_CLICK_ACTION_CODE", "LOOKUP_WIDTH"
            ,"APPS_CODE", "EXPORT_ORDER")
     Values ('INS_EXP_USER', '', 'select * from INS.EXP_USER', '', 'G', 'Y', '', '*', '*', '', '', 'Y', '1', '*', ''
            ,'', '', 'INS', '100');
/*  Form: INS_EXP_USER. Entity: FORM_TABS.  */
/*  Form: INS_EXP_USER. Entity: FORM_ACTIONS.  */

Insert Into FORM_ACTIONS
            ("FORM_CODE", "ACTION_CODE", "PROCEDURE_NAME", "ACTION_DISPLAY_NAME", "ICON_ID", "DEFAULT_PARAM_PREFIX"
            ,"DEFAULT_OLD_PARAM_PREFIX", "ACTION_TYPE", "DISPLAY_NUMBER", "CONFIRM_TEXT", "HOT_KEY"
            ,"SHOW_SEPARATOR_BELOW", "DISPLAY_ON_TOOLBAR", "CHILD_FORM_CODE")
     Values ('INS_EXP_USER', 'DEL', 'INS_EXP_USER_PKG.p_delete', 'Удалить', '48', '', '', '3', '130'
            ,'Вы уверенны что хотите удалить запись?', '', 'N', 'Y', '');

Insert Into FORM_ACTIONS
            ("FORM_CODE", "ACTION_CODE", "PROCEDURE_NAME", "ACTION_DISPLAY_NAME", "ICON_ID", "DEFAULT_PARAM_PREFIX"
            ,"DEFAULT_OLD_PARAM_PREFIX", "ACTION_TYPE", "DISPLAY_NUMBER", "CONFIRM_TEXT", "HOT_KEY"
            ,"SHOW_SEPARATOR_BELOW", "DISPLAY_ON_TOOLBAR", "CHILD_FORM_CODE")
     Values ('INS_EXP_USER', 'EDIT', '', 'Редактировать', '50', '', '', '8', '115', 'Вы уверенны?', '', 'N', 'Y', '');

Insert Into FORM_ACTIONS
            ("FORM_CODE", "ACTION_CODE", "PROCEDURE_NAME", "ACTION_DISPLAY_NAME", "ICON_ID", "DEFAULT_PARAM_PREFIX"
            ,"DEFAULT_OLD_PARAM_PREFIX", "ACTION_TYPE", "DISPLAY_NUMBER", "CONFIRM_TEXT", "HOT_KEY"
            ,"SHOW_SEPARATOR_BELOW", "DISPLAY_ON_TOOLBAR", "CHILD_FORM_CODE")
     Values ('INS_EXP_USER', 'INS', '', 'Создать', '47', '', '', '1', '110', '', '', 'N', 'Y', '');

Insert Into FORM_ACTIONS
            ("FORM_CODE", "ACTION_CODE", "PROCEDURE_NAME", "ACTION_DISPLAY_NAME", "ICON_ID", "DEFAULT_PARAM_PREFIX"
            ,"DEFAULT_OLD_PARAM_PREFIX", "ACTION_TYPE", "DISPLAY_NUMBER", "CONFIRM_TEXT", "HOT_KEY"
            ,"SHOW_SEPARATOR_BELOW", "DISPLAY_ON_TOOLBAR", "CHILD_FORM_CODE")
     Values ('INS_EXP_USER', 'REFR', '', 'Обновить', '15', '', '', '4', '10', '', '', 'N', 'Y', '');

Insert Into FORM_ACTIONS
            ("FORM_CODE", "ACTION_CODE", "PROCEDURE_NAME", "ACTION_DISPLAY_NAME", "ICON_ID", "DEFAULT_PARAM_PREFIX"
            ,"DEFAULT_OLD_PARAM_PREFIX", "ACTION_TYPE", "DISPLAY_NUMBER", "CONFIRM_TEXT", "HOT_KEY"
            ,"SHOW_SEPARATOR_BELOW", "DISPLAY_ON_TOOLBAR", "CHILD_FORM_CODE")
     Values ('INS_EXP_USER', 'UPD', 'INS_EXP_USER_PKG.p_ins_upd', 'Сохранить', '46', '', '', '2', '120', 'Вы уверенны?'
            ,'', 'N', 'Y', '');
/*  Form: INS_EXP_USER. Entity: FORM_COLUMNS$.  */

Insert Into FORM_COLUMNS$
            ("COL_NUM", "COL_TYPE", "COL_MAX_LEN", "COL_NAME", "COL_NAME_LEN", "COL_PRECISION", "COL_SCALE"
            ,"FORM_CODE", "PIMARY_KEY_FLAG", "DEFAULT_COLUMN_WIDTH", "COLUMN_DESCRIPTION")
     Values ('1', 'VARCHAR2', '512', 'FIO', '3', '0', '0', 'INS_EXP_USER', '', '*', '*ФИО');

Insert Into FORM_COLUMNS$
            ("COL_NUM", "COL_TYPE", "COL_MAX_LEN", "COL_NAME", "COL_NAME_LEN", "COL_PRECISION", "COL_SCALE"
            ,"FORM_CODE", "PIMARY_KEY_FLAG", "DEFAULT_COLUMN_WIDTH", "COLUMN_DESCRIPTION")
     Values ('3', 'NUMBER', '22', 'ORIG_REF_ID', '11', '0', '-127', 'INS_EXP_USER', '', '*', '**ORIG_REF_ID');

Insert Into FORM_COLUMNS$
            ("COL_NUM", "COL_TYPE", "COL_MAX_LEN", "COL_NAME", "COL_NAME_LEN", "COL_PRECISION", "COL_SCALE"
            ,"FORM_CODE", "PIMARY_KEY_FLAG", "DEFAULT_COLUMN_WIDTH", "COLUMN_DESCRIPTION")
     Values ('2', 'VARCHAR2', '512', 'SYS_NAME', '8', '0', '0', 'INS_EXP_USER', '', '*', '**SYS_NAME');
/*  Form: INS_EXP_USER. Entity: FORM_COLUMNS.  */

Alter Table forms Enable VALIDATE Constraint forms_form_actions_fk;
Alter Table FORMS Enable All Triggers;

/*****************INS_INSURED_REP*********************/
Alter Table FORMS Disable All Triggers;
Alter Table forms Disable Constraint forms_form_actions_fk;
Delete From FORM_COLUMNS
      Where form_code = 'INS_INSURED_REP';
Delete From FORM_COLUMNS$
      Where form_code = 'INS_INSURED_REP';
Delete From FORM_ACTIONS
      Where form_code = 'INS_INSURED_REP';
Delete From FORM_TABS
      Where form_code = 'INS_INSURED_REP';
Delete From FORMS
      Where form_code = 'INS_INSURED_REP';
/*  Form: INS_INSURED_REP. Entity: FORMS.  */

Insert Into FORMS
            ("FORM_CODE", "HOT_KEY", "SQL_TEXT", "FORM_NAME", "FORM_TYPE", "SHOW_TREE_ROOT_NODE", "ICON_ID"
            ,"FORM_WIDTH", "FORM_HEIGHT", "BOTTOM_TABS_ORIENTATION", "SIDE_TABS_ORIENTATION", "SHOW_BOTTOM_TOOLBAR"
            ,"OBJECT_VERSION_NUMBER", "DEFAULT_COLUMN_WIDTH", "DESCRIPTION", "DOUBLE_CLICK_ACTION_CODE", "LOOKUP_WIDTH"
            ,"APPS_CODE", "EXPORT_ORDER")
     Values ('INS_INSURED_REP', ''
            ,'With t As
     (
        Select Null As search_text, -1 As insured_id, ''Y'' As show_all_family_flag, TRUNC (SYSDATE
                                                                                         ,''yyyy'') As start_date
              , ADD_MONTHS (TRUNC (SYSDATE, ''yyyy''), 12) - 1 As end_date
          From DUAL)
Select ins.users_pkg.get_user_id () As user_id, t.*
      ,ins.ins_insured_rep_pkg.get_report_xml (insured_id, show_all_family_flag, start_date, end_date).getClobVal
                                                                                                        () As rep_data
  From t
--
'
            ,'INS_INSURED_REP', 'G', 'Y', '', '0% ', '15%', '', 'R', 'N', '59', '*', '', '', '', 'INS', '100');
/*  Form: INS_INSURED_REP. Entity: FORM_TABS.  */

Insert Into FORM_TABS
            ("FORM_CODE", "TAB_CODE", "CHILD_FORM_CODE", "TAB_POSITION", "TAB_NAME", "NUMBER_OF_COLUMNS", "ICON_ID"
            ,"TAB_TYPE", "TAB_DISPLAY_NUMBER")
     Values ('INS_INSURED_REP', 'DET', 'INS_INSURED_REP_DET', 'B', 'Детали', '', '', '2', '');

Insert Into FORM_TABS
            ("FORM_CODE", "TAB_CODE", "CHILD_FORM_CODE", "TAB_POSITION", "TAB_NAME", "NUMBER_OF_COLUMNS", "ICON_ID"
            ,"TAB_TYPE", "TAB_DISPLAY_NUMBER")
     Values ('INS_INSURED_REP', 'FILTER', '', 'R', 'Фильтр', '8', '', '1', '');
/*  Form: INS_INSURED_REP. Entity: FORM_ACTIONS.  */

Insert Into FORM_ACTIONS
            ("FORM_CODE", "ACTION_CODE", "PROCEDURE_NAME", "ACTION_DISPLAY_NAME", "ICON_ID", "DEFAULT_PARAM_PREFIX"
            ,"DEFAULT_OLD_PARAM_PREFIX", "ACTION_TYPE", "DISPLAY_NUMBER", "CONFIRM_TEXT", "HOT_KEY"
            ,"SHOW_SEPARATOR_BELOW", "DISPLAY_ON_TOOLBAR", "CHILD_FORM_CODE")
     Values ('INS_INSURED_REP', 'REFR', '', 'Обновить', '15', '', '', '4', '10', '', '', 'N', 'Y', '');

Insert Into FORM_ACTIONS
            ("FORM_CODE", "ACTION_CODE", "PROCEDURE_NAME", "ACTION_DISPLAY_NAME", "ICON_ID", "DEFAULT_PARAM_PREFIX"
            ,"DEFAULT_OLD_PARAM_PREFIX", "ACTION_TYPE", "DISPLAY_NUMBER", "CONFIRM_TEXT", "HOT_KEY"
            ,"SHOW_SEPARATOR_BELOW", "DISPLAY_ON_TOOLBAR", "CHILD_FORM_CODE")
     Values ('INS_INSURED_REP', 'REP'
            ,'xmlp?type=xmlp&ContentType=application/vnd.ms-excel&template=INS_INSURED_REP&dataClobId=:REP_DATA&filename=rep1'
            ,'Печать', '43', '', '', '15', '140', '', '', 'N', 'Y', '');

Insert Into FORM_ACTIONS
            ("FORM_CODE", "ACTION_CODE", "PROCEDURE_NAME", "ACTION_DISPLAY_NAME", "ICON_ID", "DEFAULT_PARAM_PREFIX"
            ,"DEFAULT_OLD_PARAM_PREFIX", "ACTION_TYPE", "DISPLAY_NUMBER", "CONFIRM_TEXT", "HOT_KEY"
            ,"SHOW_SEPARATOR_BELOW", "DISPLAY_ON_TOOLBAR", "CHILD_FORM_CODE")
     Values ('INS_INSURED_REP', 'UPD', 'INS_INSURED_REP_PKG.generate_report', 'Применить', '46', '', '', '2', '120', ''
            ,'', 'N', 'Y', '');
/*  Form: INS_INSURED_REP. Entity: FORM_COLUMNS$.  */

Insert Into FORM_COLUMNS$
            ("COL_NUM", "COL_TYPE", "COL_MAX_LEN", "COL_NAME", "COL_NAME_LEN", "COL_PRECISION", "COL_SCALE"
            ,"FORM_CODE", "PIMARY_KEY_FLAG", "DEFAULT_COLUMN_WIDTH", "COLUMN_DESCRIPTION")
     Values ('6', 'DATE', '7', 'END_DATE', '8', '0', '0', 'INS_INSURED_REP', '', '*'
            ,'*Cutoff date after which the schedule will not specify any dates');

Insert Into FORM_COLUMNS$
            ("COL_NUM", "COL_TYPE", "COL_MAX_LEN", "COL_NAME", "COL_NAME_LEN", "COL_PRECISION", "COL_SCALE"
            ,"FORM_CODE", "PIMARY_KEY_FLAG", "DEFAULT_COLUMN_WIDTH", "COLUMN_DESCRIPTION")
     Values ('3', 'NUMBER', '3', 'INSURED_ID', '10', '0', '0', 'INS_INSURED_REP', '', '*', '**INSURED_ID');

Insert Into FORM_COLUMNS$
            ("COL_NUM", "COL_TYPE", "COL_MAX_LEN", "COL_NAME", "COL_NAME_LEN", "COL_PRECISION", "COL_SCALE"
            ,"FORM_CODE", "PIMARY_KEY_FLAG", "DEFAULT_COLUMN_WIDTH", "COLUMN_DESCRIPTION")
     Values ('7', 'CLOB', '4000', 'REP_DATA', '8', '0', '0', 'INS_INSURED_REP', '', '*', '**REP_DATA');

Insert Into FORM_COLUMNS$
            ("COL_NUM", "COL_TYPE", "COL_MAX_LEN", "COL_NAME", "COL_NAME_LEN", "COL_PRECISION", "COL_SCALE"
            ,"FORM_CODE", "PIMARY_KEY_FLAG", "DEFAULT_COLUMN_WIDTH", "COLUMN_DESCRIPTION")
     Values ('2', 'VARCHAR2', '0', 'SEARCH_TEXT', '11', '0', '0', 'INS_INSURED_REP', '', '*', '**SEARCH_TEXT');

Insert Into FORM_COLUMNS$
            ("COL_NUM", "COL_TYPE", "COL_MAX_LEN", "COL_NAME", "COL_NAME_LEN", "COL_PRECISION", "COL_SCALE"
            ,"FORM_CODE", "PIMARY_KEY_FLAG", "DEFAULT_COLUMN_WIDTH", "COLUMN_DESCRIPTION")
     Values ('4', 'CHAR', '1', 'SHOW_ALL_FAMILY_FLAG', '20', '0', '0', 'INS_INSURED_REP', '', '*'
            ,'**SHOW_ALL_FAMILY_FLAG');

Insert Into FORM_COLUMNS$
            ("COL_NUM", "COL_TYPE", "COL_MAX_LEN", "COL_NAME", "COL_NAME_LEN", "COL_PRECISION", "COL_SCALE"
            ,"FORM_CODE", "PIMARY_KEY_FLAG", "DEFAULT_COLUMN_WIDTH", "COLUMN_DESCRIPTION")
     Values ('5', 'DATE', '7', 'START_DATE', '10', '0', '0', 'INS_INSURED_REP', '', '*'
            ,'*A not null column in the complex primary key employee_id+start_date.
Must be less than the end_date of the job_history table. (enforced by
constraint jhist_date_interval)');

Insert Into FORM_COLUMNS$
            ("COL_NUM", "COL_TYPE", "COL_MAX_LEN", "COL_NAME", "COL_NAME_LEN", "COL_PRECISION", "COL_SCALE"
            ,"FORM_CODE", "PIMARY_KEY_FLAG", "DEFAULT_COLUMN_WIDTH", "COLUMN_DESCRIPTION")
     Values ('1', 'NUMBER', '22', 'USER_ID', '7', '0', '0', 'INS_INSURED_REP', '', '*', '*Database user id.');
/*  Form: INS_INSURED_REP. Entity: FORM_COLUMNS.  */

Insert Into FORM_COLUMNS
            ("FORM_CODE", "COLUMN_CODE", "COLUMN_USER_NAME", "COLUMN_DISPLAY_SIZE", "COLUMN_DATA_TYPE"
            ,"COLUMN_DISPLAY_NUMBER", "PIMARY_KEY_FLAG", "SHOW_ON_GRID", "TREE_INITIALIZATION_VALUE", "TREE_FIELD_TYPE"
            ,"EDITOR_TAB_CODE", "FIELD_TYPE", "COLUMN_DESCRIPTION", "IS_FROZEN_FLAG", "SHOW_HOVER_FLAG", "LOOKUP_CODE"
            ,"HOVER_COLUMN_CODE", "EDITOR_HEIGHT", "LOOKUP_FIELD_TYPE", "HELP_TEXT", "TEXT_MASK", "VALIDATION_REGEXP"
            ,"DEFAULT_ORDERBY_NUMBER", "DEFAULT_VALUE", "EDITOR_TITLE_ORIENTATION", "EDITOR_END_ROW_FLAG"
            ,"EDITOR_COLS_SPAN", "LOOKUP_DISPLAY_VALUE", "EDITOR_ON_ENTER_KEY_ACTION")
     Values ('INS_INSURED_REP', 'END_DATE', 'Проведено по', '*', 'D', '60', 'N', 'Y', '', '', 'FILTER', ''
            ,'*Cutoff date after which the schedule will not specify any dates', 'N', 'N', '', '', '', '', '', '', ''
            ,'', '', 'L', 'Y', '1', '', '');

Insert Into FORM_COLUMNS
            ("FORM_CODE", "COLUMN_CODE", "COLUMN_USER_NAME", "COLUMN_DISPLAY_SIZE", "COLUMN_DATA_TYPE"
            ,"COLUMN_DISPLAY_NUMBER", "PIMARY_KEY_FLAG", "SHOW_ON_GRID", "TREE_INITIALIZATION_VALUE", "TREE_FIELD_TYPE"
            ,"EDITOR_TAB_CODE", "FIELD_TYPE", "COLUMN_DESCRIPTION", "IS_FROZEN_FLAG", "SHOW_HOVER_FLAG", "LOOKUP_CODE"
            ,"HOVER_COLUMN_CODE", "EDITOR_HEIGHT", "LOOKUP_FIELD_TYPE", "HELP_TEXT", "TEXT_MASK", "VALIDATION_REGEXP"
            ,"DEFAULT_ORDERBY_NUMBER", "DEFAULT_VALUE", "EDITOR_TITLE_ORIENTATION", "EDITOR_END_ROW_FLAG"
            ,"EDITOR_COLS_SPAN", "LOOKUP_DISPLAY_VALUE", "EDITOR_ON_ENTER_KEY_ACTION")
     Values ('INS_INSURED_REP', 'INSURED_ID', 'Застрахованный', '*', 'N', '30', 'N', 'N', '', '', 'FILTER', '9'
            ,'**INSURED_ID', 'N', 'N', 'INS_INS_INSURED_LIST', '', '', '', '', '', '', '', '', 'L', 'Y', '*', '', '');

Insert Into FORM_COLUMNS
            ("FORM_CODE", "COLUMN_CODE", "COLUMN_USER_NAME", "COLUMN_DISPLAY_SIZE", "COLUMN_DATA_TYPE"
            ,"COLUMN_DISPLAY_NUMBER", "PIMARY_KEY_FLAG", "SHOW_ON_GRID", "TREE_INITIALIZATION_VALUE", "TREE_FIELD_TYPE"
            ,"EDITOR_TAB_CODE", "FIELD_TYPE", "COLUMN_DESCRIPTION", "IS_FROZEN_FLAG", "SHOW_HOVER_FLAG", "LOOKUP_CODE"
            ,"HOVER_COLUMN_CODE", "EDITOR_HEIGHT", "LOOKUP_FIELD_TYPE", "HELP_TEXT", "TEXT_MASK", "VALIDATION_REGEXP"
            ,"DEFAULT_ORDERBY_NUMBER", "DEFAULT_VALUE", "EDITOR_TITLE_ORIENTATION", "EDITOR_END_ROW_FLAG"
            ,"EDITOR_COLS_SPAN", "LOOKUP_DISPLAY_VALUE", "EDITOR_ON_ENTER_KEY_ACTION")
     Values ('INS_INSURED_REP', 'REP_DATA', '', '*', 'CLOB', '900', 'N', 'N', '', '', '', '', '**REP_DATA', 'N', 'N'
            ,'', '', '', '', '', '', '', '', '', 'L', 'Y', '*', '', '');

Insert Into FORM_COLUMNS
            ("FORM_CODE", "COLUMN_CODE", "COLUMN_USER_NAME", "COLUMN_DISPLAY_SIZE", "COLUMN_DATA_TYPE"
            ,"COLUMN_DISPLAY_NUMBER", "PIMARY_KEY_FLAG", "SHOW_ON_GRID", "TREE_INITIALIZATION_VALUE", "TREE_FIELD_TYPE"
            ,"EDITOR_TAB_CODE", "FIELD_TYPE", "COLUMN_DESCRIPTION", "IS_FROZEN_FLAG", "SHOW_HOVER_FLAG", "LOOKUP_CODE"
            ,"HOVER_COLUMN_CODE", "EDITOR_HEIGHT", "LOOKUP_FIELD_TYPE", "HELP_TEXT", "TEXT_MASK", "VALIDATION_REGEXP"
            ,"DEFAULT_ORDERBY_NUMBER", "DEFAULT_VALUE", "EDITOR_TITLE_ORIENTATION", "EDITOR_END_ROW_FLAG"
            ,"EDITOR_COLS_SPAN", "LOOKUP_DISPLAY_VALUE", "EDITOR_ON_ENTER_KEY_ACTION")
     Values ('INS_INSURED_REP', 'SEARCH_TEXT', 'Строка поиска', '*', 'S', '20', 'N', 'N', '', '', 'FILTER', ''
            ,'**SEARCH_TEXT', 'N', 'N', '', '', '', '', '', '', '', '', '', 'L', 'N', '1', '', '');

Insert Into FORM_COLUMNS
            ("FORM_CODE", "COLUMN_CODE", "COLUMN_USER_NAME", "COLUMN_DISPLAY_SIZE", "COLUMN_DATA_TYPE"
            ,"COLUMN_DISPLAY_NUMBER", "PIMARY_KEY_FLAG", "SHOW_ON_GRID", "TREE_INITIALIZATION_VALUE", "TREE_FIELD_TYPE"
            ,"EDITOR_TAB_CODE", "FIELD_TYPE", "COLUMN_DESCRIPTION", "IS_FROZEN_FLAG", "SHOW_HOVER_FLAG", "LOOKUP_CODE"
            ,"HOVER_COLUMN_CODE", "EDITOR_HEIGHT", "LOOKUP_FIELD_TYPE", "HELP_TEXT", "TEXT_MASK", "VALIDATION_REGEXP"
            ,"DEFAULT_ORDERBY_NUMBER", "DEFAULT_VALUE", "EDITOR_TITLE_ORIENTATION", "EDITOR_END_ROW_FLAG"
            ,"EDITOR_COLS_SPAN", "LOOKUP_DISPLAY_VALUE", "EDITOR_ON_ENTER_KEY_ACTION")
     Values ('INS_INSURED_REP', 'SHOW_ALL_FAMILY_FLAG', 'Вся семья', '*', 'B', '40', 'N', 'N', '', '', 'FILTER', ''
            ,'**SHOW_ALL_FAMILY_FLAG', 'N', 'N', '', '', '', '', '', '', '', '', '', 'L', 'N', '1', '', '');

Insert Into FORM_COLUMNS
            ("FORM_CODE", "COLUMN_CODE", "COLUMN_USER_NAME", "COLUMN_DISPLAY_SIZE", "COLUMN_DATA_TYPE"
            ,"COLUMN_DISPLAY_NUMBER", "PIMARY_KEY_FLAG", "SHOW_ON_GRID", "TREE_INITIALIZATION_VALUE", "TREE_FIELD_TYPE"
            ,"EDITOR_TAB_CODE", "FIELD_TYPE", "COLUMN_DESCRIPTION", "IS_FROZEN_FLAG", "SHOW_HOVER_FLAG", "LOOKUP_CODE"
            ,"HOVER_COLUMN_CODE", "EDITOR_HEIGHT", "LOOKUP_FIELD_TYPE", "HELP_TEXT", "TEXT_MASK", "VALIDATION_REGEXP"
            ,"DEFAULT_ORDERBY_NUMBER", "DEFAULT_VALUE", "EDITOR_TITLE_ORIENTATION", "EDITOR_END_ROW_FLAG"
            ,"EDITOR_COLS_SPAN", "LOOKUP_DISPLAY_VALUE", "EDITOR_ON_ENTER_KEY_ACTION")
     Values ('INS_INSURED_REP', 'START_DATE', 'Проведено с', '*', 'D', '50', 'N', 'Y', '', '', 'FILTER', ''
            ,'*A not null column in the complex primary key employee_id+start_date.
Must be less than the end_date of the job_history table. (enforced by
constraint jhist_date_interval)'
            ,'N', 'N', '', '', '', '', '', '', '', '', '', 'L', 'N', '1', '', '');

Insert Into FORM_COLUMNS
            ("FORM_CODE", "COLUMN_CODE", "COLUMN_USER_NAME", "COLUMN_DISPLAY_SIZE", "COLUMN_DATA_TYPE"
            ,"COLUMN_DISPLAY_NUMBER", "PIMARY_KEY_FLAG", "SHOW_ON_GRID", "TREE_INITIALIZATION_VALUE", "TREE_FIELD_TYPE"
            ,"EDITOR_TAB_CODE", "FIELD_TYPE", "COLUMN_DESCRIPTION", "IS_FROZEN_FLAG", "SHOW_HOVER_FLAG", "LOOKUP_CODE"
            ,"HOVER_COLUMN_CODE", "EDITOR_HEIGHT", "LOOKUP_FIELD_TYPE", "HELP_TEXT", "TEXT_MASK", "VALIDATION_REGEXP"
            ,"DEFAULT_ORDERBY_NUMBER", "DEFAULT_VALUE", "EDITOR_TITLE_ORIENTATION", "EDITOR_END_ROW_FLAG"
            ,"EDITOR_COLS_SPAN", "LOOKUP_DISPLAY_VALUE", "EDITOR_ON_ENTER_KEY_ACTION")
     Values ('INS_INSURED_REP', 'USER_ID', 'Database user id.', '*', 'N', '10', 'Y', 'N', '', '', '', ''
            ,'*Database user id.', 'N', 'N', '', '', '', '', '', '', '', '', '', 'L', 'Y', '*', '', '');

Alter Table forms Enable VALIDATE Constraint forms_form_actions_fk;
Alter Table FORMS Enable All Triggers;

/*****************INS_INSURED_REP_DET*********************/
Alter Table FORMS Disable All Triggers;
Alter Table forms Disable Constraint forms_form_actions_fk;
Delete From FORM_COLUMNS
      Where form_code = 'INS_INSURED_REP_DET';
Delete From FORM_COLUMNS$
      Where form_code = 'INS_INSURED_REP_DET';
Delete From FORM_ACTIONS
      Where form_code = 'INS_INSURED_REP_DET';
Delete From FORM_TABS
      Where form_code = 'INS_INSURED_REP_DET';
Delete From FORMS
      Where form_code = 'INS_INSURED_REP_DET';
/*  Form: INS_INSURED_REP_DET. Entity: FORMS.  */

Insert Into FORMS
            ("FORM_CODE", "HOT_KEY", "SQL_TEXT", "FORM_NAME", "FORM_TYPE", "SHOW_TREE_ROOT_NODE", "ICON_ID"
            ,"FORM_WIDTH", "FORM_HEIGHT", "BOTTOM_TABS_ORIENTATION", "SIDE_TABS_ORIENTATION", "SHOW_BOTTOM_TOOLBAR"
            ,"OBJECT_VERSION_NUMBER", "DEFAULT_COLUMN_WIDTH", "DESCRIPTION", "DOUBLE_CLICK_ACTION_CODE", "LOOKUP_WIDTH"
            ,"APPS_CODE", "EXPORT_ORDER")
     Values ('INS_INSURED_REP_DET', ''
            ,'Select *
  From Table (ins.ins_insured_rep_pkg.get_report_table (:insured_id, :show_all_family_flag, :start_date, :end_date))'
            ,'', 'G', 'Y', '', '*', '*', '', '', 'Y', '49', '*', '', '', '', 'INS', '100');
/*  Form: INS_INSURED_REP_DET. Entity: FORM_TABS.  */
/*  Form: INS_INSURED_REP_DET. Entity: FORM_ACTIONS.  */

Insert Into FORM_ACTIONS
            ("FORM_CODE", "ACTION_CODE", "PROCEDURE_NAME", "ACTION_DISPLAY_NAME", "ICON_ID", "DEFAULT_PARAM_PREFIX"
            ,"DEFAULT_OLD_PARAM_PREFIX", "ACTION_TYPE", "DISPLAY_NUMBER", "CONFIRM_TEXT", "HOT_KEY"
            ,"SHOW_SEPARATOR_BELOW", "DISPLAY_ON_TOOLBAR", "CHILD_FORM_CODE")
     Values ('INS_INSURED_REP_DET', 'REFR', '', 'Обновить', '15', '', '', '4', '10', '', '', 'N', 'Y', '');
/*  Form: INS_INSURED_REP_DET. Entity: FORM_COLUMNS$.  */

Insert Into FORM_COLUMNS$
            ("COL_NUM", "COL_TYPE", "COL_MAX_LEN", "COL_NAME", "COL_NAME_LEN", "COL_PRECISION", "COL_SCALE"
            ,"FORM_CODE", "PIMARY_KEY_FLAG", "DEFAULT_COLUMN_WIDTH", "COLUMN_DESCRIPTION")
     Values ('7', 'VARCHAR2', '8000', 'ACCOUNT_NUM', '11', '0', '0', 'INS_INSURED_REP_DET', '', '*', '**ACCOUNT_NUM');

Insert Into FORM_COLUMNS$
            ("COL_NUM", "COL_TYPE", "COL_MAX_LEN", "COL_NAME", "COL_NAME_LEN", "COL_PRECISION", "COL_SCALE"
            ,"FORM_CODE", "PIMARY_KEY_FLAG", "DEFAULT_COLUMN_WIDTH", "COLUMN_DESCRIPTION")
     Values ('2', 'VARCHAR2', '384', 'CARD_NO', '7', '0', '0', 'INS_INSURED_REP_DET', '', '*', '*в) № Карты');

Insert Into FORM_COLUMNS$
            ("COL_NUM", "COL_TYPE", "COL_MAX_LEN", "COL_NAME", "COL_NAME_LEN", "COL_PRECISION", "COL_SCALE"
            ,"FORM_CODE", "PIMARY_KEY_FLAG", "DEFAULT_COLUMN_WIDTH", "COLUMN_DESCRIPTION")
     Values ('9', 'VARCHAR2', '8000', 'COMPANY_NAME', '12', '0', '0', 'INS_INSURED_REP_DET', '', '*', '**COMPANY_NAME');

Insert Into FORM_COLUMNS$
            ("COL_NUM", "COL_TYPE", "COL_MAX_LEN", "COL_NAME", "COL_NAME_LEN", "COL_PRECISION", "COL_SCALE"
            ,"FORM_CODE", "PIMARY_KEY_FLAG", "DEFAULT_COLUMN_WIDTH", "COLUMN_DESCRIPTION")
     Values ('12', 'VARCHAR2', '8000', 'DIAGNOSIS', '9', '0', '0', 'INS_INSURED_REP_DET', '', '*', '**DIAGNOSIS');

Insert Into FORM_COLUMNS$
            ("COL_NUM", "COL_TYPE", "COL_MAX_LEN", "COL_NAME", "COL_NAME_LEN", "COL_PRECISION", "COL_SCALE"
            ,"FORM_CODE", "PIMARY_KEY_FLAG", "DEFAULT_COLUMN_WIDTH", "COLUMN_DESCRIPTION")
     Values ('6', 'NUMBER', '22', 'DISCOUNT', '8', '0', '0', 'INS_INSURED_REP_DET', '', '*', '**DISCOUNT');

Insert Into FORM_COLUMNS$
            ("COL_NUM", "COL_TYPE", "COL_MAX_LEN", "COL_NAME", "COL_NAME_LEN", "COL_PRECISION", "COL_SCALE"
            ,"FORM_CODE", "PIMARY_KEY_FLAG", "DEFAULT_COLUMN_WIDTH", "COLUMN_DESCRIPTION")
     Values ('3', 'VARCHAR2', '1536', 'FIO', '3', '0', '0', 'INS_INSURED_REP_DET', '', '*', '*ФИО');

Insert Into FORM_COLUMNS$
            ("COL_NUM", "COL_TYPE", "COL_MAX_LEN", "COL_NAME", "COL_NAME_LEN", "COL_PRECISION", "COL_SCALE"
            ,"FORM_CODE", "PIMARY_KEY_FLAG", "DEFAULT_COLUMN_WIDTH", "COLUMN_DESCRIPTION")
     Values ('1', 'NUMBER', '22', 'INSURED_ID', '10', '0', '0', 'INS_INSURED_REP_DET', '', '*', '**INSURED_ID');

Insert Into FORM_COLUMNS$
            ("COL_NUM", "COL_TYPE", "COL_MAX_LEN", "COL_NAME", "COL_NAME_LEN", "COL_PRECISION", "COL_SCALE"
            ,"FORM_CODE", "PIMARY_KEY_FLAG", "DEFAULT_COLUMN_WIDTH", "COLUMN_DESCRIPTION")
     Values ('10', 'VARCHAR2', '8000', 'MED_CAT', '7', '0', '0', 'INS_INSURED_REP_DET', '', '*', '**MED_CAT');

Insert Into FORM_COLUMNS$
            ("COL_NUM", "COL_TYPE", "COL_MAX_LEN", "COL_NAME", "COL_NAME_LEN", "COL_PRECISION", "COL_SCALE"
            ,"FORM_CODE", "PIMARY_KEY_FLAG", "DEFAULT_COLUMN_WIDTH", "COLUMN_DESCRIPTION")
     Values ('11', 'VARCHAR2', '8000', 'MED_SERV', '8', '0', '0', 'INS_INSURED_REP_DET', '', '*', '**MED_SERV');

Insert Into FORM_COLUMNS$
            ("COL_NUM", "COL_TYPE", "COL_MAX_LEN", "COL_NAME", "COL_NAME_LEN", "COL_PRECISION", "COL_SCALE"
            ,"FORM_CODE", "PIMARY_KEY_FLAG", "DEFAULT_COLUMN_WIDTH", "COLUMN_DESCRIPTION")
     Values ('4', 'DATE', '21', 'POSTING_DATE', '12', '0', '0', 'INS_INSURED_REP_DET', '', '*', '**POSTING_DATE');

Insert Into FORM_COLUMNS$
            ("COL_NUM", "COL_TYPE", "COL_MAX_LEN", "COL_NAME", "COL_NAME_LEN", "COL_PRECISION", "COL_SCALE"
            ,"FORM_CODE", "PIMARY_KEY_FLAG", "DEFAULT_COLUMN_WIDTH", "COLUMN_DESCRIPTION")
     Values ('8', 'NUMBER', '22', 'SERVICE_AMOUNT', '14', '0', '0', 'INS_INSURED_REP_DET', '', '*', '**SERVICE_AMOUNT');

Insert Into FORM_COLUMNS$
            ("COL_NUM", "COL_TYPE", "COL_MAX_LEN", "COL_NAME", "COL_NAME_LEN", "COL_PRECISION", "COL_SCALE"
            ,"FORM_CODE", "PIMARY_KEY_FLAG", "DEFAULT_COLUMN_WIDTH", "COLUMN_DESCRIPTION")
     Values ('5', 'DATE', '21', 'VISIT_DATE', '10', '0', '0', 'INS_INSURED_REP_DET', '', '*', '**VISIT_DATE');
/*  Form: INS_INSURED_REP_DET. Entity: FORM_COLUMNS.  */

Insert Into FORM_COLUMNS
            ("FORM_CODE", "COLUMN_CODE", "COLUMN_USER_NAME", "COLUMN_DISPLAY_SIZE", "COLUMN_DATA_TYPE"
            ,"COLUMN_DISPLAY_NUMBER", "PIMARY_KEY_FLAG", "SHOW_ON_GRID", "TREE_INITIALIZATION_VALUE", "TREE_FIELD_TYPE"
            ,"EDITOR_TAB_CODE", "FIELD_TYPE", "COLUMN_DESCRIPTION", "IS_FROZEN_FLAG", "SHOW_HOVER_FLAG", "LOOKUP_CODE"
            ,"HOVER_COLUMN_CODE", "EDITOR_HEIGHT", "LOOKUP_FIELD_TYPE", "HELP_TEXT", "TEXT_MASK", "VALIDATION_REGEXP"
            ,"DEFAULT_ORDERBY_NUMBER", "DEFAULT_VALUE", "EDITOR_TITLE_ORIENTATION", "EDITOR_END_ROW_FLAG"
            ,"EDITOR_COLS_SPAN", "LOOKUP_DISPLAY_VALUE", "EDITOR_ON_ENTER_KEY_ACTION")
     Values ('INS_INSURED_REP_DET', 'ACCOUNT_NUM', 'Счет', '*', 'S', '80', 'N', 'Y', '', '', '', '', '**ACCOUNT_NUM'
            ,'N', 'N', '', '', '', '', '', '', '', '', '', 'L', 'Y', '*', '', '');

Insert Into FORM_COLUMNS
            ("FORM_CODE", "COLUMN_CODE", "COLUMN_USER_NAME", "COLUMN_DISPLAY_SIZE", "COLUMN_DATA_TYPE"
            ,"COLUMN_DISPLAY_NUMBER", "PIMARY_KEY_FLAG", "SHOW_ON_GRID", "TREE_INITIALIZATION_VALUE", "TREE_FIELD_TYPE"
            ,"EDITOR_TAB_CODE", "FIELD_TYPE", "COLUMN_DESCRIPTION", "IS_FROZEN_FLAG", "SHOW_HOVER_FLAG", "LOOKUP_CODE"
            ,"HOVER_COLUMN_CODE", "EDITOR_HEIGHT", "LOOKUP_FIELD_TYPE", "HELP_TEXT", "TEXT_MASK", "VALIDATION_REGEXP"
            ,"DEFAULT_ORDERBY_NUMBER", "DEFAULT_VALUE", "EDITOR_TITLE_ORIENTATION", "EDITOR_END_ROW_FLAG"
            ,"EDITOR_COLS_SPAN", "LOOKUP_DISPLAY_VALUE", "EDITOR_ON_ENTER_KEY_ACTION")
     Values ('INS_INSURED_REP_DET', 'CARD_NO', '№ Карты', '*', 'S', '20', 'N', 'Y', '', '', '', '', '*в) № Карты', 'N'
            ,'N', '', '', '', '', '', '', '', '', '', 'L', 'Y', '*', '', '');

Insert Into FORM_COLUMNS
            ("FORM_CODE", "COLUMN_CODE", "COLUMN_USER_NAME", "COLUMN_DISPLAY_SIZE", "COLUMN_DATA_TYPE"
            ,"COLUMN_DISPLAY_NUMBER", "PIMARY_KEY_FLAG", "SHOW_ON_GRID", "TREE_INITIALIZATION_VALUE", "TREE_FIELD_TYPE"
            ,"EDITOR_TAB_CODE", "FIELD_TYPE", "COLUMN_DESCRIPTION", "IS_FROZEN_FLAG", "SHOW_HOVER_FLAG", "LOOKUP_CODE"
            ,"HOVER_COLUMN_CODE", "EDITOR_HEIGHT", "LOOKUP_FIELD_TYPE", "HELP_TEXT", "TEXT_MASK", "VALIDATION_REGEXP"
            ,"DEFAULT_ORDERBY_NUMBER", "DEFAULT_VALUE", "EDITOR_TITLE_ORIENTATION", "EDITOR_END_ROW_FLAG"
            ,"EDITOR_COLS_SPAN", "LOOKUP_DISPLAY_VALUE", "EDITOR_ON_ENTER_KEY_ACTION")
     Values ('INS_INSURED_REP_DET', 'COMPANY_NAME', 'Компания', '*', 'S', '90', 'N', 'Y', '', '', '', ''
            ,'**COMPANY_NAME', 'N', 'Y', '', '', '', '', '', '', '', '', '', 'L', 'Y', '*', '', '');

Insert Into FORM_COLUMNS
            ("FORM_CODE", "COLUMN_CODE", "COLUMN_USER_NAME", "COLUMN_DISPLAY_SIZE", "COLUMN_DATA_TYPE"
            ,"COLUMN_DISPLAY_NUMBER", "PIMARY_KEY_FLAG", "SHOW_ON_GRID", "TREE_INITIALIZATION_VALUE", "TREE_FIELD_TYPE"
            ,"EDITOR_TAB_CODE", "FIELD_TYPE", "COLUMN_DESCRIPTION", "IS_FROZEN_FLAG", "SHOW_HOVER_FLAG", "LOOKUP_CODE"
            ,"HOVER_COLUMN_CODE", "EDITOR_HEIGHT", "LOOKUP_FIELD_TYPE", "HELP_TEXT", "TEXT_MASK", "VALIDATION_REGEXP"
            ,"DEFAULT_ORDERBY_NUMBER", "DEFAULT_VALUE", "EDITOR_TITLE_ORIENTATION", "EDITOR_END_ROW_FLAG"
            ,"EDITOR_COLS_SPAN", "LOOKUP_DISPLAY_VALUE", "EDITOR_ON_ENTER_KEY_ACTION")
     Values ('INS_INSURED_REP_DET', 'DIAGNOSIS', 'Диагноз', '*', 'S', '120', 'N', 'Y', '', '', '', '', '**DIAGNOSIS'
            ,'N', 'Y', '', '', '', '', '', '', '', '', '', 'L', 'Y', '*', '', '');

Insert Into FORM_COLUMNS
            ("FORM_CODE", "COLUMN_CODE", "COLUMN_USER_NAME", "COLUMN_DISPLAY_SIZE", "COLUMN_DATA_TYPE"
            ,"COLUMN_DISPLAY_NUMBER", "PIMARY_KEY_FLAG", "SHOW_ON_GRID", "TREE_INITIALIZATION_VALUE", "TREE_FIELD_TYPE"
            ,"EDITOR_TAB_CODE", "FIELD_TYPE", "COLUMN_DESCRIPTION", "IS_FROZEN_FLAG", "SHOW_HOVER_FLAG", "LOOKUP_CODE"
            ,"HOVER_COLUMN_CODE", "EDITOR_HEIGHT", "LOOKUP_FIELD_TYPE", "HELP_TEXT", "TEXT_MASK", "VALIDATION_REGEXP"
            ,"DEFAULT_ORDERBY_NUMBER", "DEFAULT_VALUE", "EDITOR_TITLE_ORIENTATION", "EDITOR_END_ROW_FLAG"
            ,"EDITOR_COLS_SPAN", "LOOKUP_DISPLAY_VALUE", "EDITOR_ON_ENTER_KEY_ACTION")
     Values ('INS_INSURED_REP_DET', 'DISCOUNT', 'Скидка', '*', 'N', '60', 'N', 'Y', '', '', '', '', '**DISCOUNT', 'N'
            ,'N', '', '', '', '', '', '', '', '', '', 'L', 'Y', '*', '', '');

Insert Into FORM_COLUMNS
            ("FORM_CODE", "COLUMN_CODE", "COLUMN_USER_NAME", "COLUMN_DISPLAY_SIZE", "COLUMN_DATA_TYPE"
            ,"COLUMN_DISPLAY_NUMBER", "PIMARY_KEY_FLAG", "SHOW_ON_GRID", "TREE_INITIALIZATION_VALUE", "TREE_FIELD_TYPE"
            ,"EDITOR_TAB_CODE", "FIELD_TYPE", "COLUMN_DESCRIPTION", "IS_FROZEN_FLAG", "SHOW_HOVER_FLAG", "LOOKUP_CODE"
            ,"HOVER_COLUMN_CODE", "EDITOR_HEIGHT", "LOOKUP_FIELD_TYPE", "HELP_TEXT", "TEXT_MASK", "VALIDATION_REGEXP"
            ,"DEFAULT_ORDERBY_NUMBER", "DEFAULT_VALUE", "EDITOR_TITLE_ORIENTATION", "EDITOR_END_ROW_FLAG"
            ,"EDITOR_COLS_SPAN", "LOOKUP_DISPLAY_VALUE", "EDITOR_ON_ENTER_KEY_ACTION")
     Values ('INS_INSURED_REP_DET', 'FIO', 'ФИО', '*', 'S', '30', 'N', 'Y', '', '', '', '', '*ФИО', 'N', 'Y', '', ''
            ,'', '', '', '', '', '', '', 'L', 'Y', '*', '', '');

Insert Into FORM_COLUMNS
            ("FORM_CODE", "COLUMN_CODE", "COLUMN_USER_NAME", "COLUMN_DISPLAY_SIZE", "COLUMN_DATA_TYPE"
            ,"COLUMN_DISPLAY_NUMBER", "PIMARY_KEY_FLAG", "SHOW_ON_GRID", "TREE_INITIALIZATION_VALUE", "TREE_FIELD_TYPE"
            ,"EDITOR_TAB_CODE", "FIELD_TYPE", "COLUMN_DESCRIPTION", "IS_FROZEN_FLAG", "SHOW_HOVER_FLAG", "LOOKUP_CODE"
            ,"HOVER_COLUMN_CODE", "EDITOR_HEIGHT", "LOOKUP_FIELD_TYPE", "HELP_TEXT", "TEXT_MASK", "VALIDATION_REGEXP"
            ,"DEFAULT_ORDERBY_NUMBER", "DEFAULT_VALUE", "EDITOR_TITLE_ORIENTATION", "EDITOR_END_ROW_FLAG"
            ,"EDITOR_COLS_SPAN", "LOOKUP_DISPLAY_VALUE", "EDITOR_ON_ENTER_KEY_ACTION")
     Values ('INS_INSURED_REP_DET', 'INSURED_ID', 'Застрахованный', '*', 'N', '10', 'N', 'N', '', '', '', ''
            ,'**INSURED_ID', 'N', 'N', '', '', '', '', '', '', '', '', '', 'L', 'Y', '*', '', '');

Insert Into FORM_COLUMNS
            ("FORM_CODE", "COLUMN_CODE", "COLUMN_USER_NAME", "COLUMN_DISPLAY_SIZE", "COLUMN_DATA_TYPE"
            ,"COLUMN_DISPLAY_NUMBER", "PIMARY_KEY_FLAG", "SHOW_ON_GRID", "TREE_INITIALIZATION_VALUE", "TREE_FIELD_TYPE"
            ,"EDITOR_TAB_CODE", "FIELD_TYPE", "COLUMN_DESCRIPTION", "IS_FROZEN_FLAG", "SHOW_HOVER_FLAG", "LOOKUP_CODE"
            ,"HOVER_COLUMN_CODE", "EDITOR_HEIGHT", "LOOKUP_FIELD_TYPE", "HELP_TEXT", "TEXT_MASK", "VALIDATION_REGEXP"
            ,"DEFAULT_ORDERBY_NUMBER", "DEFAULT_VALUE", "EDITOR_TITLE_ORIENTATION", "EDITOR_END_ROW_FLAG"
            ,"EDITOR_COLS_SPAN", "LOOKUP_DISPLAY_VALUE", "EDITOR_ON_ENTER_KEY_ACTION")
     Values ('INS_INSURED_REP_DET', 'MED_CAT', 'Категория', '*', 'S', '100', 'N', 'Y', '', '', '', '', '**MED_CAT', 'N'
            ,'Y', '', '', '', '', '', '', '', '', '', 'L', 'Y', '*', '', '');

Insert Into FORM_COLUMNS
            ("FORM_CODE", "COLUMN_CODE", "COLUMN_USER_NAME", "COLUMN_DISPLAY_SIZE", "COLUMN_DATA_TYPE"
            ,"COLUMN_DISPLAY_NUMBER", "PIMARY_KEY_FLAG", "SHOW_ON_GRID", "TREE_INITIALIZATION_VALUE", "TREE_FIELD_TYPE"
            ,"EDITOR_TAB_CODE", "FIELD_TYPE", "COLUMN_DESCRIPTION", "IS_FROZEN_FLAG", "SHOW_HOVER_FLAG", "LOOKUP_CODE"
            ,"HOVER_COLUMN_CODE", "EDITOR_HEIGHT", "LOOKUP_FIELD_TYPE", "HELP_TEXT", "TEXT_MASK", "VALIDATION_REGEXP"
            ,"DEFAULT_ORDERBY_NUMBER", "DEFAULT_VALUE", "EDITOR_TITLE_ORIENTATION", "EDITOR_END_ROW_FLAG"
            ,"EDITOR_COLS_SPAN", "LOOKUP_DISPLAY_VALUE", "EDITOR_ON_ENTER_KEY_ACTION")
     Values ('INS_INSURED_REP_DET', 'MED_SERV', 'Мед. услуга', '*', 'S', '110', 'N', 'Y', '', '', '', '', '**MED_SERV'
            ,'N', 'Y', '', '', '', '', '', '', '', '', '', 'L', 'Y', '*', '', '');

Insert Into FORM_COLUMNS
            ("FORM_CODE", "COLUMN_CODE", "COLUMN_USER_NAME", "COLUMN_DISPLAY_SIZE", "COLUMN_DATA_TYPE"
            ,"COLUMN_DISPLAY_NUMBER", "PIMARY_KEY_FLAG", "SHOW_ON_GRID", "TREE_INITIALIZATION_VALUE", "TREE_FIELD_TYPE"
            ,"EDITOR_TAB_CODE", "FIELD_TYPE", "COLUMN_DESCRIPTION", "IS_FROZEN_FLAG", "SHOW_HOVER_FLAG", "LOOKUP_CODE"
            ,"HOVER_COLUMN_CODE", "EDITOR_HEIGHT", "LOOKUP_FIELD_TYPE", "HELP_TEXT", "TEXT_MASK", "VALIDATION_REGEXP"
            ,"DEFAULT_ORDERBY_NUMBER", "DEFAULT_VALUE", "EDITOR_TITLE_ORIENTATION", "EDITOR_END_ROW_FLAG"
            ,"EDITOR_COLS_SPAN", "LOOKUP_DISPLAY_VALUE", "EDITOR_ON_ENTER_KEY_ACTION")
     Values ('INS_INSURED_REP_DET', 'POSTING_DATE', 'Дата проведения', '*', 'D', '40', 'N', 'Y', '', '', '', ''
            ,'**POSTING_DATE', 'N', 'N', '', '', '', '', '', '', '', '', '', 'L', 'Y', '*', '', '');

Insert Into FORM_COLUMNS
            ("FORM_CODE", "COLUMN_CODE", "COLUMN_USER_NAME", "COLUMN_DISPLAY_SIZE", "COLUMN_DATA_TYPE"
            ,"COLUMN_DISPLAY_NUMBER", "PIMARY_KEY_FLAG", "SHOW_ON_GRID", "TREE_INITIALIZATION_VALUE", "TREE_FIELD_TYPE"
            ,"EDITOR_TAB_CODE", "FIELD_TYPE", "COLUMN_DESCRIPTION", "IS_FROZEN_FLAG", "SHOW_HOVER_FLAG", "LOOKUP_CODE"
            ,"HOVER_COLUMN_CODE", "EDITOR_HEIGHT", "LOOKUP_FIELD_TYPE", "HELP_TEXT", "TEXT_MASK", "VALIDATION_REGEXP"
            ,"DEFAULT_ORDERBY_NUMBER", "DEFAULT_VALUE", "EDITOR_TITLE_ORIENTATION", "EDITOR_END_ROW_FLAG"
            ,"EDITOR_COLS_SPAN", "LOOKUP_DISPLAY_VALUE", "EDITOR_ON_ENTER_KEY_ACTION")
     Values ('INS_INSURED_REP_DET', 'SERVICE_AMOUNT', 'Сумма со скидкой', '*', 'N', '70', 'N', 'Y', '', '', '', ''
            ,'**SERVICE_AMOUNT', 'N', 'N', '', '', '', '', '', '', '', '', '', 'L', 'Y', '*', '', '');

Insert Into FORM_COLUMNS
            ("FORM_CODE", "COLUMN_CODE", "COLUMN_USER_NAME", "COLUMN_DISPLAY_SIZE", "COLUMN_DATA_TYPE"
            ,"COLUMN_DISPLAY_NUMBER", "PIMARY_KEY_FLAG", "SHOW_ON_GRID", "TREE_INITIALIZATION_VALUE", "TREE_FIELD_TYPE"
            ,"EDITOR_TAB_CODE", "FIELD_TYPE", "COLUMN_DESCRIPTION", "IS_FROZEN_FLAG", "SHOW_HOVER_FLAG", "LOOKUP_CODE"
            ,"HOVER_COLUMN_CODE", "EDITOR_HEIGHT", "LOOKUP_FIELD_TYPE", "HELP_TEXT", "TEXT_MASK", "VALIDATION_REGEXP"
            ,"DEFAULT_ORDERBY_NUMBER", "DEFAULT_VALUE", "EDITOR_TITLE_ORIENTATION", "EDITOR_END_ROW_FLAG"
            ,"EDITOR_COLS_SPAN", "LOOKUP_DISPLAY_VALUE", "EDITOR_ON_ENTER_KEY_ACTION")
     Values ('INS_INSURED_REP_DET', 'VISIT_DATE', 'Дата визита', '*', 'D', '50', 'N', 'Y', '', '', '', ''
            ,'**VISIT_DATE', 'N', 'N', '', '', '', '', '', '', '', '', '', 'L', 'Y', '*', '', '');

Alter Table forms Enable VALIDATE Constraint forms_form_actions_fk;
Alter Table FORMS Enable All Triggers;

/*****************INS_INS_ACCOUNT*********************/
Alter Table FORMS Disable All Triggers;
Alter Table forms Disable Constraint forms_form_actions_fk;
Delete From FORM_COLUMNS
      Where form_code = 'INS_INS_ACCOUNT';
Delete From FORM_COLUMNS$
      Where form_code = 'INS_INS_ACCOUNT';
Delete From FORM_ACTIONS
      Where form_code = 'INS_INS_ACCOUNT';
Delete From FORM_TABS
      Where form_code = 'INS_INS_ACCOUNT';
Delete From FORMS
      Where form_code = 'INS_INS_ACCOUNT';
/*  Form: INS_INS_ACCOUNT. Entity: FORMS.  */

Insert Into FORMS
            ("FORM_CODE", "HOT_KEY", "SQL_TEXT", "FORM_NAME", "FORM_TYPE", "SHOW_TREE_ROOT_NODE", "ICON_ID"
            ,"FORM_WIDTH", "FORM_HEIGHT", "BOTTOM_TABS_ORIENTATION", "SIDE_TABS_ORIENTATION", "SHOW_BOTTOM_TOOLBAR"
            ,"OBJECT_VERSION_NUMBER", "DEFAULT_COLUMN_WIDTH", "DESCRIPTION", "DOUBLE_CLICK_ACTION_CODE", "LOOKUP_WIDTH"
            ,"APPS_CODE", "EXPORT_ORDER")
     Values ('INS_INS_ACCOUNT', '', 'select * from INS.INS_ACCOUNT', 'Счета', 'G', 'Y', '', '*', '40%', '', '', 'Y'
            ,'25', '*', '', '', '', 'INS', '100');
/*  Form: INS_INS_ACCOUNT. Entity: FORM_TABS.  */

Insert Into FORM_TABS
            ("FORM_CODE", "TAB_CODE", "CHILD_FORM_CODE", "TAB_POSITION", "TAB_NAME", "NUMBER_OF_COLUMNS", "ICON_ID"
            ,"TAB_TYPE", "TAB_DISPLAY_NUMBER")
     Values ('INS_INS_ACCOUNT', 'DETAILS', '', 'B', 'Детали', '6', '9', '1', '1');

Insert Into FORM_TABS
            ("FORM_CODE", "TAB_CODE", "CHILD_FORM_CODE", "TAB_POSITION", "TAB_NAME", "NUMBER_OF_COLUMNS", "ICON_ID"
            ,"TAB_TYPE", "TAB_DISPLAY_NUMBER")
     Values ('INS_INS_ACCOUNT', 'LINES', 'INS_INS_ACCOUNT_LINES', 'B', 'Строки', '', '13', '2', '2');
/*  Form: INS_INS_ACCOUNT. Entity: FORM_ACTIONS.  */

Insert Into FORM_ACTIONS
            ("FORM_CODE", "ACTION_CODE", "PROCEDURE_NAME", "ACTION_DISPLAY_NAME", "ICON_ID", "DEFAULT_PARAM_PREFIX"
            ,"DEFAULT_OLD_PARAM_PREFIX", "ACTION_TYPE", "DISPLAY_NUMBER", "CONFIRM_TEXT", "HOT_KEY"
            ,"SHOW_SEPARATOR_BELOW", "DISPLAY_ON_TOOLBAR", "CHILD_FORM_CODE")
     Values ('INS_INS_ACCOUNT', 'DEL', 'INS_INS_ACCOUNT_PKG.p_delete', 'Удалить', '48', '', '', '3', '130'
            ,'Вы уверенны что хотите удалить запись?', '', 'N', 'Y', '');

Insert Into FORM_ACTIONS
            ("FORM_CODE", "ACTION_CODE", "PROCEDURE_NAME", "ACTION_DISPLAY_NAME", "ICON_ID", "DEFAULT_PARAM_PREFIX"
            ,"DEFAULT_OLD_PARAM_PREFIX", "ACTION_TYPE", "DISPLAY_NUMBER", "CONFIRM_TEXT", "HOT_KEY"
            ,"SHOW_SEPARATOR_BELOW", "DISPLAY_ON_TOOLBAR", "CHILD_FORM_CODE")
     Values ('INS_INS_ACCOUNT', 'EDIT', '', 'Редактировать', '50', '', '', '8', '115', 'Вы уверенны?', '', 'N', 'Y', '');

Insert Into FORM_ACTIONS
            ("FORM_CODE", "ACTION_CODE", "PROCEDURE_NAME", "ACTION_DISPLAY_NAME", "ICON_ID", "DEFAULT_PARAM_PREFIX"
            ,"DEFAULT_OLD_PARAM_PREFIX", "ACTION_TYPE", "DISPLAY_NUMBER", "CONFIRM_TEXT", "HOT_KEY"
            ,"SHOW_SEPARATOR_BELOW", "DISPLAY_ON_TOOLBAR", "CHILD_FORM_CODE")
     Values ('INS_INS_ACCOUNT', 'INS', '', 'Создать', '47', '', '', '1', '110', '', '', 'N', 'Y', '');

Insert Into FORM_ACTIONS
            ("FORM_CODE", "ACTION_CODE", "PROCEDURE_NAME", "ACTION_DISPLAY_NAME", "ICON_ID", "DEFAULT_PARAM_PREFIX"
            ,"DEFAULT_OLD_PARAM_PREFIX", "ACTION_TYPE", "DISPLAY_NUMBER", "CONFIRM_TEXT", "HOT_KEY"
            ,"SHOW_SEPARATOR_BELOW", "DISPLAY_ON_TOOLBAR", "CHILD_FORM_CODE")
     Values ('INS_INS_ACCOUNT', 'REFR', '', 'Обновить', '15', '', '', '4', '10', '', '', 'N', 'Y', '');

Insert Into FORM_ACTIONS
            ("FORM_CODE", "ACTION_CODE", "PROCEDURE_NAME", "ACTION_DISPLAY_NAME", "ICON_ID", "DEFAULT_PARAM_PREFIX"
            ,"DEFAULT_OLD_PARAM_PREFIX", "ACTION_TYPE", "DISPLAY_NUMBER", "CONFIRM_TEXT", "HOT_KEY"
            ,"SHOW_SEPARATOR_BELOW", "DISPLAY_ON_TOOLBAR", "CHILD_FORM_CODE")
     Values ('INS_INS_ACCOUNT', 'UPD', 'INS_INS_ACCOUNT_PKG.p_ins_upd', 'Сохранить', '46', '', '', '2', '120'
            ,'Вы уверенны?', '', 'N', 'Y', '');
/*  Form: INS_INS_ACCOUNT. Entity: FORM_COLUMNS$.  */

Insert Into FORM_COLUMNS$
            ("COL_NUM", "COL_TYPE", "COL_MAX_LEN", "COL_NAME", "COL_NAME_LEN", "COL_PRECISION", "COL_SCALE"
            ,"FORM_CODE", "PIMARY_KEY_FLAG", "DEFAULT_COLUMN_WIDTH", "COLUMN_DESCRIPTION")
     Values ('2', 'VARCHAR2', '96', 'ACCOUNT', '7', '0', '0', 'INS_INS_ACCOUNT', '', '*', '**ACCOUNT');

Insert Into FORM_COLUMNS$
            ("COL_NUM", "COL_TYPE", "COL_MAX_LEN", "COL_NAME", "COL_NAME_LEN", "COL_PRECISION", "COL_SCALE"
            ,"FORM_CODE", "PIMARY_KEY_FLAG", "DEFAULT_COLUMN_WIDTH", "COLUMN_DESCRIPTION")
     Values ('4', 'DATE', '7', 'ACCOUNT_DATE', '12', '0', '0', 'INS_INS_ACCOUNT', '', '*', '**ACCOUNT_DATE');

Insert Into FORM_COLUMNS$
            ("COL_NUM", "COL_TYPE", "COL_MAX_LEN", "COL_NAME", "COL_NAME_LEN", "COL_PRECISION", "COL_SCALE"
            ,"FORM_CODE", "PIMARY_KEY_FLAG", "DEFAULT_COLUMN_WIDTH", "COLUMN_DESCRIPTION")
     Values ('1', 'NUMBER', '22', 'ACCOUNT_ID', '10', '0', '-127', 'INS_INS_ACCOUNT', '', '*', '**ACCOUNT_ID');

Insert Into FORM_COLUMNS$
            ("COL_NUM", "COL_TYPE", "COL_MAX_LEN", "COL_NAME", "COL_NAME_LEN", "COL_PRECISION", "COL_SCALE"
            ,"FORM_CODE", "PIMARY_KEY_FLAG", "DEFAULT_COLUMN_WIDTH", "COLUMN_DESCRIPTION")
     Values ('5', 'NUMBER', '22', 'AMOUNT', '6', '19', '2', 'INS_INS_ACCOUNT', '', '*', '**AMOUNT');

Insert Into FORM_COLUMNS$
            ("COL_NUM", "COL_TYPE", "COL_MAX_LEN", "COL_NAME", "COL_NAME_LEN", "COL_PRECISION", "COL_SCALE"
            ,"FORM_CODE", "PIMARY_KEY_FLAG", "DEFAULT_COLUMN_WIDTH", "COLUMN_DESCRIPTION")
     Values ('3', 'NUMBER', '22', 'COMPANY_ID', '10', '0', '-127', 'INS_INS_ACCOUNT', '', '*', '**COMPANY_ID');

Insert Into FORM_COLUMNS$
            ("COL_NUM", "COL_TYPE", "COL_MAX_LEN", "COL_NAME", "COL_NAME_LEN", "COL_PRECISION", "COL_SCALE"
            ,"FORM_CODE", "PIMARY_KEY_FLAG", "DEFAULT_COLUMN_WIDTH", "COLUMN_DESCRIPTION")
     Values ('7', 'DATE', '7', 'CREATED', '7', '0', '0', 'INS_INS_ACCOUNT', '', '*', '*Creation date of the change set');

Insert Into FORM_COLUMNS$
            ("COL_NUM", "COL_TYPE", "COL_MAX_LEN", "COL_NAME", "COL_NAME_LEN", "COL_PRECISION", "COL_SCALE"
            ,"FORM_CODE", "PIMARY_KEY_FLAG", "DEFAULT_COLUMN_WIDTH", "COLUMN_DESCRIPTION")
     Values ('6', 'NUMBER', '22', 'CREATED_BY', '10', '0', '-127', 'INS_INS_ACCOUNT', '', '*'
            ,'*Auditing; user that created the record.');

Insert Into FORM_COLUMNS$
            ("COL_NUM", "COL_TYPE", "COL_MAX_LEN", "COL_NAME", "COL_NAME_LEN", "COL_PRECISION", "COL_SCALE"
            ,"FORM_CODE", "PIMARY_KEY_FLAG", "DEFAULT_COLUMN_WIDTH", "COLUMN_DESCRIPTION")
     Values ('10', 'NUMBER', '22', 'ORIG_REF_ID', '11', '10', '0', 'INS_INS_ACCOUNT', '', '*', '**ORIG_REF_ID');

Insert Into FORM_COLUMNS$
            ("COL_NUM", "COL_TYPE", "COL_MAX_LEN", "COL_NAME", "COL_NAME_LEN", "COL_PRECISION", "COL_SCALE"
            ,"FORM_CODE", "PIMARY_KEY_FLAG", "DEFAULT_COLUMN_WIDTH", "COLUMN_DESCRIPTION")
     Values ('9', 'DATE', '7', 'UPDATED', '7', '0', '0', 'INS_INS_ACCOUNT', '', '*', '**UPDATED');

Insert Into FORM_COLUMNS$
            ("COL_NUM", "COL_TYPE", "COL_MAX_LEN", "COL_NAME", "COL_NAME_LEN", "COL_PRECISION", "COL_SCALE"
            ,"FORM_CODE", "PIMARY_KEY_FLAG", "DEFAULT_COLUMN_WIDTH", "COLUMN_DESCRIPTION")
     Values ('8', 'NUMBER', '22', 'UPDATED_BY', '10', '0', '-127', 'INS_INS_ACCOUNT', '', '*', '**UPDATED_BY');
/*  Form: INS_INS_ACCOUNT. Entity: FORM_COLUMNS.  */

Insert Into FORM_COLUMNS
            ("FORM_CODE", "COLUMN_CODE", "COLUMN_USER_NAME", "COLUMN_DISPLAY_SIZE", "COLUMN_DATA_TYPE"
            ,"COLUMN_DISPLAY_NUMBER", "PIMARY_KEY_FLAG", "SHOW_ON_GRID", "TREE_INITIALIZATION_VALUE", "TREE_FIELD_TYPE"
            ,"EDITOR_TAB_CODE", "FIELD_TYPE", "COLUMN_DESCRIPTION", "IS_FROZEN_FLAG", "SHOW_HOVER_FLAG", "LOOKUP_CODE"
            ,"HOVER_COLUMN_CODE", "EDITOR_HEIGHT", "LOOKUP_FIELD_TYPE", "HELP_TEXT", "TEXT_MASK", "VALIDATION_REGEXP"
            ,"DEFAULT_ORDERBY_NUMBER", "DEFAULT_VALUE", "EDITOR_TITLE_ORIENTATION", "EDITOR_END_ROW_FLAG"
            ,"EDITOR_COLS_SPAN", "LOOKUP_DISPLAY_VALUE", "EDITOR_ON_ENTER_KEY_ACTION")
     Values ('INS_INS_ACCOUNT', 'ACCOUNT', 'Счет', '*', 'S', '1002', 'N', 'Y', '', '', 'DETAILS', '', '**ACCOUNT', 'N'
            ,'N', '', '', '', '', '', '', '', '', '', 'L', 'Y', '*', '', '');

Insert Into FORM_COLUMNS
            ("FORM_CODE", "COLUMN_CODE", "COLUMN_USER_NAME", "COLUMN_DISPLAY_SIZE", "COLUMN_DATA_TYPE"
            ,"COLUMN_DISPLAY_NUMBER", "PIMARY_KEY_FLAG", "SHOW_ON_GRID", "TREE_INITIALIZATION_VALUE", "TREE_FIELD_TYPE"
            ,"EDITOR_TAB_CODE", "FIELD_TYPE", "COLUMN_DESCRIPTION", "IS_FROZEN_FLAG", "SHOW_HOVER_FLAG", "LOOKUP_CODE"
            ,"HOVER_COLUMN_CODE", "EDITOR_HEIGHT", "LOOKUP_FIELD_TYPE", "HELP_TEXT", "TEXT_MASK", "VALIDATION_REGEXP"
            ,"DEFAULT_ORDERBY_NUMBER", "DEFAULT_VALUE", "EDITOR_TITLE_ORIENTATION", "EDITOR_END_ROW_FLAG"
            ,"EDITOR_COLS_SPAN", "LOOKUP_DISPLAY_VALUE", "EDITOR_ON_ENTER_KEY_ACTION")
     Values ('INS_INS_ACCOUNT', 'ACCOUNT_DATE', 'Дата', '*', 'D', '1004', 'N', 'Y', '', '', 'DETAILS', ''
            ,'**ACCOUNT_DATE', 'N', 'N', '', '', '', '', '', '', '', '', '', 'L', 'Y', '*', '', '');

Insert Into FORM_COLUMNS
            ("FORM_CODE", "COLUMN_CODE", "COLUMN_USER_NAME", "COLUMN_DISPLAY_SIZE", "COLUMN_DATA_TYPE"
            ,"COLUMN_DISPLAY_NUMBER", "PIMARY_KEY_FLAG", "SHOW_ON_GRID", "TREE_INITIALIZATION_VALUE", "TREE_FIELD_TYPE"
            ,"EDITOR_TAB_CODE", "FIELD_TYPE", "COLUMN_DESCRIPTION", "IS_FROZEN_FLAG", "SHOW_HOVER_FLAG", "LOOKUP_CODE"
            ,"HOVER_COLUMN_CODE", "EDITOR_HEIGHT", "LOOKUP_FIELD_TYPE", "HELP_TEXT", "TEXT_MASK", "VALIDATION_REGEXP"
            ,"DEFAULT_ORDERBY_NUMBER", "DEFAULT_VALUE", "EDITOR_TITLE_ORIENTATION", "EDITOR_END_ROW_FLAG"
            ,"EDITOR_COLS_SPAN", "LOOKUP_DISPLAY_VALUE", "EDITOR_ON_ENTER_KEY_ACTION")
     Values ('INS_INS_ACCOUNT', 'ACCOUNT_ID', '', '*', 'N', '1001', 'Y', 'N', '', '', '', '', '**ACCOUNT_ID', 'N', 'N'
            ,'', '', '', '', '', '', '', '', '', 'L', 'Y', '*', '', '');

Insert Into FORM_COLUMNS
            ("FORM_CODE", "COLUMN_CODE", "COLUMN_USER_NAME", "COLUMN_DISPLAY_SIZE", "COLUMN_DATA_TYPE"
            ,"COLUMN_DISPLAY_NUMBER", "PIMARY_KEY_FLAG", "SHOW_ON_GRID", "TREE_INITIALIZATION_VALUE", "TREE_FIELD_TYPE"
            ,"EDITOR_TAB_CODE", "FIELD_TYPE", "COLUMN_DESCRIPTION", "IS_FROZEN_FLAG", "SHOW_HOVER_FLAG", "LOOKUP_CODE"
            ,"HOVER_COLUMN_CODE", "EDITOR_HEIGHT", "LOOKUP_FIELD_TYPE", "HELP_TEXT", "TEXT_MASK", "VALIDATION_REGEXP"
            ,"DEFAULT_ORDERBY_NUMBER", "DEFAULT_VALUE", "EDITOR_TITLE_ORIENTATION", "EDITOR_END_ROW_FLAG"
            ,"EDITOR_COLS_SPAN", "LOOKUP_DISPLAY_VALUE", "EDITOR_ON_ENTER_KEY_ACTION")
     Values ('INS_INS_ACCOUNT', 'AMOUNT', 'Сумма', '*', 'N', '1005', 'N', 'Y', '', '', 'DETAILS', '', '**AMOUNT', 'N'
            ,'N', '', '', '', '', '', '', '', '', '', 'L', 'Y', '*', '', '');

Insert Into FORM_COLUMNS
            ("FORM_CODE", "COLUMN_CODE", "COLUMN_USER_NAME", "COLUMN_DISPLAY_SIZE", "COLUMN_DATA_TYPE"
            ,"COLUMN_DISPLAY_NUMBER", "PIMARY_KEY_FLAG", "SHOW_ON_GRID", "TREE_INITIALIZATION_VALUE", "TREE_FIELD_TYPE"
            ,"EDITOR_TAB_CODE", "FIELD_TYPE", "COLUMN_DESCRIPTION", "IS_FROZEN_FLAG", "SHOW_HOVER_FLAG", "LOOKUP_CODE"
            ,"HOVER_COLUMN_CODE", "EDITOR_HEIGHT", "LOOKUP_FIELD_TYPE", "HELP_TEXT", "TEXT_MASK", "VALIDATION_REGEXP"
            ,"DEFAULT_ORDERBY_NUMBER", "DEFAULT_VALUE", "EDITOR_TITLE_ORIENTATION", "EDITOR_END_ROW_FLAG"
            ,"EDITOR_COLS_SPAN", "LOOKUP_DISPLAY_VALUE", "EDITOR_ON_ENTER_KEY_ACTION")
     Values ('INS_INS_ACCOUNT', 'COMPANY_ID', 'Компания', '*', 'N', '1003', 'N', 'Y', '', '', 'DETAILS', '9'
            ,'**COMPANY_ID', 'N', 'N', 'INS_INS_COMPANY', '', '', '', '', '', '', '', '', 'L', 'Y', '*', '', '');

Insert Into FORM_COLUMNS
            ("FORM_CODE", "COLUMN_CODE", "COLUMN_USER_NAME", "COLUMN_DISPLAY_SIZE", "COLUMN_DATA_TYPE"
            ,"COLUMN_DISPLAY_NUMBER", "PIMARY_KEY_FLAG", "SHOW_ON_GRID", "TREE_INITIALIZATION_VALUE", "TREE_FIELD_TYPE"
            ,"EDITOR_TAB_CODE", "FIELD_TYPE", "COLUMN_DESCRIPTION", "IS_FROZEN_FLAG", "SHOW_HOVER_FLAG", "LOOKUP_CODE"
            ,"HOVER_COLUMN_CODE", "EDITOR_HEIGHT", "LOOKUP_FIELD_TYPE", "HELP_TEXT", "TEXT_MASK", "VALIDATION_REGEXP"
            ,"DEFAULT_ORDERBY_NUMBER", "DEFAULT_VALUE", "EDITOR_TITLE_ORIENTATION", "EDITOR_END_ROW_FLAG"
            ,"EDITOR_COLS_SPAN", "LOOKUP_DISPLAY_VALUE", "EDITOR_ON_ENTER_KEY_ACTION")
     Values ('INS_INS_ACCOUNT', 'CREATED', 'Creation date of the change set', '*', 'DATE', '1007', 'N', 'N', '', '', ''
            ,'', '*Creation date of the change set', 'N', 'N', '', '', '', '', '', '', '', '', '', 'L', 'Y', '*', ''
            ,'');

Insert Into FORM_COLUMNS
            ("FORM_CODE", "COLUMN_CODE", "COLUMN_USER_NAME", "COLUMN_DISPLAY_SIZE", "COLUMN_DATA_TYPE"
            ,"COLUMN_DISPLAY_NUMBER", "PIMARY_KEY_FLAG", "SHOW_ON_GRID", "TREE_INITIALIZATION_VALUE", "TREE_FIELD_TYPE"
            ,"EDITOR_TAB_CODE", "FIELD_TYPE", "COLUMN_DESCRIPTION", "IS_FROZEN_FLAG", "SHOW_HOVER_FLAG", "LOOKUP_CODE"
            ,"HOVER_COLUMN_CODE", "EDITOR_HEIGHT", "LOOKUP_FIELD_TYPE", "HELP_TEXT", "TEXT_MASK", "VALIDATION_REGEXP"
            ,"DEFAULT_ORDERBY_NUMBER", "DEFAULT_VALUE", "EDITOR_TITLE_ORIENTATION", "EDITOR_END_ROW_FLAG"
            ,"EDITOR_COLS_SPAN", "LOOKUP_DISPLAY_VALUE", "EDITOR_ON_ENTER_KEY_ACTION")
     Values ('INS_INS_ACCOUNT', 'CREATED_BY', 'Auditing; user that created the record.', '*', 'N', '1006', 'N', 'N', ''
            ,'', '', '', '*Auditing; user that created the record.', 'N', 'N', '', '', '', '', '', '', '', '', '', 'L'
            ,'Y', '*', '', '');

Insert Into FORM_COLUMNS
            ("FORM_CODE", "COLUMN_CODE", "COLUMN_USER_NAME", "COLUMN_DISPLAY_SIZE", "COLUMN_DATA_TYPE"
            ,"COLUMN_DISPLAY_NUMBER", "PIMARY_KEY_FLAG", "SHOW_ON_GRID", "TREE_INITIALIZATION_VALUE", "TREE_FIELD_TYPE"
            ,"EDITOR_TAB_CODE", "FIELD_TYPE", "COLUMN_DESCRIPTION", "IS_FROZEN_FLAG", "SHOW_HOVER_FLAG", "LOOKUP_CODE"
            ,"HOVER_COLUMN_CODE", "EDITOR_HEIGHT", "LOOKUP_FIELD_TYPE", "HELP_TEXT", "TEXT_MASK", "VALIDATION_REGEXP"
            ,"DEFAULT_ORDERBY_NUMBER", "DEFAULT_VALUE", "EDITOR_TITLE_ORIENTATION", "EDITOR_END_ROW_FLAG"
            ,"EDITOR_COLS_SPAN", "LOOKUP_DISPLAY_VALUE", "EDITOR_ON_ENTER_KEY_ACTION")
     Values ('INS_INS_ACCOUNT', 'ORIG_REF_ID', '', '*', 'N', '1010', 'N', 'N', '', '', '', '', '**ORIG_REF_ID', 'N'
            ,'N', '', '', '', '', '', '', '', '', '', 'L', 'Y', '*', '', '');

Insert Into FORM_COLUMNS
            ("FORM_CODE", "COLUMN_CODE", "COLUMN_USER_NAME", "COLUMN_DISPLAY_SIZE", "COLUMN_DATA_TYPE"
            ,"COLUMN_DISPLAY_NUMBER", "PIMARY_KEY_FLAG", "SHOW_ON_GRID", "TREE_INITIALIZATION_VALUE", "TREE_FIELD_TYPE"
            ,"EDITOR_TAB_CODE", "FIELD_TYPE", "COLUMN_DESCRIPTION", "IS_FROZEN_FLAG", "SHOW_HOVER_FLAG", "LOOKUP_CODE"
            ,"HOVER_COLUMN_CODE", "EDITOR_HEIGHT", "LOOKUP_FIELD_TYPE", "HELP_TEXT", "TEXT_MASK", "VALIDATION_REGEXP"
            ,"DEFAULT_ORDERBY_NUMBER", "DEFAULT_VALUE", "EDITOR_TITLE_ORIENTATION", "EDITOR_END_ROW_FLAG"
            ,"EDITOR_COLS_SPAN", "LOOKUP_DISPLAY_VALUE", "EDITOR_ON_ENTER_KEY_ACTION")
     Values ('INS_INS_ACCOUNT', 'UPDATED', '', '*', 'DATE', '1009', 'N', 'N', '', '', '', '', '**UPDATED', 'N', 'N', ''
            ,'', '', '', '', '', '', '', '', 'L', 'Y', '*', '', '');

Insert Into FORM_COLUMNS
            ("FORM_CODE", "COLUMN_CODE", "COLUMN_USER_NAME", "COLUMN_DISPLAY_SIZE", "COLUMN_DATA_TYPE"
            ,"COLUMN_DISPLAY_NUMBER", "PIMARY_KEY_FLAG", "SHOW_ON_GRID", "TREE_INITIALIZATION_VALUE", "TREE_FIELD_TYPE"
            ,"EDITOR_TAB_CODE", "FIELD_TYPE", "COLUMN_DESCRIPTION", "IS_FROZEN_FLAG", "SHOW_HOVER_FLAG", "LOOKUP_CODE"
            ,"HOVER_COLUMN_CODE", "EDITOR_HEIGHT", "LOOKUP_FIELD_TYPE", "HELP_TEXT", "TEXT_MASK", "VALIDATION_REGEXP"
            ,"DEFAULT_ORDERBY_NUMBER", "DEFAULT_VALUE", "EDITOR_TITLE_ORIENTATION", "EDITOR_END_ROW_FLAG"
            ,"EDITOR_COLS_SPAN", "LOOKUP_DISPLAY_VALUE", "EDITOR_ON_ENTER_KEY_ACTION")
     Values ('INS_INS_ACCOUNT', 'UPDATED_BY', '', '*', 'N', '1008', 'N', 'N', '', '', '', '', '**UPDATED_BY', 'N', 'N'
            ,'', '', '', '', '', '', '', '', '', 'L', 'Y', '*', '', '');

Alter Table forms Enable VALIDATE Constraint forms_form_actions_fk;
Alter Table FORMS Enable All Triggers;

/*****************INS_INS_ACCOUNT_LINES*********************/
Alter Table FORMS Disable All Triggers;
Alter Table forms Disable Constraint forms_form_actions_fk;
Delete From FORM_COLUMNS
      Where form_code = 'INS_INS_ACCOUNT_LINES';
Delete From FORM_COLUMNS$
      Where form_code = 'INS_INS_ACCOUNT_LINES';
Delete From FORM_ACTIONS
      Where form_code = 'INS_INS_ACCOUNT_LINES';
Delete From FORM_TABS
      Where form_code = 'INS_INS_ACCOUNT_LINES';
Delete From FORMS
      Where form_code = 'INS_INS_ACCOUNT_LINES';
/*  Form: INS_INS_ACCOUNT_LINES. Entity: FORMS.  */

Insert Into FORMS
            ("FORM_CODE", "HOT_KEY", "SQL_TEXT", "FORM_NAME", "FORM_TYPE", "SHOW_TREE_ROOT_NODE", "ICON_ID"
            ,"FORM_WIDTH", "FORM_HEIGHT", "BOTTOM_TABS_ORIENTATION", "SIDE_TABS_ORIENTATION", "SHOW_BOTTOM_TOOLBAR"
            ,"OBJECT_VERSION_NUMBER", "DEFAULT_COLUMN_WIDTH", "DESCRIPTION", "DOUBLE_CLICK_ACTION_CODE", "LOOKUP_WIDTH"
            ,"APPS_CODE", "EXPORT_ORDER")
     Values ('INS_INS_ACCOUNT_LINES', ''
            ,'With t As
     (
        Select l.*, (Select Sum (a.amount)
                       From ins.ins_medical_service a
                      Where a.account_line_id = l.account_line_id) As service_amount
          From ins.ins_account_lines l
         Where 1 = 1
           And ''Y'' =
                  Case
                     When :p_$master_form_code = ''INS_INS_ACCOUNT''
                     And l.account_id = :account_id Then ''Y''
                     When :p_$master_form_code = ''INS_INS_INSURED''
                     And l.insured_id = :Id Then ''Y''
                     When :p_$master_form_code = ''ACCOUNTS_GEN''
                     And l.account_num = :account_num
                     And l.company_id = :company_id Then ''Y''
                     When NVL (:p_$master_form_code, ''XXXX'') Not In
                                                                 (''INS_INS_ACCOUNT'', ''INS_INS_INSURED'', ''ACCOUNTS_GEN'') Then ''Y''
                     Else ''N''
                  End)
Select t.*, (service_amount * (100 - NVL (discount, 0)) / 100) As service_discounted_amnt
  From t'
            ,'', 'G', 'Y', '', '60%', '*', '', '', 'N', '77', '*', '', '', '', 'INS', '100');
/*  Form: INS_INS_ACCOUNT_LINES. Entity: FORM_TABS.  */

Insert Into FORM_TABS
            ("FORM_CODE", "TAB_CODE", "CHILD_FORM_CODE", "TAB_POSITION", "TAB_NAME", "NUMBER_OF_COLUMNS", "ICON_ID"
            ,"TAB_TYPE", "TAB_DISPLAY_NUMBER")
     Values ('INS_INS_ACCOUNT_LINES', 'MED_SERV', 'INS_INS_MEDICAL_SERVICE', 'R', '', '', '4', '2', '2');

Insert Into FORM_TABS
            ("FORM_CODE", "TAB_CODE", "CHILD_FORM_CODE", "TAB_POSITION", "TAB_NAME", "NUMBER_OF_COLUMNS", "ICON_ID"
            ,"TAB_TYPE", "TAB_DISPLAY_NUMBER")
     Values ('INS_INS_ACCOUNT_LINES', 'SERV_DIAGS', 'INS_INS_SERVICE_DIAGNOSIS', 'R', '', '', '3', '2', '1');
/*  Form: INS_INS_ACCOUNT_LINES. Entity: FORM_ACTIONS.  */

Insert Into FORM_ACTIONS
            ("FORM_CODE", "ACTION_CODE", "PROCEDURE_NAME", "ACTION_DISPLAY_NAME", "ICON_ID", "DEFAULT_PARAM_PREFIX"
            ,"DEFAULT_OLD_PARAM_PREFIX", "ACTION_TYPE", "DISPLAY_NUMBER", "CONFIRM_TEXT", "HOT_KEY"
            ,"SHOW_SEPARATOR_BELOW", "DISPLAY_ON_TOOLBAR", "CHILD_FORM_CODE")
     Values ('INS_INS_ACCOUNT_LINES', 'DEL', 'INS_INS_ACCOUNT_LINES_PKG.p_delete', 'Удалить', '48', '', '', '3', '130'
            ,'Вы уверенны что хотите удалить запись?', '', 'N', 'Y', '');

Insert Into FORM_ACTIONS
            ("FORM_CODE", "ACTION_CODE", "PROCEDURE_NAME", "ACTION_DISPLAY_NAME", "ICON_ID", "DEFAULT_PARAM_PREFIX"
            ,"DEFAULT_OLD_PARAM_PREFIX", "ACTION_TYPE", "DISPLAY_NUMBER", "CONFIRM_TEXT", "HOT_KEY"
            ,"SHOW_SEPARATOR_BELOW", "DISPLAY_ON_TOOLBAR", "CHILD_FORM_CODE")
     Values ('INS_INS_ACCOUNT_LINES', 'EDIT', '', 'Редактировать', '50', '', '', '8', '115', 'Вы уверенны?', '', 'N'
            ,'Y', '');

Insert Into FORM_ACTIONS
            ("FORM_CODE", "ACTION_CODE", "PROCEDURE_NAME", "ACTION_DISPLAY_NAME", "ICON_ID", "DEFAULT_PARAM_PREFIX"
            ,"DEFAULT_OLD_PARAM_PREFIX", "ACTION_TYPE", "DISPLAY_NUMBER", "CONFIRM_TEXT", "HOT_KEY"
            ,"SHOW_SEPARATOR_BELOW", "DISPLAY_ON_TOOLBAR", "CHILD_FORM_CODE")
     Values ('INS_INS_ACCOUNT_LINES', 'INS', '', 'Создать', '47', '', '', '1', '110', '', '', 'N', 'Y', '');

Insert Into FORM_ACTIONS
            ("FORM_CODE", "ACTION_CODE", "PROCEDURE_NAME", "ACTION_DISPLAY_NAME", "ICON_ID", "DEFAULT_PARAM_PREFIX"
            ,"DEFAULT_OLD_PARAM_PREFIX", "ACTION_TYPE", "DISPLAY_NUMBER", "CONFIRM_TEXT", "HOT_KEY"
            ,"SHOW_SEPARATOR_BELOW", "DISPLAY_ON_TOOLBAR", "CHILD_FORM_CODE")
     Values ('INS_INS_ACCOUNT_LINES', 'INS_T', '', '', '103', '', '', '10', '150', '', '', 'N', 'N', 'INS_INS_INSURED');

Insert Into FORM_ACTIONS
            ("FORM_CODE", "ACTION_CODE", "PROCEDURE_NAME", "ACTION_DISPLAY_NAME", "ICON_ID", "DEFAULT_PARAM_PREFIX"
            ,"DEFAULT_OLD_PARAM_PREFIX", "ACTION_TYPE", "DISPLAY_NUMBER", "CONFIRM_TEXT", "HOT_KEY"
            ,"SHOW_SEPARATOR_BELOW", "DISPLAY_ON_TOOLBAR", "CHILD_FORM_CODE")
     Values ('INS_INS_ACCOUNT_LINES', 'REFR', '', 'Обновить', '15', '', '', '4', '10', '', '', 'N', 'Y', '');

Insert Into FORM_ACTIONS
            ("FORM_CODE", "ACTION_CODE", "PROCEDURE_NAME", "ACTION_DISPLAY_NAME", "ICON_ID", "DEFAULT_PARAM_PREFIX"
            ,"DEFAULT_OLD_PARAM_PREFIX", "ACTION_TYPE", "DISPLAY_NUMBER", "CONFIRM_TEXT", "HOT_KEY"
            ,"SHOW_SEPARATOR_BELOW", "DISPLAY_ON_TOOLBAR", "CHILD_FORM_CODE")
     Values ('INS_INS_ACCOUNT_LINES', 'UPD', 'INS_INS_ACCOUNT_LINES_PKG.p_ins_upd', 'Сохранить', '46', '', '', '2'
            ,'120', 'Вы уверенны?', '', 'N', 'Y', '');
/*  Form: INS_INS_ACCOUNT_LINES. Entity: FORM_COLUMNS$.  */

Insert Into FORM_COLUMNS$
            ("COL_NUM", "COL_TYPE", "COL_MAX_LEN", "COL_NAME", "COL_NAME_LEN", "COL_PRECISION", "COL_SCALE"
            ,"FORM_CODE", "PIMARY_KEY_FLAG", "DEFAULT_COLUMN_WIDTH", "COLUMN_DESCRIPTION")
     Values ('2', 'NUMBER', '22', 'ACCOUNT_ID', '10', '0', '-127', 'INS_INS_ACCOUNT_LINES', '', '*', '**ACCOUNT_ID');

Insert Into FORM_COLUMNS$
            ("COL_NUM", "COL_TYPE", "COL_MAX_LEN", "COL_NAME", "COL_NAME_LEN", "COL_PRECISION", "COL_SCALE"
            ,"FORM_CODE", "PIMARY_KEY_FLAG", "DEFAULT_COLUMN_WIDTH", "COLUMN_DESCRIPTION")
     Values ('1', 'NUMBER', '22', 'ACCOUNT_LINE_ID', '15', '0', '-127', 'INS_INS_ACCOUNT_LINES', '', '*'
            ,'**ACCOUNT_LINE_ID');

Insert Into FORM_COLUMNS$
            ("COL_NUM", "COL_TYPE", "COL_MAX_LEN", "COL_NAME", "COL_NAME_LEN", "COL_PRECISION", "COL_SCALE"
            ,"FORM_CODE", "PIMARY_KEY_FLAG", "DEFAULT_COLUMN_WIDTH", "COLUMN_DESCRIPTION")
     Values ('13', 'VARCHAR2', '400', 'ACCOUNT_NUM', '11', '0', '0', 'INS_INS_ACCOUNT_LINES', '', '*', '**ACCOUNT_NUM');

Insert Into FORM_COLUMNS$
            ("COL_NUM", "COL_TYPE", "COL_MAX_LEN", "COL_NAME", "COL_NAME_LEN", "COL_PRECISION", "COL_SCALE"
            ,"FORM_CODE", "PIMARY_KEY_FLAG", "DEFAULT_COLUMN_WIDTH", "COLUMN_DESCRIPTION")
     Values ('14', 'NUMBER', '22', 'COMPANY_ID', '10', '0', '-127', 'INS_INS_ACCOUNT_LINES', '', '*', '**COMPANY_ID');

Insert Into FORM_COLUMNS$
            ("COL_NUM", "COL_TYPE", "COL_MAX_LEN", "COL_NAME", "COL_NAME_LEN", "COL_PRECISION", "COL_SCALE"
            ,"FORM_CODE", "PIMARY_KEY_FLAG", "DEFAULT_COLUMN_WIDTH", "COLUMN_DESCRIPTION")
     Values ('8', 'DATE', '7', 'CREATED', '7', '0', '0', 'INS_INS_ACCOUNT_LINES', '', '*'
            ,'*Creation date of the change set');

Insert Into FORM_COLUMNS$
            ("COL_NUM", "COL_TYPE", "COL_MAX_LEN", "COL_NAME", "COL_NAME_LEN", "COL_PRECISION", "COL_SCALE"
            ,"FORM_CODE", "PIMARY_KEY_FLAG", "DEFAULT_COLUMN_WIDTH", "COLUMN_DESCRIPTION")
     Values ('7', 'NUMBER', '22', 'CREATED_BY', '10', '0', '-127', 'INS_INS_ACCOUNT_LINES', '', '*'
            ,'*Auditing; user that created the record.');

Insert Into FORM_COLUMNS$
            ("COL_NUM", "COL_TYPE", "COL_MAX_LEN", "COL_NAME", "COL_NAME_LEN", "COL_PRECISION", "COL_SCALE"
            ,"FORM_CODE", "PIMARY_KEY_FLAG", "DEFAULT_COLUMN_WIDTH", "COLUMN_DESCRIPTION")
     Values ('6', 'NUMBER', '22', 'DISCOUNT', '8', '10', '0', 'INS_INS_ACCOUNT_LINES', '', '*', '**DISCOUNT');

Insert Into FORM_COLUMNS$
            ("COL_NUM", "COL_TYPE", "COL_MAX_LEN", "COL_NAME", "COL_NAME_LEN", "COL_PRECISION", "COL_SCALE"
            ,"FORM_CODE", "PIMARY_KEY_FLAG", "DEFAULT_COLUMN_WIDTH", "COLUMN_DESCRIPTION")
     Values ('3', 'NUMBER', '22', 'INSURED_ID', '10', '0', '-127', 'INS_INS_ACCOUNT_LINES', '', '*', '**INSURED_ID');

Insert Into FORM_COLUMNS$
            ("COL_NUM", "COL_TYPE", "COL_MAX_LEN", "COL_NAME", "COL_NAME_LEN", "COL_PRECISION", "COL_SCALE"
            ,"FORM_CODE", "PIMARY_KEY_FLAG", "DEFAULT_COLUMN_WIDTH", "COLUMN_DESCRIPTION")
     Values ('12', 'VARCHAR2', '4', 'IS_RESERVE_FLAG', '15', '0', '0', 'INS_INS_ACCOUNT_LINES', '', '*'
            ,'**IS_RESERVE_FLAG');

Insert Into FORM_COLUMNS$
            ("COL_NUM", "COL_TYPE", "COL_MAX_LEN", "COL_NAME", "COL_NAME_LEN", "COL_PRECISION", "COL_SCALE"
            ,"FORM_CODE", "PIMARY_KEY_FLAG", "DEFAULT_COLUMN_WIDTH", "COLUMN_DESCRIPTION")
     Values ('11', 'NUMBER', '22', 'ORIG_REF_ID', '11', '10', '0', 'INS_INS_ACCOUNT_LINES', '', '*', '**ORIG_REF_ID');

Insert Into FORM_COLUMNS$
            ("COL_NUM", "COL_TYPE", "COL_MAX_LEN", "COL_NAME", "COL_NAME_LEN", "COL_PRECISION", "COL_SCALE"
            ,"FORM_CODE", "PIMARY_KEY_FLAG", "DEFAULT_COLUMN_WIDTH", "COLUMN_DESCRIPTION")
     Values ('4', 'DATE', '7', 'POSTING_DATE', '12', '0', '0', 'INS_INS_ACCOUNT_LINES', '', '*', '**POSTING_DATE');

Insert Into FORM_COLUMNS$
            ("COL_NUM", "COL_TYPE", "COL_MAX_LEN", "COL_NAME", "COL_NAME_LEN", "COL_PRECISION", "COL_SCALE"
            ,"FORM_CODE", "PIMARY_KEY_FLAG", "DEFAULT_COLUMN_WIDTH", "COLUMN_DESCRIPTION")
     Values ('15', 'NUMBER', '22', 'SERVICE_AMOUNT', '14', '0', '0', 'INS_INS_ACCOUNT_LINES', '', '*'
            ,'**SERVICE_AMOUNT');

Insert Into FORM_COLUMNS$
            ("COL_NUM", "COL_TYPE", "COL_MAX_LEN", "COL_NAME", "COL_NAME_LEN", "COL_PRECISION", "COL_SCALE"
            ,"FORM_CODE", "PIMARY_KEY_FLAG", "DEFAULT_COLUMN_WIDTH", "COLUMN_DESCRIPTION")
     Values ('16', 'NUMBER', '22', 'SERVICE_DISCOUNTED_AMNT', '23', '0', '0', 'INS_INS_ACCOUNT_LINES', '', '*'
            ,'**SERVICE_DISCOUNTED_AMNT');

Insert Into FORM_COLUMNS$
            ("COL_NUM", "COL_TYPE", "COL_MAX_LEN", "COL_NAME", "COL_NAME_LEN", "COL_PRECISION", "COL_SCALE"
            ,"FORM_CODE", "PIMARY_KEY_FLAG", "DEFAULT_COLUMN_WIDTH", "COLUMN_DESCRIPTION")
     Values ('10', 'DATE', '7', 'UPDATED', '7', '0', '0', 'INS_INS_ACCOUNT_LINES', '', '*', '**UPDATED');

Insert Into FORM_COLUMNS$
            ("COL_NUM", "COL_TYPE", "COL_MAX_LEN", "COL_NAME", "COL_NAME_LEN", "COL_PRECISION", "COL_SCALE"
            ,"FORM_CODE", "PIMARY_KEY_FLAG", "DEFAULT_COLUMN_WIDTH", "COLUMN_DESCRIPTION")
     Values ('9', 'NUMBER', '22', 'UPDATED_BY', '10', '0', '-127', 'INS_INS_ACCOUNT_LINES', '', '*', '**UPDATED_BY');

Insert Into FORM_COLUMNS$
            ("COL_NUM", "COL_TYPE", "COL_MAX_LEN", "COL_NAME", "COL_NAME_LEN", "COL_PRECISION", "COL_SCALE"
            ,"FORM_CODE", "PIMARY_KEY_FLAG", "DEFAULT_COLUMN_WIDTH", "COLUMN_DESCRIPTION")
     Values ('5', 'DATE', '7', 'VISIT_DATE', '10', '0', '0', 'INS_INS_ACCOUNT_LINES', '', '*', '**VISIT_DATE');
/*  Form: INS_INS_ACCOUNT_LINES. Entity: FORM_COLUMNS.  */

Insert Into FORM_COLUMNS
            ("FORM_CODE", "COLUMN_CODE", "COLUMN_USER_NAME", "COLUMN_DISPLAY_SIZE", "COLUMN_DATA_TYPE"
            ,"COLUMN_DISPLAY_NUMBER", "PIMARY_KEY_FLAG", "SHOW_ON_GRID", "TREE_INITIALIZATION_VALUE", "TREE_FIELD_TYPE"
            ,"EDITOR_TAB_CODE", "FIELD_TYPE", "COLUMN_DESCRIPTION", "IS_FROZEN_FLAG", "SHOW_HOVER_FLAG", "LOOKUP_CODE"
            ,"HOVER_COLUMN_CODE", "EDITOR_HEIGHT", "LOOKUP_FIELD_TYPE", "HELP_TEXT", "TEXT_MASK", "VALIDATION_REGEXP"
            ,"DEFAULT_ORDERBY_NUMBER", "DEFAULT_VALUE", "EDITOR_TITLE_ORIENTATION", "EDITOR_END_ROW_FLAG"
            ,"EDITOR_COLS_SPAN", "LOOKUP_DISPLAY_VALUE", "EDITOR_ON_ENTER_KEY_ACTION")
     Values ('INS_INS_ACCOUNT_LINES', 'ACCOUNT_ID', '', '*', 'N', '20', 'N', 'N', '', '', '', '', '**ACCOUNT_ID', 'N'
            ,'N', '', '', '', '', '', '', '', '', '', 'L', 'Y', '*', '', '');

Insert Into FORM_COLUMNS
            ("FORM_CODE", "COLUMN_CODE", "COLUMN_USER_NAME", "COLUMN_DISPLAY_SIZE", "COLUMN_DATA_TYPE"
            ,"COLUMN_DISPLAY_NUMBER", "PIMARY_KEY_FLAG", "SHOW_ON_GRID", "TREE_INITIALIZATION_VALUE", "TREE_FIELD_TYPE"
            ,"EDITOR_TAB_CODE", "FIELD_TYPE", "COLUMN_DESCRIPTION", "IS_FROZEN_FLAG", "SHOW_HOVER_FLAG", "LOOKUP_CODE"
            ,"HOVER_COLUMN_CODE", "EDITOR_HEIGHT", "LOOKUP_FIELD_TYPE", "HELP_TEXT", "TEXT_MASK", "VALIDATION_REGEXP"
            ,"DEFAULT_ORDERBY_NUMBER", "DEFAULT_VALUE", "EDITOR_TITLE_ORIENTATION", "EDITOR_END_ROW_FLAG"
            ,"EDITOR_COLS_SPAN", "LOOKUP_DISPLAY_VALUE", "EDITOR_ON_ENTER_KEY_ACTION")
     Values ('INS_INS_ACCOUNT_LINES', 'ACCOUNT_LINE_ID', '', '*', 'N', '10', 'N', 'N', '', '', '', ''
            ,'**ACCOUNT_LINE_ID', 'N', 'N', '', '', '', '', '', '', '', '', '', 'L', 'Y', '*', '', '');

Insert Into FORM_COLUMNS
            ("FORM_CODE", "COLUMN_CODE", "COLUMN_USER_NAME", "COLUMN_DISPLAY_SIZE", "COLUMN_DATA_TYPE"
            ,"COLUMN_DISPLAY_NUMBER", "PIMARY_KEY_FLAG", "SHOW_ON_GRID", "TREE_INITIALIZATION_VALUE", "TREE_FIELD_TYPE"
            ,"EDITOR_TAB_CODE", "FIELD_TYPE", "COLUMN_DESCRIPTION", "IS_FROZEN_FLAG", "SHOW_HOVER_FLAG", "LOOKUP_CODE"
            ,"HOVER_COLUMN_CODE", "EDITOR_HEIGHT", "LOOKUP_FIELD_TYPE", "HELP_TEXT", "TEXT_MASK", "VALIDATION_REGEXP"
            ,"DEFAULT_ORDERBY_NUMBER", "DEFAULT_VALUE", "EDITOR_TITLE_ORIENTATION", "EDITOR_END_ROW_FLAG"
            ,"EDITOR_COLS_SPAN", "LOOKUP_DISPLAY_VALUE", "EDITOR_ON_ENTER_KEY_ACTION")
     Values ('INS_INS_ACCOUNT_LINES', 'ACCOUNT_NUM', '№ счета', '100', 'S', '130', 'N', 'Y', '', '', '', ''
            ,'**ACCOUNT_NUM', 'N', 'N', '', '', '', '', '', '', '', '', '', 'L', 'Y', '*', '', '');

Insert Into FORM_COLUMNS
            ("FORM_CODE", "COLUMN_CODE", "COLUMN_USER_NAME", "COLUMN_DISPLAY_SIZE", "COLUMN_DATA_TYPE"
            ,"COLUMN_DISPLAY_NUMBER", "PIMARY_KEY_FLAG", "SHOW_ON_GRID", "TREE_INITIALIZATION_VALUE", "TREE_FIELD_TYPE"
            ,"EDITOR_TAB_CODE", "FIELD_TYPE", "COLUMN_DESCRIPTION", "IS_FROZEN_FLAG", "SHOW_HOVER_FLAG", "LOOKUP_CODE"
            ,"HOVER_COLUMN_CODE", "EDITOR_HEIGHT", "LOOKUP_FIELD_TYPE", "HELP_TEXT", "TEXT_MASK", "VALIDATION_REGEXP"
            ,"DEFAULT_ORDERBY_NUMBER", "DEFAULT_VALUE", "EDITOR_TITLE_ORIENTATION", "EDITOR_END_ROW_FLAG"
            ,"EDITOR_COLS_SPAN", "LOOKUP_DISPLAY_VALUE", "EDITOR_ON_ENTER_KEY_ACTION")
     Values ('INS_INS_ACCOUNT_LINES', 'COMPANY_ID', 'Мед.учрежд', '150', 'N', '120', 'N', 'Y', '', '', '', '9'
            ,'**COMPANY_ID', 'N', 'N', 'INS_COMPANY_LIST', '', '', '', '', '', '', '', '', 'L', 'Y', '*', '', '');

Insert Into FORM_COLUMNS
            ("FORM_CODE", "COLUMN_CODE", "COLUMN_USER_NAME", "COLUMN_DISPLAY_SIZE", "COLUMN_DATA_TYPE"
            ,"COLUMN_DISPLAY_NUMBER", "PIMARY_KEY_FLAG", "SHOW_ON_GRID", "TREE_INITIALIZATION_VALUE", "TREE_FIELD_TYPE"
            ,"EDITOR_TAB_CODE", "FIELD_TYPE", "COLUMN_DESCRIPTION", "IS_FROZEN_FLAG", "SHOW_HOVER_FLAG", "LOOKUP_CODE"
            ,"HOVER_COLUMN_CODE", "EDITOR_HEIGHT", "LOOKUP_FIELD_TYPE", "HELP_TEXT", "TEXT_MASK", "VALIDATION_REGEXP"
            ,"DEFAULT_ORDERBY_NUMBER", "DEFAULT_VALUE", "EDITOR_TITLE_ORIENTATION", "EDITOR_END_ROW_FLAG"
            ,"EDITOR_COLS_SPAN", "LOOKUP_DISPLAY_VALUE", "EDITOR_ON_ENTER_KEY_ACTION")
     Values ('INS_INS_ACCOUNT_LINES', 'CREATED', 'Creation date of the change set', '*', 'D', '9101', 'N', 'N', '', ''
            ,'', '', '*Creation date of the change set', 'N', 'N', '', '', '', '', '', '', '', '', '', 'L', 'Y', '*'
            ,'', '');

Insert Into FORM_COLUMNS
            ("FORM_CODE", "COLUMN_CODE", "COLUMN_USER_NAME", "COLUMN_DISPLAY_SIZE", "COLUMN_DATA_TYPE"
            ,"COLUMN_DISPLAY_NUMBER", "PIMARY_KEY_FLAG", "SHOW_ON_GRID", "TREE_INITIALIZATION_VALUE", "TREE_FIELD_TYPE"
            ,"EDITOR_TAB_CODE", "FIELD_TYPE", "COLUMN_DESCRIPTION", "IS_FROZEN_FLAG", "SHOW_HOVER_FLAG", "LOOKUP_CODE"
            ,"HOVER_COLUMN_CODE", "EDITOR_HEIGHT", "LOOKUP_FIELD_TYPE", "HELP_TEXT", "TEXT_MASK", "VALIDATION_REGEXP"
            ,"DEFAULT_ORDERBY_NUMBER", "DEFAULT_VALUE", "EDITOR_TITLE_ORIENTATION", "EDITOR_END_ROW_FLAG"
            ,"EDITOR_COLS_SPAN", "LOOKUP_DISPLAY_VALUE", "EDITOR_ON_ENTER_KEY_ACTION")
     Values ('INS_INS_ACCOUNT_LINES', 'CREATED_BY', 'Auditing; user that created the record.', '*', 'N', '9100', 'N'
            ,'N', '', '', '', '', '*Auditing; user that created the record.', 'N', 'N', '', '', '', '', '', '', '', ''
            ,'', 'L', 'Y', '*', '', '');

Insert Into FORM_COLUMNS
            ("FORM_CODE", "COLUMN_CODE", "COLUMN_USER_NAME", "COLUMN_DISPLAY_SIZE", "COLUMN_DATA_TYPE"
            ,"COLUMN_DISPLAY_NUMBER", "PIMARY_KEY_FLAG", "SHOW_ON_GRID", "TREE_INITIALIZATION_VALUE", "TREE_FIELD_TYPE"
            ,"EDITOR_TAB_CODE", "FIELD_TYPE", "COLUMN_DESCRIPTION", "IS_FROZEN_FLAG", "SHOW_HOVER_FLAG", "LOOKUP_CODE"
            ,"HOVER_COLUMN_CODE", "EDITOR_HEIGHT", "LOOKUP_FIELD_TYPE", "HELP_TEXT", "TEXT_MASK", "VALIDATION_REGEXP"
            ,"DEFAULT_ORDERBY_NUMBER", "DEFAULT_VALUE", "EDITOR_TITLE_ORIENTATION", "EDITOR_END_ROW_FLAG"
            ,"EDITOR_COLS_SPAN", "LOOKUP_DISPLAY_VALUE", "EDITOR_ON_ENTER_KEY_ACTION")
     Values ('INS_INS_ACCOUNT_LINES', 'DISCOUNT', 'Скидка', '70', 'N', '70', 'N', 'Y', '', '', '', '', '**DISCOUNT'
            ,'N', 'N', '', '', '', '', '', '', '', '', '', 'L', 'Y', '*', '', '');

Insert Into FORM_COLUMNS
            ("FORM_CODE", "COLUMN_CODE", "COLUMN_USER_NAME", "COLUMN_DISPLAY_SIZE", "COLUMN_DATA_TYPE"
            ,"COLUMN_DISPLAY_NUMBER", "PIMARY_KEY_FLAG", "SHOW_ON_GRID", "TREE_INITIALIZATION_VALUE", "TREE_FIELD_TYPE"
            ,"EDITOR_TAB_CODE", "FIELD_TYPE", "COLUMN_DESCRIPTION", "IS_FROZEN_FLAG", "SHOW_HOVER_FLAG", "LOOKUP_CODE"
            ,"HOVER_COLUMN_CODE", "EDITOR_HEIGHT", "LOOKUP_FIELD_TYPE", "HELP_TEXT", "TEXT_MASK", "VALIDATION_REGEXP"
            ,"DEFAULT_ORDERBY_NUMBER", "DEFAULT_VALUE", "EDITOR_TITLE_ORIENTATION", "EDITOR_END_ROW_FLAG"
            ,"EDITOR_COLS_SPAN", "LOOKUP_DISPLAY_VALUE", "EDITOR_ON_ENTER_KEY_ACTION")
     Values ('INS_INS_ACCOUNT_LINES', 'INSURED_ID', 'Застрахованный', '160', 'N', '30', 'N', 'Y', '', '', '', '9'
            ,'**INSURED_ID', 'N', 'N', 'INS_INS_INSURED_LIST', '', '', '', '', '', '', '', '', 'L', 'Y', '*', '', '');

Insert Into FORM_COLUMNS
            ("FORM_CODE", "COLUMN_CODE", "COLUMN_USER_NAME", "COLUMN_DISPLAY_SIZE", "COLUMN_DATA_TYPE"
            ,"COLUMN_DISPLAY_NUMBER", "PIMARY_KEY_FLAG", "SHOW_ON_GRID", "TREE_INITIALIZATION_VALUE", "TREE_FIELD_TYPE"
            ,"EDITOR_TAB_CODE", "FIELD_TYPE", "COLUMN_DESCRIPTION", "IS_FROZEN_FLAG", "SHOW_HOVER_FLAG", "LOOKUP_CODE"
            ,"HOVER_COLUMN_CODE", "EDITOR_HEIGHT", "LOOKUP_FIELD_TYPE", "HELP_TEXT", "TEXT_MASK", "VALIDATION_REGEXP"
            ,"DEFAULT_ORDERBY_NUMBER", "DEFAULT_VALUE", "EDITOR_TITLE_ORIENTATION", "EDITOR_END_ROW_FLAG"
            ,"EDITOR_COLS_SPAN", "LOOKUP_DISPLAY_VALUE", "EDITOR_ON_ENTER_KEY_ACTION")
     Values ('INS_INS_ACCOUNT_LINES', 'IS_RESERVE_FLAG', 'Резерв', '40', 'B', '110', 'N', 'Y', '', '', '', ''
            ,'**IS_RESERVE_FLAG', 'N', 'N', '', '', '', '', '', '', '', '', '', 'L', 'Y', '*', '', '');

Insert Into FORM_COLUMNS
            ("FORM_CODE", "COLUMN_CODE", "COLUMN_USER_NAME", "COLUMN_DISPLAY_SIZE", "COLUMN_DATA_TYPE"
            ,"COLUMN_DISPLAY_NUMBER", "PIMARY_KEY_FLAG", "SHOW_ON_GRID", "TREE_INITIALIZATION_VALUE", "TREE_FIELD_TYPE"
            ,"EDITOR_TAB_CODE", "FIELD_TYPE", "COLUMN_DESCRIPTION", "IS_FROZEN_FLAG", "SHOW_HOVER_FLAG", "LOOKUP_CODE"
            ,"HOVER_COLUMN_CODE", "EDITOR_HEIGHT", "LOOKUP_FIELD_TYPE", "HELP_TEXT", "TEXT_MASK", "VALIDATION_REGEXP"
            ,"DEFAULT_ORDERBY_NUMBER", "DEFAULT_VALUE", "EDITOR_TITLE_ORIENTATION", "EDITOR_END_ROW_FLAG"
            ,"EDITOR_COLS_SPAN", "LOOKUP_DISPLAY_VALUE", "EDITOR_ON_ENTER_KEY_ACTION")
     Values ('INS_INS_ACCOUNT_LINES', 'ORIG_REF_ID', '', '*', 'N', '9104', 'N', 'N', '', '', '', '', '**ORIG_REF_ID'
            ,'N', 'N', '', '', '', '', '', '', '', '', '', 'L', 'Y', '*', '', '');

Insert Into FORM_COLUMNS
            ("FORM_CODE", "COLUMN_CODE", "COLUMN_USER_NAME", "COLUMN_DISPLAY_SIZE", "COLUMN_DATA_TYPE"
            ,"COLUMN_DISPLAY_NUMBER", "PIMARY_KEY_FLAG", "SHOW_ON_GRID", "TREE_INITIALIZATION_VALUE", "TREE_FIELD_TYPE"
            ,"EDITOR_TAB_CODE", "FIELD_TYPE", "COLUMN_DESCRIPTION", "IS_FROZEN_FLAG", "SHOW_HOVER_FLAG", "LOOKUP_CODE"
            ,"HOVER_COLUMN_CODE", "EDITOR_HEIGHT", "LOOKUP_FIELD_TYPE", "HELP_TEXT", "TEXT_MASK", "VALIDATION_REGEXP"
            ,"DEFAULT_ORDERBY_NUMBER", "DEFAULT_VALUE", "EDITOR_TITLE_ORIENTATION", "EDITOR_END_ROW_FLAG"
            ,"EDITOR_COLS_SPAN", "LOOKUP_DISPLAY_VALUE", "EDITOR_ON_ENTER_KEY_ACTION")
     Values ('INS_INS_ACCOUNT_LINES', 'POSTING_DATE', 'Дата проведения', '70', 'D', '40', 'N', 'Y', '', '', '', ''
            ,'**POSTING_DATE', 'N', 'N', '', '', '', '', '', '', '', '1', '', 'L', 'Y', '*', '', '');

Insert Into FORM_COLUMNS
            ("FORM_CODE", "COLUMN_CODE", "COLUMN_USER_NAME", "COLUMN_DISPLAY_SIZE", "COLUMN_DATA_TYPE"
            ,"COLUMN_DISPLAY_NUMBER", "PIMARY_KEY_FLAG", "SHOW_ON_GRID", "TREE_INITIALIZATION_VALUE", "TREE_FIELD_TYPE"
            ,"EDITOR_TAB_CODE", "FIELD_TYPE", "COLUMN_DESCRIPTION", "IS_FROZEN_FLAG", "SHOW_HOVER_FLAG", "LOOKUP_CODE"
            ,"HOVER_COLUMN_CODE", "EDITOR_HEIGHT", "LOOKUP_FIELD_TYPE", "HELP_TEXT", "TEXT_MASK", "VALIDATION_REGEXP"
            ,"DEFAULT_ORDERBY_NUMBER", "DEFAULT_VALUE", "EDITOR_TITLE_ORIENTATION", "EDITOR_END_ROW_FLAG"
            ,"EDITOR_COLS_SPAN", "LOOKUP_DISPLAY_VALUE", "EDITOR_ON_ENTER_KEY_ACTION")
     Values ('INS_INS_ACCOUNT_LINES', 'SERVICE_AMOUNT', 'Сумма', '70', 'N', '60', 'N', 'Y', '', '', '', ''
            ,'**SERVICE_AMOUNT', 'N', 'N', '', '', '', '', '', '', '', '', '', 'L', 'Y', '*', '', '');

Insert Into FORM_COLUMNS
            ("FORM_CODE", "COLUMN_CODE", "COLUMN_USER_NAME", "COLUMN_DISPLAY_SIZE", "COLUMN_DATA_TYPE"
            ,"COLUMN_DISPLAY_NUMBER", "PIMARY_KEY_FLAG", "SHOW_ON_GRID", "TREE_INITIALIZATION_VALUE", "TREE_FIELD_TYPE"
            ,"EDITOR_TAB_CODE", "FIELD_TYPE", "COLUMN_DESCRIPTION", "IS_FROZEN_FLAG", "SHOW_HOVER_FLAG", "LOOKUP_CODE"
            ,"HOVER_COLUMN_CODE", "EDITOR_HEIGHT", "LOOKUP_FIELD_TYPE", "HELP_TEXT", "TEXT_MASK", "VALIDATION_REGEXP"
            ,"DEFAULT_ORDERBY_NUMBER", "DEFAULT_VALUE", "EDITOR_TITLE_ORIENTATION", "EDITOR_END_ROW_FLAG"
            ,"EDITOR_COLS_SPAN", "LOOKUP_DISPLAY_VALUE", "EDITOR_ON_ENTER_KEY_ACTION")
     Values ('INS_INS_ACCOUNT_LINES', 'SERVICE_DISCOUNTED_AMNT', 'Сумма, со скидкой', '70', 'N', '70', 'N', 'Y', '', ''
            ,'', '', '**SERVICE_DISCOUNTED_AMNT', 'N', 'N', '', '', '', '', '', '', '', '', '', 'L', 'Y', '*', '', '');

Insert Into FORM_COLUMNS
            ("FORM_CODE", "COLUMN_CODE", "COLUMN_USER_NAME", "COLUMN_DISPLAY_SIZE", "COLUMN_DATA_TYPE"
            ,"COLUMN_DISPLAY_NUMBER", "PIMARY_KEY_FLAG", "SHOW_ON_GRID", "TREE_INITIALIZATION_VALUE", "TREE_FIELD_TYPE"
            ,"EDITOR_TAB_CODE", "FIELD_TYPE", "COLUMN_DESCRIPTION", "IS_FROZEN_FLAG", "SHOW_HOVER_FLAG", "LOOKUP_CODE"
            ,"HOVER_COLUMN_CODE", "EDITOR_HEIGHT", "LOOKUP_FIELD_TYPE", "HELP_TEXT", "TEXT_MASK", "VALIDATION_REGEXP"
            ,"DEFAULT_ORDERBY_NUMBER", "DEFAULT_VALUE", "EDITOR_TITLE_ORIENTATION", "EDITOR_END_ROW_FLAG"
            ,"EDITOR_COLS_SPAN", "LOOKUP_DISPLAY_VALUE", "EDITOR_ON_ENTER_KEY_ACTION")
     Values ('INS_INS_ACCOUNT_LINES', 'UPDATED', '', '*', 'D', '9103', 'N', 'N', '', '', '', '', '**UPDATED', 'N', 'N'
            ,'', '', '', '', '', '', '', '', '', 'L', 'Y', '*', '', '');

Insert Into FORM_COLUMNS
            ("FORM_CODE", "COLUMN_CODE", "COLUMN_USER_NAME", "COLUMN_DISPLAY_SIZE", "COLUMN_DATA_TYPE"
            ,"COLUMN_DISPLAY_NUMBER", "PIMARY_KEY_FLAG", "SHOW_ON_GRID", "TREE_INITIALIZATION_VALUE", "TREE_FIELD_TYPE"
            ,"EDITOR_TAB_CODE", "FIELD_TYPE", "COLUMN_DESCRIPTION", "IS_FROZEN_FLAG", "SHOW_HOVER_FLAG", "LOOKUP_CODE"
            ,"HOVER_COLUMN_CODE", "EDITOR_HEIGHT", "LOOKUP_FIELD_TYPE", "HELP_TEXT", "TEXT_MASK", "VALIDATION_REGEXP"
            ,"DEFAULT_ORDERBY_NUMBER", "DEFAULT_VALUE", "EDITOR_TITLE_ORIENTATION", "EDITOR_END_ROW_FLAG"
            ,"EDITOR_COLS_SPAN", "LOOKUP_DISPLAY_VALUE", "EDITOR_ON_ENTER_KEY_ACTION")
     Values ('INS_INS_ACCOUNT_LINES', 'UPDATED_BY', '', '*', 'N', '9102', 'N', 'N', '', '', '', '', '**UPDATED_BY', 'N'
            ,'N', '', '', '', '', '', '', '', '', '', 'L', 'Y', '*', '', '');

Insert Into FORM_COLUMNS
            ("FORM_CODE", "COLUMN_CODE", "COLUMN_USER_NAME", "COLUMN_DISPLAY_SIZE", "COLUMN_DATA_TYPE"
            ,"COLUMN_DISPLAY_NUMBER", "PIMARY_KEY_FLAG", "SHOW_ON_GRID", "TREE_INITIALIZATION_VALUE", "TREE_FIELD_TYPE"
            ,"EDITOR_TAB_CODE", "FIELD_TYPE", "COLUMN_DESCRIPTION", "IS_FROZEN_FLAG", "SHOW_HOVER_FLAG", "LOOKUP_CODE"
            ,"HOVER_COLUMN_CODE", "EDITOR_HEIGHT", "LOOKUP_FIELD_TYPE", "HELP_TEXT", "TEXT_MASK", "VALIDATION_REGEXP"
            ,"DEFAULT_ORDERBY_NUMBER", "DEFAULT_VALUE", "EDITOR_TITLE_ORIENTATION", "EDITOR_END_ROW_FLAG"
            ,"EDITOR_COLS_SPAN", "LOOKUP_DISPLAY_VALUE", "EDITOR_ON_ENTER_KEY_ACTION")
     Values ('INS_INS_ACCOUNT_LINES', 'VISIT_DATE', 'Дата визита', '70', 'D', '50', 'N', 'Y', '', '', '', ''
            ,'**VISIT_DATE', 'N', 'N', '', '', '', '', '', '', '', '', '', 'L', 'Y', '*', '', '');

Alter Table forms Enable VALIDATE Constraint forms_form_actions_fk;
Alter Table FORMS Enable All Triggers;

/*****************INS_INS_COMPANY*********************/
Alter Table FORMS Disable All Triggers;
Alter Table forms Disable Constraint forms_form_actions_fk;
Delete From FORM_COLUMNS
      Where form_code = 'INS_INS_COMPANY';
Delete From FORM_COLUMNS$
      Where form_code = 'INS_INS_COMPANY';
Delete From FORM_ACTIONS
      Where form_code = 'INS_INS_COMPANY';
Delete From FORM_TABS
      Where form_code = 'INS_INS_COMPANY';
Delete From FORMS
      Where form_code = 'INS_INS_COMPANY';
/*  Form: INS_INS_COMPANY. Entity: FORMS.  */

Insert Into FORMS
            ("FORM_CODE", "HOT_KEY", "SQL_TEXT", "FORM_NAME", "FORM_TYPE", "SHOW_TREE_ROOT_NODE", "ICON_ID"
            ,"FORM_WIDTH", "FORM_HEIGHT", "BOTTOM_TABS_ORIENTATION", "SIDE_TABS_ORIENTATION", "SHOW_BOTTOM_TOOLBAR"
            ,"OBJECT_VERSION_NUMBER", "DEFAULT_COLUMN_WIDTH", "DESCRIPTION", "DOUBLE_CLICK_ACTION_CODE", "LOOKUP_WIDTH"
            ,"APPS_CODE", "EXPORT_ORDER")
     Values ('INS_INS_COMPANY', ''
            ,'With t As
     (
        Select Null As parent_id, a.lookup_value_code As Id, a.lookup_value_code As company_type_id
              ,a.lookup_display_value As company_name, Null As short_name, Null As created_by, Null As created
              ,Null As updated_by, Null As updated, a.lookup_value_id As orig_ref_id, ''Y'' As is_folder
          From lookup_values a
         Where A.lookup_code = ''INS_COMPANY_TYPE''
        Union All
        Select c.company_type_id As parent_id, c.Id || '''' As Id, c.company_type_id, c.company_name, c.short_name
              --
               ,c.created_by, c.created, c.updated_by, c.updated, c.orig_ref_id, ''N'' As is_folder
          From ins.ins_company c)
Select parent_id, Id, company_type_id, company_name, short_name, created_by, created, updated_by, updated, orig_ref_id
      ,is_folder
  From t
 Where NVL (:parent_id, ''-999'') = NVL (t.parent_id, ''-999'')
'
            ,'Компании', 'T', 'Y', '', '*', '80%', 'B', '', 'Y', '69', '*', '', '', '', 'INS', '100');
/*  Form: INS_INS_COMPANY. Entity: FORM_TABS.  */

Insert Into FORM_TABS
            ("FORM_CODE", "TAB_CODE", "CHILD_FORM_CODE", "TAB_POSITION", "TAB_NAME", "NUMBER_OF_COLUMNS", "ICON_ID"
            ,"TAB_TYPE", "TAB_DISPLAY_NUMBER")
     Values ('INS_INS_COMPANY', 'SYS', '', 'B', 'Системные', '12', '56', '1', '');
/*  Form: INS_INS_COMPANY. Entity: FORM_ACTIONS.  */

Insert Into FORM_ACTIONS
            ("FORM_CODE", "ACTION_CODE", "PROCEDURE_NAME", "ACTION_DISPLAY_NAME", "ICON_ID", "DEFAULT_PARAM_PREFIX"
            ,"DEFAULT_OLD_PARAM_PREFIX", "ACTION_TYPE", "DISPLAY_NUMBER", "CONFIRM_TEXT", "HOT_KEY"
            ,"SHOW_SEPARATOR_BELOW", "DISPLAY_ON_TOOLBAR", "CHILD_FORM_CODE")
     Values ('INS_INS_COMPANY', 'DEL', '', 'Удалить', '48', '', '', '3', '130'
            ,'Вы уверенны что хотите удалить запись?', '', 'N', 'Y', '');

Insert Into FORM_ACTIONS
            ("FORM_CODE", "ACTION_CODE", "PROCEDURE_NAME", "ACTION_DISPLAY_NAME", "ICON_ID", "DEFAULT_PARAM_PREFIX"
            ,"DEFAULT_OLD_PARAM_PREFIX", "ACTION_TYPE", "DISPLAY_NUMBER", "CONFIRM_TEXT", "HOT_KEY"
            ,"SHOW_SEPARATOR_BELOW", "DISPLAY_ON_TOOLBAR", "CHILD_FORM_CODE")
     Values ('INS_INS_COMPANY', 'EDIT', '', 'Редактировать', '50', '', '', '8', '115', 'Вы уверенны?', '', 'N', 'Y', '');

Insert Into FORM_ACTIONS
            ("FORM_CODE", "ACTION_CODE", "PROCEDURE_NAME", "ACTION_DISPLAY_NAME", "ICON_ID", "DEFAULT_PARAM_PREFIX"
            ,"DEFAULT_OLD_PARAM_PREFIX", "ACTION_TYPE", "DISPLAY_NUMBER", "CONFIRM_TEXT", "HOT_KEY"
            ,"SHOW_SEPARATOR_BELOW", "DISPLAY_ON_TOOLBAR", "CHILD_FORM_CODE")
     Values ('INS_INS_COMPANY', 'FITER', '', 'Фильтр', '34', '', '', '9', '140', '', '', 'N', 'Y', '');

Insert Into FORM_ACTIONS
            ("FORM_CODE", "ACTION_CODE", "PROCEDURE_NAME", "ACTION_DISPLAY_NAME", "ICON_ID", "DEFAULT_PARAM_PREFIX"
            ,"DEFAULT_OLD_PARAM_PREFIX", "ACTION_TYPE", "DISPLAY_NUMBER", "CONFIRM_TEXT", "HOT_KEY"
            ,"SHOW_SEPARATOR_BELOW", "DISPLAY_ON_TOOLBAR", "CHILD_FORM_CODE")
     Values ('INS_INS_COMPANY', 'INS', '', 'Создать', '47', '', '', '1', '110', '', '', 'N', 'Y', '');

Insert Into FORM_ACTIONS
            ("FORM_CODE", "ACTION_CODE", "PROCEDURE_NAME", "ACTION_DISPLAY_NAME", "ICON_ID", "DEFAULT_PARAM_PREFIX"
            ,"DEFAULT_OLD_PARAM_PREFIX", "ACTION_TYPE", "DISPLAY_NUMBER", "CONFIRM_TEXT", "HOT_KEY"
            ,"SHOW_SEPARATOR_BELOW", "DISPLAY_ON_TOOLBAR", "CHILD_FORM_CODE")
     Values ('INS_INS_COMPANY', 'REFR', '', 'Обновить', '15', '', '', '4', '10', '', '', 'N', 'Y', '');

Insert Into FORM_ACTIONS
            ("FORM_CODE", "ACTION_CODE", "PROCEDURE_NAME", "ACTION_DISPLAY_NAME", "ICON_ID", "DEFAULT_PARAM_PREFIX"
            ,"DEFAULT_OLD_PARAM_PREFIX", "ACTION_TYPE", "DISPLAY_NUMBER", "CONFIRM_TEXT", "HOT_KEY"
            ,"SHOW_SEPARATOR_BELOW", "DISPLAY_ON_TOOLBAR", "CHILD_FORM_CODE")
     Values ('INS_INS_COMPANY', 'UPD', '', 'Сохранить', '46', '', '', '2', '120', 'Вы уверенны?', '', 'N', 'Y', '');
/*  Form: INS_INS_COMPANY. Entity: FORM_COLUMNS$.  */

Insert Into FORM_COLUMNS$
            ("COL_NUM", "COL_TYPE", "COL_MAX_LEN", "COL_NAME", "COL_NAME_LEN", "COL_PRECISION", "COL_SCALE"
            ,"FORM_CODE", "PIMARY_KEY_FLAG", "DEFAULT_COLUMN_WIDTH", "COLUMN_DESCRIPTION")
     Values ('4', 'VARCHAR2', '1536', 'COMPANY_NAME', '12', '0', '0', 'INS_INS_COMPANY', '', '*', '**COMPANY_NAME');

Insert Into FORM_COLUMNS$
            ("COL_NUM", "COL_TYPE", "COL_MAX_LEN", "COL_NAME", "COL_NAME_LEN", "COL_PRECISION", "COL_SCALE"
            ,"FORM_CODE", "PIMARY_KEY_FLAG", "DEFAULT_COLUMN_WIDTH", "COLUMN_DESCRIPTION")
     Values ('3', 'VARCHAR2', '1020', 'COMPANY_TYPE_ID', '15', '0', '0', 'INS_INS_COMPANY', '', '*'
            ,'**COMPANY_TYPE_ID');

Insert Into FORM_COLUMNS$
            ("COL_NUM", "COL_TYPE", "COL_MAX_LEN", "COL_NAME", "COL_NAME_LEN", "COL_PRECISION", "COL_SCALE"
            ,"FORM_CODE", "PIMARY_KEY_FLAG", "DEFAULT_COLUMN_WIDTH", "COLUMN_DESCRIPTION")
     Values ('7', 'DATE', '7', 'CREATED', '7', '0', '0', 'INS_INS_COMPANY', '', '*', '*Creation date of the change set');

Insert Into FORM_COLUMNS$
            ("COL_NUM", "COL_TYPE", "COL_MAX_LEN", "COL_NAME", "COL_NAME_LEN", "COL_PRECISION", "COL_SCALE"
            ,"FORM_CODE", "PIMARY_KEY_FLAG", "DEFAULT_COLUMN_WIDTH", "COLUMN_DESCRIPTION")
     Values ('6', 'NUMBER', '22', 'CREATED_BY', '10', '0', '-127', 'INS_INS_COMPANY', '', '*'
            ,'*Auditing; user that created the record.');

Insert Into FORM_COLUMNS$
            ("COL_NUM", "COL_TYPE", "COL_MAX_LEN", "COL_NAME", "COL_NAME_LEN", "COL_PRECISION", "COL_SCALE"
            ,"FORM_CODE", "PIMARY_KEY_FLAG", "DEFAULT_COLUMN_WIDTH", "COLUMN_DESCRIPTION")
     Values ('2', 'VARCHAR2', '1020', 'ID', '2', '0', '0', 'INS_INS_COMPANY', '', '*', '*2 - идентификатор записи;');

Insert Into FORM_COLUMNS$
            ("COL_NUM", "COL_TYPE", "COL_MAX_LEN", "COL_NAME", "COL_NAME_LEN", "COL_PRECISION", "COL_SCALE"
            ,"FORM_CODE", "PIMARY_KEY_FLAG", "DEFAULT_COLUMN_WIDTH", "COLUMN_DESCRIPTION")
     Values ('11', 'CHAR', '4', 'IS_FOLDER', '9', '0', '0', 'INS_INS_COMPANY', '', '*', '**IS_FOLDER');

Insert Into FORM_COLUMNS$
            ("COL_NUM", "COL_TYPE", "COL_MAX_LEN", "COL_NAME", "COL_NAME_LEN", "COL_PRECISION", "COL_SCALE"
            ,"FORM_CODE", "PIMARY_KEY_FLAG", "DEFAULT_COLUMN_WIDTH", "COLUMN_DESCRIPTION")
     Values ('10', 'NUMBER', '22', 'ORIG_REF_ID', '11', '0', '-127', 'INS_INS_COMPANY', '', '*', '**ORIG_REF_ID');

Insert Into FORM_COLUMNS$
            ("COL_NUM", "COL_TYPE", "COL_MAX_LEN", "COL_NAME", "COL_NAME_LEN", "COL_PRECISION", "COL_SCALE"
            ,"FORM_CODE", "PIMARY_KEY_FLAG", "DEFAULT_COLUMN_WIDTH", "COLUMN_DESCRIPTION")
     Values ('1', 'VARCHAR2', '1020', 'PARENT_ID', '9', '0', '0', 'INS_INS_COMPANY', '', '*'
            ,'*3 - идентификатор родителя;');

Insert Into FORM_COLUMNS$
            ("COL_NUM", "COL_TYPE", "COL_MAX_LEN", "COL_NAME", "COL_NAME_LEN", "COL_PRECISION", "COL_SCALE"
            ,"FORM_CODE", "PIMARY_KEY_FLAG", "DEFAULT_COLUMN_WIDTH", "COLUMN_DESCRIPTION")
     Values ('5', 'VARCHAR2', '768', 'SHORT_NAME', '10', '0', '0', 'INS_INS_COMPANY', '', '*', '*Краткое имя шифра');

Insert Into FORM_COLUMNS$
            ("COL_NUM", "COL_TYPE", "COL_MAX_LEN", "COL_NAME", "COL_NAME_LEN", "COL_PRECISION", "COL_SCALE"
            ,"FORM_CODE", "PIMARY_KEY_FLAG", "DEFAULT_COLUMN_WIDTH", "COLUMN_DESCRIPTION")
     Values ('9', 'DATE', '7', 'UPDATED', '7', '0', '0', 'INS_INS_COMPANY', '', '*', '**UPDATED');

Insert Into FORM_COLUMNS$
            ("COL_NUM", "COL_TYPE", "COL_MAX_LEN", "COL_NAME", "COL_NAME_LEN", "COL_PRECISION", "COL_SCALE"
            ,"FORM_CODE", "PIMARY_KEY_FLAG", "DEFAULT_COLUMN_WIDTH", "COLUMN_DESCRIPTION")
     Values ('8', 'NUMBER', '22', 'UPDATED_BY', '10', '0', '-127', 'INS_INS_COMPANY', '', '*', '**UPDATED_BY');
/*  Form: INS_INS_COMPANY. Entity: FORM_COLUMNS.  */

Insert Into FORM_COLUMNS
            ("FORM_CODE", "COLUMN_CODE", "COLUMN_USER_NAME", "COLUMN_DISPLAY_SIZE", "COLUMN_DATA_TYPE"
            ,"COLUMN_DISPLAY_NUMBER", "PIMARY_KEY_FLAG", "SHOW_ON_GRID", "TREE_INITIALIZATION_VALUE", "TREE_FIELD_TYPE"
            ,"EDITOR_TAB_CODE", "FIELD_TYPE", "COLUMN_DESCRIPTION", "IS_FROZEN_FLAG", "SHOW_HOVER_FLAG", "LOOKUP_CODE"
            ,"HOVER_COLUMN_CODE", "EDITOR_HEIGHT", "LOOKUP_FIELD_TYPE", "HELP_TEXT", "TEXT_MASK", "VALIDATION_REGEXP"
            ,"DEFAULT_ORDERBY_NUMBER", "DEFAULT_VALUE", "EDITOR_TITLE_ORIENTATION", "EDITOR_END_ROW_FLAG"
            ,"EDITOR_COLS_SPAN", "LOOKUP_DISPLAY_VALUE", "EDITOR_ON_ENTER_KEY_ACTION")
     Values ('INS_INS_COMPANY', 'COMPANY_NAME', 'Наименование', '*', 'S', '1002', 'N', 'Y', '', '', '', ''
            ,'**COMPANY_NAME', 'N', 'N', '', '', '', '2', '', '', '', '1', '', 'L', 'Y', '*', '', '');

Insert Into FORM_COLUMNS
            ("FORM_CODE", "COLUMN_CODE", "COLUMN_USER_NAME", "COLUMN_DISPLAY_SIZE", "COLUMN_DATA_TYPE"
            ,"COLUMN_DISPLAY_NUMBER", "PIMARY_KEY_FLAG", "SHOW_ON_GRID", "TREE_INITIALIZATION_VALUE", "TREE_FIELD_TYPE"
            ,"EDITOR_TAB_CODE", "FIELD_TYPE", "COLUMN_DESCRIPTION", "IS_FROZEN_FLAG", "SHOW_HOVER_FLAG", "LOOKUP_CODE"
            ,"HOVER_COLUMN_CODE", "EDITOR_HEIGHT", "LOOKUP_FIELD_TYPE", "HELP_TEXT", "TEXT_MASK", "VALIDATION_REGEXP"
            ,"DEFAULT_ORDERBY_NUMBER", "DEFAULT_VALUE", "EDITOR_TITLE_ORIENTATION", "EDITOR_END_ROW_FLAG"
            ,"EDITOR_COLS_SPAN", "LOOKUP_DISPLAY_VALUE", "EDITOR_ON_ENTER_KEY_ACTION")
     Values ('INS_INS_COMPANY', 'COMPANY_TYPE_ID', 'Тип', '*', 'S', '1004', 'N', 'Y', '', '', '', '8'
            ,'**COMPANY_TYPE_ID', 'N', 'N', 'INS_COMPANY_TYPE', '', '', '3', '', '', '', '', '', 'L', 'Y', '*', '', '');

Insert Into FORM_COLUMNS
            ("FORM_CODE", "COLUMN_CODE", "COLUMN_USER_NAME", "COLUMN_DISPLAY_SIZE", "COLUMN_DATA_TYPE"
            ,"COLUMN_DISPLAY_NUMBER", "PIMARY_KEY_FLAG", "SHOW_ON_GRID", "TREE_INITIALIZATION_VALUE", "TREE_FIELD_TYPE"
            ,"EDITOR_TAB_CODE", "FIELD_TYPE", "COLUMN_DESCRIPTION", "IS_FROZEN_FLAG", "SHOW_HOVER_FLAG", "LOOKUP_CODE"
            ,"HOVER_COLUMN_CODE", "EDITOR_HEIGHT", "LOOKUP_FIELD_TYPE", "HELP_TEXT", "TEXT_MASK", "VALIDATION_REGEXP"
            ,"DEFAULT_ORDERBY_NUMBER", "DEFAULT_VALUE", "EDITOR_TITLE_ORIENTATION", "EDITOR_END_ROW_FLAG"
            ,"EDITOR_COLS_SPAN", "LOOKUP_DISPLAY_VALUE", "EDITOR_ON_ENTER_KEY_ACTION")
     Values ('INS_INS_COMPANY', 'CREATED', 'Дата создания', '*', 'D', '1006', 'N', 'N', '', '', 'SYS', ''
            ,'*Creation date of the change set', 'N', 'N', '', '', '', '', '', '', '', '', '', 'L', 'N', '1', '', '');

Insert Into FORM_COLUMNS
            ("FORM_CODE", "COLUMN_CODE", "COLUMN_USER_NAME", "COLUMN_DISPLAY_SIZE", "COLUMN_DATA_TYPE"
            ,"COLUMN_DISPLAY_NUMBER", "PIMARY_KEY_FLAG", "SHOW_ON_GRID", "TREE_INITIALIZATION_VALUE", "TREE_FIELD_TYPE"
            ,"EDITOR_TAB_CODE", "FIELD_TYPE", "COLUMN_DESCRIPTION", "IS_FROZEN_FLAG", "SHOW_HOVER_FLAG", "LOOKUP_CODE"
            ,"HOVER_COLUMN_CODE", "EDITOR_HEIGHT", "LOOKUP_FIELD_TYPE", "HELP_TEXT", "TEXT_MASK", "VALIDATION_REGEXP"
            ,"DEFAULT_ORDERBY_NUMBER", "DEFAULT_VALUE", "EDITOR_TITLE_ORIENTATION", "EDITOR_END_ROW_FLAG"
            ,"EDITOR_COLS_SPAN", "LOOKUP_DISPLAY_VALUE", "EDITOR_ON_ENTER_KEY_ACTION")
     Values ('INS_INS_COMPANY', 'CREATED_BY', 'Создал', '*', 'N', '1005', 'N', 'N', '', '', 'SYS', '9'
            ,'*Auditing; user that created the record.', 'N', 'N', 'USERS', '', '', '', '', '', '', '', '', 'L', 'N'
            ,'1', '', '');

Insert Into FORM_COLUMNS
            ("FORM_CODE", "COLUMN_CODE", "COLUMN_USER_NAME", "COLUMN_DISPLAY_SIZE", "COLUMN_DATA_TYPE"
            ,"COLUMN_DISPLAY_NUMBER", "PIMARY_KEY_FLAG", "SHOW_ON_GRID", "TREE_INITIALIZATION_VALUE", "TREE_FIELD_TYPE"
            ,"EDITOR_TAB_CODE", "FIELD_TYPE", "COLUMN_DESCRIPTION", "IS_FROZEN_FLAG", "SHOW_HOVER_FLAG", "LOOKUP_CODE"
            ,"HOVER_COLUMN_CODE", "EDITOR_HEIGHT", "LOOKUP_FIELD_TYPE", "HELP_TEXT", "TEXT_MASK", "VALIDATION_REGEXP"
            ,"DEFAULT_ORDERBY_NUMBER", "DEFAULT_VALUE", "EDITOR_TITLE_ORIENTATION", "EDITOR_END_ROW_FLAG"
            ,"EDITOR_COLS_SPAN", "LOOKUP_DISPLAY_VALUE", "EDITOR_ON_ENTER_KEY_ACTION")
     Values ('INS_INS_COMPANY', 'ID', 'Id', '*', 'N', '1009', 'Y', 'N', '', '1', 'SYS', ''
            ,'*2 - идентификатор записи;', 'N', 'N', '', '', '', '1', '', '', '', '', '', 'L', 'N', '1', '', '');

Insert Into FORM_COLUMNS
            ("FORM_CODE", "COLUMN_CODE", "COLUMN_USER_NAME", "COLUMN_DISPLAY_SIZE", "COLUMN_DATA_TYPE"
            ,"COLUMN_DISPLAY_NUMBER", "PIMARY_KEY_FLAG", "SHOW_ON_GRID", "TREE_INITIALIZATION_VALUE", "TREE_FIELD_TYPE"
            ,"EDITOR_TAB_CODE", "FIELD_TYPE", "COLUMN_DESCRIPTION", "IS_FROZEN_FLAG", "SHOW_HOVER_FLAG", "LOOKUP_CODE"
            ,"HOVER_COLUMN_CODE", "EDITOR_HEIGHT", "LOOKUP_FIELD_TYPE", "HELP_TEXT", "TEXT_MASK", "VALIDATION_REGEXP"
            ,"DEFAULT_ORDERBY_NUMBER", "DEFAULT_VALUE", "EDITOR_TITLE_ORIENTATION", "EDITOR_END_ROW_FLAG"
            ,"EDITOR_COLS_SPAN", "LOOKUP_DISPLAY_VALUE", "EDITOR_ON_ENTER_KEY_ACTION")
     Values ('INS_INS_COMPANY', 'IS_FOLDER', '', '*', 'B', '1011', 'N', 'N', '', '3', '', '', '**IS_FOLDER', 'N', 'N'
            ,'', '', '', '', '', '', '', '', '', 'L', 'Y', '*', '', '');

Insert Into FORM_COLUMNS
            ("FORM_CODE", "COLUMN_CODE", "COLUMN_USER_NAME", "COLUMN_DISPLAY_SIZE", "COLUMN_DATA_TYPE"
            ,"COLUMN_DISPLAY_NUMBER", "PIMARY_KEY_FLAG", "SHOW_ON_GRID", "TREE_INITIALIZATION_VALUE", "TREE_FIELD_TYPE"
            ,"EDITOR_TAB_CODE", "FIELD_TYPE", "COLUMN_DESCRIPTION", "IS_FROZEN_FLAG", "SHOW_HOVER_FLAG", "LOOKUP_CODE"
            ,"HOVER_COLUMN_CODE", "EDITOR_HEIGHT", "LOOKUP_FIELD_TYPE", "HELP_TEXT", "TEXT_MASK", "VALIDATION_REGEXP"
            ,"DEFAULT_ORDERBY_NUMBER", "DEFAULT_VALUE", "EDITOR_TITLE_ORIENTATION", "EDITOR_END_ROW_FLAG"
            ,"EDITOR_COLS_SPAN", "LOOKUP_DISPLAY_VALUE", "EDITOR_ON_ENTER_KEY_ACTION")
     Values ('INS_INS_COMPANY', 'ORIG_REF_ID', '', '*', 'N', '1010', 'N', 'N', '', '', 'SYS', '', '**ORIG_REF_ID', 'N'
            ,'N', '', '', '', '', '', '', '', '', '', 'L', 'Y', '*', '', '');

Insert Into FORM_COLUMNS
            ("FORM_CODE", "COLUMN_CODE", "COLUMN_USER_NAME", "COLUMN_DISPLAY_SIZE", "COLUMN_DATA_TYPE"
            ,"COLUMN_DISPLAY_NUMBER", "PIMARY_KEY_FLAG", "SHOW_ON_GRID", "TREE_INITIALIZATION_VALUE", "TREE_FIELD_TYPE"
            ,"EDITOR_TAB_CODE", "FIELD_TYPE", "COLUMN_DESCRIPTION", "IS_FROZEN_FLAG", "SHOW_HOVER_FLAG", "LOOKUP_CODE"
            ,"HOVER_COLUMN_CODE", "EDITOR_HEIGHT", "LOOKUP_FIELD_TYPE", "HELP_TEXT", "TEXT_MASK", "VALIDATION_REGEXP"
            ,"DEFAULT_ORDERBY_NUMBER", "DEFAULT_VALUE", "EDITOR_TITLE_ORIENTATION", "EDITOR_END_ROW_FLAG"
            ,"EDITOR_COLS_SPAN", "LOOKUP_DISPLAY_VALUE", "EDITOR_ON_ENTER_KEY_ACTION")
     Values ('INS_INS_COMPANY', 'PARENT_ID', '3 - идентификатор родителя;', '*', 'S', '1001', 'N', 'N', '', '2', '', ''
            ,'*3 - идентификатор родителя;', 'N', 'N', '', '', '', '', '', '', '', '', '', 'L', 'Y', '*', '', '');

Insert Into FORM_COLUMNS
            ("FORM_CODE", "COLUMN_CODE", "COLUMN_USER_NAME", "COLUMN_DISPLAY_SIZE", "COLUMN_DATA_TYPE"
            ,"COLUMN_DISPLAY_NUMBER", "PIMARY_KEY_FLAG", "SHOW_ON_GRID", "TREE_INITIALIZATION_VALUE", "TREE_FIELD_TYPE"
            ,"EDITOR_TAB_CODE", "FIELD_TYPE", "COLUMN_DESCRIPTION", "IS_FROZEN_FLAG", "SHOW_HOVER_FLAG", "LOOKUP_CODE"
            ,"HOVER_COLUMN_CODE", "EDITOR_HEIGHT", "LOOKUP_FIELD_TYPE", "HELP_TEXT", "TEXT_MASK", "VALIDATION_REGEXP"
            ,"DEFAULT_ORDERBY_NUMBER", "DEFAULT_VALUE", "EDITOR_TITLE_ORIENTATION", "EDITOR_END_ROW_FLAG"
            ,"EDITOR_COLS_SPAN", "LOOKUP_DISPLAY_VALUE", "EDITOR_ON_ENTER_KEY_ACTION")
     Values ('INS_INS_COMPANY', 'SHORT_NAME', 'Краткое наименование', '*', 'S', '1003', 'N', 'Y', '', '', '', ''
            ,'*Краткое имя шифра', 'N', 'N', '', '', '', '', '', '', '', '', '', 'L', 'Y', '*', '', '');

Insert Into FORM_COLUMNS
            ("FORM_CODE", "COLUMN_CODE", "COLUMN_USER_NAME", "COLUMN_DISPLAY_SIZE", "COLUMN_DATA_TYPE"
            ,"COLUMN_DISPLAY_NUMBER", "PIMARY_KEY_FLAG", "SHOW_ON_GRID", "TREE_INITIALIZATION_VALUE", "TREE_FIELD_TYPE"
            ,"EDITOR_TAB_CODE", "FIELD_TYPE", "COLUMN_DESCRIPTION", "IS_FROZEN_FLAG", "SHOW_HOVER_FLAG", "LOOKUP_CODE"
            ,"HOVER_COLUMN_CODE", "EDITOR_HEIGHT", "LOOKUP_FIELD_TYPE", "HELP_TEXT", "TEXT_MASK", "VALIDATION_REGEXP"
            ,"DEFAULT_ORDERBY_NUMBER", "DEFAULT_VALUE", "EDITOR_TITLE_ORIENTATION", "EDITOR_END_ROW_FLAG"
            ,"EDITOR_COLS_SPAN", "LOOKUP_DISPLAY_VALUE", "EDITOR_ON_ENTER_KEY_ACTION")
     Values ('INS_INS_COMPANY', 'UPDATED', 'Дата изменения', '*', 'D', '1008', 'N', 'N', '', '', 'SYS', '', '**UPDATED'
            ,'N', 'N', '', '', '', '', '', '', '', '', '', 'L', 'N', '1', '', '');

Insert Into FORM_COLUMNS
            ("FORM_CODE", "COLUMN_CODE", "COLUMN_USER_NAME", "COLUMN_DISPLAY_SIZE", "COLUMN_DATA_TYPE"
            ,"COLUMN_DISPLAY_NUMBER", "PIMARY_KEY_FLAG", "SHOW_ON_GRID", "TREE_INITIALIZATION_VALUE", "TREE_FIELD_TYPE"
            ,"EDITOR_TAB_CODE", "FIELD_TYPE", "COLUMN_DESCRIPTION", "IS_FROZEN_FLAG", "SHOW_HOVER_FLAG", "LOOKUP_CODE"
            ,"HOVER_COLUMN_CODE", "EDITOR_HEIGHT", "LOOKUP_FIELD_TYPE", "HELP_TEXT", "TEXT_MASK", "VALIDATION_REGEXP"
            ,"DEFAULT_ORDERBY_NUMBER", "DEFAULT_VALUE", "EDITOR_TITLE_ORIENTATION", "EDITOR_END_ROW_FLAG"
            ,"EDITOR_COLS_SPAN", "LOOKUP_DISPLAY_VALUE", "EDITOR_ON_ENTER_KEY_ACTION")
     Values ('INS_INS_COMPANY', 'UPDATED_BY', 'Изменил', '*', 'N', '1007', 'N', 'N', '', '', 'SYS', '9', '**UPDATED_BY'
            ,'N', 'N', 'USERS', '', '', '', '', '', '', '', '', 'L', 'N', '1', '', '');

Alter Table forms Enable VALIDATE Constraint forms_form_actions_fk;
Alter Table FORMS Enable All Triggers;

/*****************INS_INS_COMPANY_REP_DETAILS*********************/
Alter Table FORMS Disable All Triggers;
Alter Table forms Disable Constraint forms_form_actions_fk;
Delete From FORM_COLUMNS
      Where form_code = 'INS_INS_COMPANY_REP_DETAILS';
Delete From FORM_COLUMNS$
      Where form_code = 'INS_INS_COMPANY_REP_DETAILS';
Delete From FORM_ACTIONS
      Where form_code = 'INS_INS_COMPANY_REP_DETAILS';
Delete From FORM_TABS
      Where form_code = 'INS_INS_COMPANY_REP_DETAILS';
Delete From FORMS
      Where form_code = 'INS_INS_COMPANY_REP_DETAILS';
/*  Form: INS_INS_COMPANY_REP_DETAILS. Entity: FORMS.  */

Insert Into FORMS
            ("FORM_CODE", "HOT_KEY", "SQL_TEXT", "FORM_NAME", "FORM_TYPE", "SHOW_TREE_ROOT_NODE", "ICON_ID"
            ,"FORM_WIDTH", "FORM_HEIGHT", "BOTTOM_TABS_ORIENTATION", "SIDE_TABS_ORIENTATION", "SHOW_BOTTOM_TOOLBAR"
            ,"OBJECT_VERSION_NUMBER", "DEFAULT_COLUMN_WIDTH", "DESCRIPTION", "DOUBLE_CLICK_ACTION_CODE", "LOOKUP_WIDTH"
            ,"APPS_CODE", "EXPORT_ORDER")
     Values ('INS_INS_COMPANY_REP_DETAILS', ''
            ,'Select *
  From Table (ins.ins_company_rep_pkg.get_report_table (:start_date
                                                       ,:end_date
                                                       ,:client_company_id
                                                       ,:ins_company_id
                                                       ,:card_no
                                                       ,:fio
                                                       ,:hide_reserve_flag
                                                       ,:city_code
                                                       ,:med_category_code
                                                       )
             )
'
            ,'Отчет по компании - детали', 'G', 'Y', '', '*', '*', '', '', 'Y', '72', '*', '', '', '', 'INS', '100');
/*  Form: INS_INS_COMPANY_REP_DETAILS. Entity: FORM_TABS.  */
/*  Form: INS_INS_COMPANY_REP_DETAILS. Entity: FORM_ACTIONS.  */

Insert Into FORM_ACTIONS
            ("FORM_CODE", "ACTION_CODE", "PROCEDURE_NAME", "ACTION_DISPLAY_NAME", "ICON_ID", "DEFAULT_PARAM_PREFIX"
            ,"DEFAULT_OLD_PARAM_PREFIX", "ACTION_TYPE", "DISPLAY_NUMBER", "CONFIRM_TEXT", "HOT_KEY"
            ,"SHOW_SEPARATOR_BELOW", "DISPLAY_ON_TOOLBAR", "CHILD_FORM_CODE")
     Values ('INS_INS_COMPANY_REP_DETAILS', 'DEL', 'INS_INS_COMPANY_REP_DETAILS_PKG.p_delete', 'Удалить', '48', '', ''
            ,'3', '130', 'Вы уверенны что хотите удалить запись?', '', 'N', 'Y', '');

Insert Into FORM_ACTIONS
            ("FORM_CODE", "ACTION_CODE", "PROCEDURE_NAME", "ACTION_DISPLAY_NAME", "ICON_ID", "DEFAULT_PARAM_PREFIX"
            ,"DEFAULT_OLD_PARAM_PREFIX", "ACTION_TYPE", "DISPLAY_NUMBER", "CONFIRM_TEXT", "HOT_KEY"
            ,"SHOW_SEPARATOR_BELOW", "DISPLAY_ON_TOOLBAR", "CHILD_FORM_CODE")
     Values ('INS_INS_COMPANY_REP_DETAILS', 'EDIT', '', 'Редактировать', '50', '', '', '8', '115', 'Вы уверенны?', ''
            ,'N', 'Y', '');

Insert Into FORM_ACTIONS
            ("FORM_CODE", "ACTION_CODE", "PROCEDURE_NAME", "ACTION_DISPLAY_NAME", "ICON_ID", "DEFAULT_PARAM_PREFIX"
            ,"DEFAULT_OLD_PARAM_PREFIX", "ACTION_TYPE", "DISPLAY_NUMBER", "CONFIRM_TEXT", "HOT_KEY"
            ,"SHOW_SEPARATOR_BELOW", "DISPLAY_ON_TOOLBAR", "CHILD_FORM_CODE")
     Values ('INS_INS_COMPANY_REP_DETAILS', 'INS', '', 'Создать', '47', '', '', '1', '110', '', '', 'N', 'Y', '');

Insert Into FORM_ACTIONS
            ("FORM_CODE", "ACTION_CODE", "PROCEDURE_NAME", "ACTION_DISPLAY_NAME", "ICON_ID", "DEFAULT_PARAM_PREFIX"
            ,"DEFAULT_OLD_PARAM_PREFIX", "ACTION_TYPE", "DISPLAY_NUMBER", "CONFIRM_TEXT", "HOT_KEY"
            ,"SHOW_SEPARATOR_BELOW", "DISPLAY_ON_TOOLBAR", "CHILD_FORM_CODE")
     Values ('INS_INS_COMPANY_REP_DETAILS', 'REFR', '', 'Обновить', '15', '', '', '4', '10', '', '', 'N', 'Y', '');

Insert Into FORM_ACTIONS
            ("FORM_CODE", "ACTION_CODE", "PROCEDURE_NAME", "ACTION_DISPLAY_NAME", "ICON_ID", "DEFAULT_PARAM_PREFIX"
            ,"DEFAULT_OLD_PARAM_PREFIX", "ACTION_TYPE", "DISPLAY_NUMBER", "CONFIRM_TEXT", "HOT_KEY"
            ,"SHOW_SEPARATOR_BELOW", "DISPLAY_ON_TOOLBAR", "CHILD_FORM_CODE")
     Values ('INS_INS_COMPANY_REP_DETAILS', 'UPD', 'INS_INS_COMPANY_REP_DETAILS_PKG.p_ins_upd', 'Сохранить', '46', ''
            ,'', '2', '120', 'Вы уверенны?', '', 'N', 'Y', '');
/*  Form: INS_INS_COMPANY_REP_DETAILS. Entity: FORM_COLUMNS$.  */

Insert Into FORM_COLUMNS$
            ("COL_NUM", "COL_TYPE", "COL_MAX_LEN", "COL_NAME", "COL_NAME_LEN", "COL_PRECISION", "COL_SCALE"
            ,"FORM_CODE", "PIMARY_KEY_FLAG", "DEFAULT_COLUMN_WIDTH", "COLUMN_DESCRIPTION")
     Values ('8', 'VARCHAR2', '8000', 'ACCOUNT_NUM', '11', '0', '0', 'INS_INS_COMPANY_REP_DETAILS', '', '*'
            ,'**ACCOUNT_NUM');

Insert Into FORM_COLUMNS$
            ("COL_NUM", "COL_TYPE", "COL_MAX_LEN", "COL_NAME", "COL_NAME_LEN", "COL_PRECISION", "COL_SCALE"
            ,"FORM_CODE", "PIMARY_KEY_FLAG", "DEFAULT_COLUMN_WIDTH", "COLUMN_DESCRIPTION")
     Values ('10', 'NUMBER', '22', 'AMOUNT', '6', '0', '0', 'INS_INS_COMPANY_REP_DETAILS', '', '*', '**AMOUNT');

Insert Into FORM_COLUMNS$
            ("COL_NUM", "COL_TYPE", "COL_MAX_LEN", "COL_NAME", "COL_NAME_LEN", "COL_PRECISION", "COL_SCALE"
            ,"FORM_CODE", "PIMARY_KEY_FLAG", "DEFAULT_COLUMN_WIDTH", "COLUMN_DESCRIPTION")
     Values ('12', 'NUMBER', '22', 'AMOUNT_W_DISCNT', '15', '0', '0', 'INS_INS_COMPANY_REP_DETAILS', '', '*'
            ,'**AMOUNT_W_DISCNT');

Insert Into FORM_COLUMNS$
            ("COL_NUM", "COL_TYPE", "COL_MAX_LEN", "COL_NAME", "COL_NAME_LEN", "COL_PRECISION", "COL_SCALE"
            ,"FORM_CODE", "PIMARY_KEY_FLAG", "DEFAULT_COLUMN_WIDTH", "COLUMN_DESCRIPTION")
     Values ('1', 'VARCHAR2', '8000', 'CARD_NO', '7', '0', '0', 'INS_INS_COMPANY_REP_DETAILS', '', '*', '*в) № Карты');

Insert Into FORM_COLUMNS$
            ("COL_NUM", "COL_TYPE", "COL_MAX_LEN", "COL_NAME", "COL_NAME_LEN", "COL_PRECISION", "COL_SCALE"
            ,"FORM_CODE", "PIMARY_KEY_FLAG", "DEFAULT_COLUMN_WIDTH", "COLUMN_DESCRIPTION")
     Values ('17', 'VARCHAR2', '8000', 'CITY', '4', '0', '0', 'INS_INS_COMPANY_REP_DETAILS', '', '*'
            ,'*A not null column that shows city where an office, warehouse, or
production site of a company is located. ');

Insert Into FORM_COLUMNS$
            ("COL_NUM", "COL_TYPE", "COL_MAX_LEN", "COL_NAME", "COL_NAME_LEN", "COL_PRECISION", "COL_SCALE"
            ,"FORM_CODE", "PIMARY_KEY_FLAG", "DEFAULT_COLUMN_WIDTH", "COLUMN_DESCRIPTION")
     Values ('3', 'VARCHAR2', '8000', 'CLNT_COMPANY_NAME', '17', '0', '0', 'INS_INS_COMPANY_REP_DETAILS', '', '*'
            ,'**CLNT_COMPANY_NAME');

Insert Into FORM_COLUMNS$
            ("COL_NUM", "COL_TYPE", "COL_MAX_LEN", "COL_NAME", "COL_NAME_LEN", "COL_PRECISION", "COL_SCALE"
            ,"FORM_CODE", "PIMARY_KEY_FLAG", "DEFAULT_COLUMN_WIDTH", "COLUMN_DESCRIPTION")
     Values ('16', 'VARCHAR2', '8000', 'DIAGNOSIS', '9', '0', '0', 'INS_INS_COMPANY_REP_DETAILS', '', '*'
            ,'**DIAGNOSIS');

Insert Into FORM_COLUMNS$
            ("COL_NUM", "COL_TYPE", "COL_MAX_LEN", "COL_NAME", "COL_NAME_LEN", "COL_PRECISION", "COL_SCALE"
            ,"FORM_CODE", "PIMARY_KEY_FLAG", "DEFAULT_COLUMN_WIDTH", "COLUMN_DESCRIPTION")
     Values ('11', 'VARCHAR2', '8000', 'DISCOUNT', '8', '0', '0', 'INS_INS_COMPANY_REP_DETAILS', '', '*', '**DISCOUNT');

Insert Into FORM_COLUMNS$
            ("COL_NUM", "COL_TYPE", "COL_MAX_LEN", "COL_NAME", "COL_NAME_LEN", "COL_PRECISION", "COL_SCALE"
            ,"FORM_CODE", "PIMARY_KEY_FLAG", "DEFAULT_COLUMN_WIDTH", "COLUMN_DESCRIPTION")
     Values ('2', 'VARCHAR2', '8000', 'FIO', '3', '0', '0', 'INS_INS_COMPANY_REP_DETAILS', '', '*', '*ФИО');

Insert Into FORM_COLUMNS$
            ("COL_NUM", "COL_TYPE", "COL_MAX_LEN", "COL_NAME", "COL_NAME_LEN", "COL_PRECISION", "COL_SCALE"
            ,"FORM_CODE", "PIMARY_KEY_FLAG", "DEFAULT_COLUMN_WIDTH", "COLUMN_DESCRIPTION")
     Values ('4', 'VARCHAR2', '8000', 'INS_COMPANY_NAME', '16', '0', '0', 'INS_INS_COMPANY_REP_DETAILS', '', '*'
            ,'**INS_COMPANY_NAME');

Insert Into FORM_COLUMNS$
            ("COL_NUM", "COL_TYPE", "COL_MAX_LEN", "COL_NAME", "COL_NAME_LEN", "COL_PRECISION", "COL_SCALE"
            ,"FORM_CODE", "PIMARY_KEY_FLAG", "DEFAULT_COLUMN_WIDTH", "COLUMN_DESCRIPTION")
     Values ('7', 'VARCHAR2', '40', 'IS_RESERVE_FLAG', '15', '0', '0', 'INS_INS_COMPANY_REP_DETAILS', '', '*'
            ,'**IS_RESERVE_FLAG');

Insert Into FORM_COLUMNS$
            ("COL_NUM", "COL_TYPE", "COL_MAX_LEN", "COL_NAME", "COL_NAME_LEN", "COL_PRECISION", "COL_SCALE"
            ,"FORM_CODE", "PIMARY_KEY_FLAG", "DEFAULT_COLUMN_WIDTH", "COLUMN_DESCRIPTION")
     Values ('14', 'VARCHAR2', '8000', 'MED_CAT', '7', '0', '0', 'INS_INS_COMPANY_REP_DETAILS', '', '*', '**MED_CAT');

Insert Into FORM_COLUMNS$
            ("COL_NUM", "COL_TYPE", "COL_MAX_LEN", "COL_NAME", "COL_NAME_LEN", "COL_PRECISION", "COL_SCALE"
            ,"FORM_CODE", "PIMARY_KEY_FLAG", "DEFAULT_COLUMN_WIDTH", "COLUMN_DESCRIPTION")
     Values ('15', 'VARCHAR2', '8000', 'MED_SERV', '8', '0', '0', 'INS_INS_COMPANY_REP_DETAILS', '', '*', '**MED_SERV');

Insert Into FORM_COLUMNS$
            ("COL_NUM", "COL_TYPE", "COL_MAX_LEN", "COL_NAME", "COL_NAME_LEN", "COL_PRECISION", "COL_SCALE"
            ,"FORM_CODE", "PIMARY_KEY_FLAG", "DEFAULT_COLUMN_WIDTH", "COLUMN_DESCRIPTION")
     Values ('13', 'DATE', '21', 'POSTED_DATE', '11', '0', '0', 'INS_INS_COMPANY_REP_DETAILS', '', '*', '**POSTED_DATE');

Insert Into FORM_COLUMNS$
            ("COL_NUM", "COL_TYPE", "COL_MAX_LEN", "COL_NAME", "COL_NAME_LEN", "COL_PRECISION", "COL_SCALE"
            ,"FORM_CODE", "PIMARY_KEY_FLAG", "DEFAULT_COLUMN_WIDTH", "COLUMN_DESCRIPTION")
     Values ('5', 'DATE', '21', 'POSTING_DATE', '12', '0', '0', 'INS_INS_COMPANY_REP_DETAILS', '', '*'
            ,'**POSTING_DATE');

Insert Into FORM_COLUMNS$
            ("COL_NUM", "COL_TYPE", "COL_MAX_LEN", "COL_NAME", "COL_NAME_LEN", "COL_PRECISION", "COL_SCALE"
            ,"FORM_CODE", "PIMARY_KEY_FLAG", "DEFAULT_COLUMN_WIDTH", "COLUMN_DESCRIPTION")
     Values ('18', 'VARCHAR2', '8000', 'PROGRAM', '7', '0', '0', 'INS_INS_COMPANY_REP_DETAILS', '', '*', '**PROGRAM');

Insert Into FORM_COLUMNS$
            ("COL_NUM", "COL_TYPE", "COL_MAX_LEN", "COL_NAME", "COL_NAME_LEN", "COL_PRECISION", "COL_SCALE"
            ,"FORM_CODE", "PIMARY_KEY_FLAG", "DEFAULT_COLUMN_WIDTH", "COLUMN_DESCRIPTION")
     Values ('9', 'VARCHAR2', '8000', 'SUPPLIER_COMPANY_NAME', '21', '0', '0', 'INS_INS_COMPANY_REP_DETAILS', '', '*'
            ,'**SUPPLIER_COMPANY_NAME');

Insert Into FORM_COLUMNS$
            ("COL_NUM", "COL_TYPE", "COL_MAX_LEN", "COL_NAME", "COL_NAME_LEN", "COL_PRECISION", "COL_SCALE"
            ,"FORM_CODE", "PIMARY_KEY_FLAG", "DEFAULT_COLUMN_WIDTH", "COLUMN_DESCRIPTION")
     Values ('6', 'DATE', '21', 'VISIT_DATE', '10', '0', '0', 'INS_INS_COMPANY_REP_DETAILS', '', '*', '**VISIT_DATE');
/*  Form: INS_INS_COMPANY_REP_DETAILS. Entity: FORM_COLUMNS.  */

Insert Into FORM_COLUMNS
            ("FORM_CODE", "COLUMN_CODE", "COLUMN_USER_NAME", "COLUMN_DISPLAY_SIZE", "COLUMN_DATA_TYPE"
            ,"COLUMN_DISPLAY_NUMBER", "PIMARY_KEY_FLAG", "SHOW_ON_GRID", "TREE_INITIALIZATION_VALUE", "TREE_FIELD_TYPE"
            ,"EDITOR_TAB_CODE", "FIELD_TYPE", "COLUMN_DESCRIPTION", "IS_FROZEN_FLAG", "SHOW_HOVER_FLAG", "LOOKUP_CODE"
            ,"HOVER_COLUMN_CODE", "EDITOR_HEIGHT", "LOOKUP_FIELD_TYPE", "HELP_TEXT", "TEXT_MASK", "VALIDATION_REGEXP"
            ,"DEFAULT_ORDERBY_NUMBER", "DEFAULT_VALUE", "EDITOR_TITLE_ORIENTATION", "EDITOR_END_ROW_FLAG"
            ,"EDITOR_COLS_SPAN", "LOOKUP_DISPLAY_VALUE", "EDITOR_ON_ENTER_KEY_ACTION")
     Values ('INS_INS_COMPANY_REP_DETAILS', 'ACCOUNT_NUM', 'Счет', '*', 'S', '130', 'N', 'Y', '', '', '', ''
            ,'**ACCOUNT_NUM', 'N', 'N', '', '', '', '', '', '', '', '', '', 'L', 'Y', '*', '', '');

Insert Into FORM_COLUMNS
            ("FORM_CODE", "COLUMN_CODE", "COLUMN_USER_NAME", "COLUMN_DISPLAY_SIZE", "COLUMN_DATA_TYPE"
            ,"COLUMN_DISPLAY_NUMBER", "PIMARY_KEY_FLAG", "SHOW_ON_GRID", "TREE_INITIALIZATION_VALUE", "TREE_FIELD_TYPE"
            ,"EDITOR_TAB_CODE", "FIELD_TYPE", "COLUMN_DESCRIPTION", "IS_FROZEN_FLAG", "SHOW_HOVER_FLAG", "LOOKUP_CODE"
            ,"HOVER_COLUMN_CODE", "EDITOR_HEIGHT", "LOOKUP_FIELD_TYPE", "HELP_TEXT", "TEXT_MASK", "VALIDATION_REGEXP"
            ,"DEFAULT_ORDERBY_NUMBER", "DEFAULT_VALUE", "EDITOR_TITLE_ORIENTATION", "EDITOR_END_ROW_FLAG"
            ,"EDITOR_COLS_SPAN", "LOOKUP_DISPLAY_VALUE", "EDITOR_ON_ENTER_KEY_ACTION")
     Values ('INS_INS_COMPANY_REP_DETAILS', 'AMOUNT', 'Сумма', '*', 'N', '140', 'N', 'Y', '', '', '', '', '**AMOUNT'
            ,'N', 'N', '', '', '', '', '', '', '', '', '', 'L', 'Y', '*', '', '');

Insert Into FORM_COLUMNS
            ("FORM_CODE", "COLUMN_CODE", "COLUMN_USER_NAME", "COLUMN_DISPLAY_SIZE", "COLUMN_DATA_TYPE"
            ,"COLUMN_DISPLAY_NUMBER", "PIMARY_KEY_FLAG", "SHOW_ON_GRID", "TREE_INITIALIZATION_VALUE", "TREE_FIELD_TYPE"
            ,"EDITOR_TAB_CODE", "FIELD_TYPE", "COLUMN_DESCRIPTION", "IS_FROZEN_FLAG", "SHOW_HOVER_FLAG", "LOOKUP_CODE"
            ,"HOVER_COLUMN_CODE", "EDITOR_HEIGHT", "LOOKUP_FIELD_TYPE", "HELP_TEXT", "TEXT_MASK", "VALIDATION_REGEXP"
            ,"DEFAULT_ORDERBY_NUMBER", "DEFAULT_VALUE", "EDITOR_TITLE_ORIENTATION", "EDITOR_END_ROW_FLAG"
            ,"EDITOR_COLS_SPAN", "LOOKUP_DISPLAY_VALUE", "EDITOR_ON_ENTER_KEY_ACTION")
     Values ('INS_INS_COMPANY_REP_DETAILS', 'AMOUNT_W_DISCNT', 'Сумма со скидкой', '*', 'N', '160', 'N', 'Y', '', ''
            ,'', '', '**AMOUNT_W_DISCNT', 'N', 'N', '', '', '', '', '', '', '', '', '', 'L', 'Y', '*', '', '');

Insert Into FORM_COLUMNS
            ("FORM_CODE", "COLUMN_CODE", "COLUMN_USER_NAME", "COLUMN_DISPLAY_SIZE", "COLUMN_DATA_TYPE"
            ,"COLUMN_DISPLAY_NUMBER", "PIMARY_KEY_FLAG", "SHOW_ON_GRID", "TREE_INITIALIZATION_VALUE", "TREE_FIELD_TYPE"
            ,"EDITOR_TAB_CODE", "FIELD_TYPE", "COLUMN_DESCRIPTION", "IS_FROZEN_FLAG", "SHOW_HOVER_FLAG", "LOOKUP_CODE"
            ,"HOVER_COLUMN_CODE", "EDITOR_HEIGHT", "LOOKUP_FIELD_TYPE", "HELP_TEXT", "TEXT_MASK", "VALIDATION_REGEXP"
            ,"DEFAULT_ORDERBY_NUMBER", "DEFAULT_VALUE", "EDITOR_TITLE_ORIENTATION", "EDITOR_END_ROW_FLAG"
            ,"EDITOR_COLS_SPAN", "LOOKUP_DISPLAY_VALUE", "EDITOR_ON_ENTER_KEY_ACTION")
     Values ('INS_INS_COMPANY_REP_DETAILS', 'CARD_NO', '№ Карты', '*', 'S', '10', 'N', 'Y', '', '', '', ''
            ,'*в) № Карты', 'N', 'N', '', '', '', '', '', '', '', '', '', 'L', 'Y', '*', '', '');

Insert Into FORM_COLUMNS
            ("FORM_CODE", "COLUMN_CODE", "COLUMN_USER_NAME", "COLUMN_DISPLAY_SIZE", "COLUMN_DATA_TYPE"
            ,"COLUMN_DISPLAY_NUMBER", "PIMARY_KEY_FLAG", "SHOW_ON_GRID", "TREE_INITIALIZATION_VALUE", "TREE_FIELD_TYPE"
            ,"EDITOR_TAB_CODE", "FIELD_TYPE", "COLUMN_DESCRIPTION", "IS_FROZEN_FLAG", "SHOW_HOVER_FLAG", "LOOKUP_CODE"
            ,"HOVER_COLUMN_CODE", "EDITOR_HEIGHT", "LOOKUP_FIELD_TYPE", "HELP_TEXT", "TEXT_MASK", "VALIDATION_REGEXP"
            ,"DEFAULT_ORDERBY_NUMBER", "DEFAULT_VALUE", "EDITOR_TITLE_ORIENTATION", "EDITOR_END_ROW_FLAG"
            ,"EDITOR_COLS_SPAN", "LOOKUP_DISPLAY_VALUE", "EDITOR_ON_ENTER_KEY_ACTION")
     Values ('INS_INS_COMPANY_REP_DETAILS', 'CITY', 'Город', '*', 'S', '90', 'N', 'Y', '', '', '', ''
            ,'*A not null column that shows city where an office, warehouse, or
production site of a company is located. '
            ,'N', 'N', '', '', '', '', '', '', '', '', '', 'L', 'Y', '*', '', '');

Insert Into FORM_COLUMNS
            ("FORM_CODE", "COLUMN_CODE", "COLUMN_USER_NAME", "COLUMN_DISPLAY_SIZE", "COLUMN_DATA_TYPE"
            ,"COLUMN_DISPLAY_NUMBER", "PIMARY_KEY_FLAG", "SHOW_ON_GRID", "TREE_INITIALIZATION_VALUE", "TREE_FIELD_TYPE"
            ,"EDITOR_TAB_CODE", "FIELD_TYPE", "COLUMN_DESCRIPTION", "IS_FROZEN_FLAG", "SHOW_HOVER_FLAG", "LOOKUP_CODE"
            ,"HOVER_COLUMN_CODE", "EDITOR_HEIGHT", "LOOKUP_FIELD_TYPE", "HELP_TEXT", "TEXT_MASK", "VALIDATION_REGEXP"
            ,"DEFAULT_ORDERBY_NUMBER", "DEFAULT_VALUE", "EDITOR_TITLE_ORIENTATION", "EDITOR_END_ROW_FLAG"
            ,"EDITOR_COLS_SPAN", "LOOKUP_DISPLAY_VALUE", "EDITOR_ON_ENTER_KEY_ACTION")
     Values ('INS_INS_COMPANY_REP_DETAILS', 'CLNT_COMPANY_NAME', 'Клиентская', '*', 'S', '30', 'N', 'Y', '', '', '', ''
            ,'**CLNT_COMPANY_NAME', 'N', 'N', '', '', '', '', '', '', '', '', '', 'L', 'Y', '*', '', '');

Insert Into FORM_COLUMNS
            ("FORM_CODE", "COLUMN_CODE", "COLUMN_USER_NAME", "COLUMN_DISPLAY_SIZE", "COLUMN_DATA_TYPE"
            ,"COLUMN_DISPLAY_NUMBER", "PIMARY_KEY_FLAG", "SHOW_ON_GRID", "TREE_INITIALIZATION_VALUE", "TREE_FIELD_TYPE"
            ,"EDITOR_TAB_CODE", "FIELD_TYPE", "COLUMN_DESCRIPTION", "IS_FROZEN_FLAG", "SHOW_HOVER_FLAG", "LOOKUP_CODE"
            ,"HOVER_COLUMN_CODE", "EDITOR_HEIGHT", "LOOKUP_FIELD_TYPE", "HELP_TEXT", "TEXT_MASK", "VALIDATION_REGEXP"
            ,"DEFAULT_ORDERBY_NUMBER", "DEFAULT_VALUE", "EDITOR_TITLE_ORIENTATION", "EDITOR_END_ROW_FLAG"
            ,"EDITOR_COLS_SPAN", "LOOKUP_DISPLAY_VALUE", "EDITOR_ON_ENTER_KEY_ACTION")
     Values ('INS_INS_COMPANY_REP_DETAILS', 'DIAGNOSIS', 'Диагноз', '*', 'S', '120', 'N', 'Y', '', '', '', ''
            ,'**DIAGNOSIS', 'N', 'N', '', '', '', '', '', '', '', '', '', 'L', 'Y', '*', '', '');

Insert Into FORM_COLUMNS
            ("FORM_CODE", "COLUMN_CODE", "COLUMN_USER_NAME", "COLUMN_DISPLAY_SIZE", "COLUMN_DATA_TYPE"
            ,"COLUMN_DISPLAY_NUMBER", "PIMARY_KEY_FLAG", "SHOW_ON_GRID", "TREE_INITIALIZATION_VALUE", "TREE_FIELD_TYPE"
            ,"EDITOR_TAB_CODE", "FIELD_TYPE", "COLUMN_DESCRIPTION", "IS_FROZEN_FLAG", "SHOW_HOVER_FLAG", "LOOKUP_CODE"
            ,"HOVER_COLUMN_CODE", "EDITOR_HEIGHT", "LOOKUP_FIELD_TYPE", "HELP_TEXT", "TEXT_MASK", "VALIDATION_REGEXP"
            ,"DEFAULT_ORDERBY_NUMBER", "DEFAULT_VALUE", "EDITOR_TITLE_ORIENTATION", "EDITOR_END_ROW_FLAG"
            ,"EDITOR_COLS_SPAN", "LOOKUP_DISPLAY_VALUE", "EDITOR_ON_ENTER_KEY_ACTION")
     Values ('INS_INS_COMPANY_REP_DETAILS', 'DISCOUNT', 'Скидка', '*', 'S', '150', 'N', 'Y', '', '', '', ''
            ,'**DISCOUNT', 'N', 'N', '', '', '', '', '', '', '', '', '', 'L', 'Y', '*', '', '');

Insert Into FORM_COLUMNS
            ("FORM_CODE", "COLUMN_CODE", "COLUMN_USER_NAME", "COLUMN_DISPLAY_SIZE", "COLUMN_DATA_TYPE"
            ,"COLUMN_DISPLAY_NUMBER", "PIMARY_KEY_FLAG", "SHOW_ON_GRID", "TREE_INITIALIZATION_VALUE", "TREE_FIELD_TYPE"
            ,"EDITOR_TAB_CODE", "FIELD_TYPE", "COLUMN_DESCRIPTION", "IS_FROZEN_FLAG", "SHOW_HOVER_FLAG", "LOOKUP_CODE"
            ,"HOVER_COLUMN_CODE", "EDITOR_HEIGHT", "LOOKUP_FIELD_TYPE", "HELP_TEXT", "TEXT_MASK", "VALIDATION_REGEXP"
            ,"DEFAULT_ORDERBY_NUMBER", "DEFAULT_VALUE", "EDITOR_TITLE_ORIENTATION", "EDITOR_END_ROW_FLAG"
            ,"EDITOR_COLS_SPAN", "LOOKUP_DISPLAY_VALUE", "EDITOR_ON_ENTER_KEY_ACTION")
     Values ('INS_INS_COMPANY_REP_DETAILS', 'FIO', 'ФИО', '*', 'S', '20', 'N', 'Y', '', '', '', '', '*ФИО', 'N', 'N'
            ,'', '', '', '', '', '', '', '', '', 'L', 'Y', '*', '', '');

Insert Into FORM_COLUMNS
            ("FORM_CODE", "COLUMN_CODE", "COLUMN_USER_NAME", "COLUMN_DISPLAY_SIZE", "COLUMN_DATA_TYPE"
            ,"COLUMN_DISPLAY_NUMBER", "PIMARY_KEY_FLAG", "SHOW_ON_GRID", "TREE_INITIALIZATION_VALUE", "TREE_FIELD_TYPE"
            ,"EDITOR_TAB_CODE", "FIELD_TYPE", "COLUMN_DESCRIPTION", "IS_FROZEN_FLAG", "SHOW_HOVER_FLAG", "LOOKUP_CODE"
            ,"HOVER_COLUMN_CODE", "EDITOR_HEIGHT", "LOOKUP_FIELD_TYPE", "HELP_TEXT", "TEXT_MASK", "VALIDATION_REGEXP"
            ,"DEFAULT_ORDERBY_NUMBER", "DEFAULT_VALUE", "EDITOR_TITLE_ORIENTATION", "EDITOR_END_ROW_FLAG"
            ,"EDITOR_COLS_SPAN", "LOOKUP_DISPLAY_VALUE", "EDITOR_ON_ENTER_KEY_ACTION")
     Values ('INS_INS_COMPANY_REP_DETAILS', 'INS_COMPANY_NAME', 'Страховая', '*', 'S', '50', 'N', 'Y', '', '', '', ''
            ,'**INS_COMPANY_NAME', 'N', 'N', '', '', '', '', '', '', '', '', '', 'L', 'Y', '*', '', '');

Insert Into FORM_COLUMNS
            ("FORM_CODE", "COLUMN_CODE", "COLUMN_USER_NAME", "COLUMN_DISPLAY_SIZE", "COLUMN_DATA_TYPE"
            ,"COLUMN_DISPLAY_NUMBER", "PIMARY_KEY_FLAG", "SHOW_ON_GRID", "TREE_INITIALIZATION_VALUE", "TREE_FIELD_TYPE"
            ,"EDITOR_TAB_CODE", "FIELD_TYPE", "COLUMN_DESCRIPTION", "IS_FROZEN_FLAG", "SHOW_HOVER_FLAG", "LOOKUP_CODE"
            ,"HOVER_COLUMN_CODE", "EDITOR_HEIGHT", "LOOKUP_FIELD_TYPE", "HELP_TEXT", "TEXT_MASK", "VALIDATION_REGEXP"
            ,"DEFAULT_ORDERBY_NUMBER", "DEFAULT_VALUE", "EDITOR_TITLE_ORIENTATION", "EDITOR_END_ROW_FLAG"
            ,"EDITOR_COLS_SPAN", "LOOKUP_DISPLAY_VALUE", "EDITOR_ON_ENTER_KEY_ACTION")
     Values ('INS_INS_COMPANY_REP_DETAILS', 'IS_RESERVE_FLAG', 'Резерв', '*', 'B', '170', 'N', 'Y', '', '', '', ''
            ,'**IS_RESERVE_FLAG', 'N', 'N', '', '', '', '', '', '', '', '', '', 'L', 'Y', '*', '', '');

Insert Into FORM_COLUMNS
            ("FORM_CODE", "COLUMN_CODE", "COLUMN_USER_NAME", "COLUMN_DISPLAY_SIZE", "COLUMN_DATA_TYPE"
            ,"COLUMN_DISPLAY_NUMBER", "PIMARY_KEY_FLAG", "SHOW_ON_GRID", "TREE_INITIALIZATION_VALUE", "TREE_FIELD_TYPE"
            ,"EDITOR_TAB_CODE", "FIELD_TYPE", "COLUMN_DESCRIPTION", "IS_FROZEN_FLAG", "SHOW_HOVER_FLAG", "LOOKUP_CODE"
            ,"HOVER_COLUMN_CODE", "EDITOR_HEIGHT", "LOOKUP_FIELD_TYPE", "HELP_TEXT", "TEXT_MASK", "VALIDATION_REGEXP"
            ,"DEFAULT_ORDERBY_NUMBER", "DEFAULT_VALUE", "EDITOR_TITLE_ORIENTATION", "EDITOR_END_ROW_FLAG"
            ,"EDITOR_COLS_SPAN", "LOOKUP_DISPLAY_VALUE", "EDITOR_ON_ENTER_KEY_ACTION")
     Values ('INS_INS_COMPANY_REP_DETAILS', 'MED_CAT', 'Категория', '*', 'S', '100', 'N', 'Y', '', '', '', ''
            ,'**MED_CAT', 'N', 'N', '', '', '', '', '', '', '', '', '', 'L', 'Y', '*', '', '');

Insert Into FORM_COLUMNS
            ("FORM_CODE", "COLUMN_CODE", "COLUMN_USER_NAME", "COLUMN_DISPLAY_SIZE", "COLUMN_DATA_TYPE"
            ,"COLUMN_DISPLAY_NUMBER", "PIMARY_KEY_FLAG", "SHOW_ON_GRID", "TREE_INITIALIZATION_VALUE", "TREE_FIELD_TYPE"
            ,"EDITOR_TAB_CODE", "FIELD_TYPE", "COLUMN_DESCRIPTION", "IS_FROZEN_FLAG", "SHOW_HOVER_FLAG", "LOOKUP_CODE"
            ,"HOVER_COLUMN_CODE", "EDITOR_HEIGHT", "LOOKUP_FIELD_TYPE", "HELP_TEXT", "TEXT_MASK", "VALIDATION_REGEXP"
            ,"DEFAULT_ORDERBY_NUMBER", "DEFAULT_VALUE", "EDITOR_TITLE_ORIENTATION", "EDITOR_END_ROW_FLAG"
            ,"EDITOR_COLS_SPAN", "LOOKUP_DISPLAY_VALUE", "EDITOR_ON_ENTER_KEY_ACTION")
     Values ('INS_INS_COMPANY_REP_DETAILS', 'MED_SERV', 'Услуга', '*', 'S', '110', 'N', 'Y', '', '', '', ''
            ,'**MED_SERV', 'N', 'N', '', '', '', '', '', '', '', '', '', 'L', 'Y', '*', '', '');

Insert Into FORM_COLUMNS
            ("FORM_CODE", "COLUMN_CODE", "COLUMN_USER_NAME", "COLUMN_DISPLAY_SIZE", "COLUMN_DATA_TYPE"
            ,"COLUMN_DISPLAY_NUMBER", "PIMARY_KEY_FLAG", "SHOW_ON_GRID", "TREE_INITIALIZATION_VALUE", "TREE_FIELD_TYPE"
            ,"EDITOR_TAB_CODE", "FIELD_TYPE", "COLUMN_DESCRIPTION", "IS_FROZEN_FLAG", "SHOW_HOVER_FLAG", "LOOKUP_CODE"
            ,"HOVER_COLUMN_CODE", "EDITOR_HEIGHT", "LOOKUP_FIELD_TYPE", "HELP_TEXT", "TEXT_MASK", "VALIDATION_REGEXP"
            ,"DEFAULT_ORDERBY_NUMBER", "DEFAULT_VALUE", "EDITOR_TITLE_ORIENTATION", "EDITOR_END_ROW_FLAG"
            ,"EDITOR_COLS_SPAN", "LOOKUP_DISPLAY_VALUE", "EDITOR_ON_ENTER_KEY_ACTION")
     Values ('INS_INS_COMPANY_REP_DETAILS', 'POSTED_DATE', '', '*', 'D', '180', 'N', 'N', '', '', '', ''
            ,'**POSTED_DATE', 'N', 'N', '', '', '', '', '', '', '', '', '', 'L', 'Y', '*', '', '');

Insert Into FORM_COLUMNS
            ("FORM_CODE", "COLUMN_CODE", "COLUMN_USER_NAME", "COLUMN_DISPLAY_SIZE", "COLUMN_DATA_TYPE"
            ,"COLUMN_DISPLAY_NUMBER", "PIMARY_KEY_FLAG", "SHOW_ON_GRID", "TREE_INITIALIZATION_VALUE", "TREE_FIELD_TYPE"
            ,"EDITOR_TAB_CODE", "FIELD_TYPE", "COLUMN_DESCRIPTION", "IS_FROZEN_FLAG", "SHOW_HOVER_FLAG", "LOOKUP_CODE"
            ,"HOVER_COLUMN_CODE", "EDITOR_HEIGHT", "LOOKUP_FIELD_TYPE", "HELP_TEXT", "TEXT_MASK", "VALIDATION_REGEXP"
            ,"DEFAULT_ORDERBY_NUMBER", "DEFAULT_VALUE", "EDITOR_TITLE_ORIENTATION", "EDITOR_END_ROW_FLAG"
            ,"EDITOR_COLS_SPAN", "LOOKUP_DISPLAY_VALUE", "EDITOR_ON_ENTER_KEY_ACTION")
     Values ('INS_INS_COMPANY_REP_DETAILS', 'POSTING_DATE', 'Дата введения', '*', 'D', '60', 'N', 'Y', '', '', '', ''
            ,'**POSTING_DATE', 'N', 'N', '', '', '', '', '', '', '', '', '', 'L', 'Y', '*', '', '');

Insert Into FORM_COLUMNS
            ("FORM_CODE", "COLUMN_CODE", "COLUMN_USER_NAME", "COLUMN_DISPLAY_SIZE", "COLUMN_DATA_TYPE"
            ,"COLUMN_DISPLAY_NUMBER", "PIMARY_KEY_FLAG", "SHOW_ON_GRID", "TREE_INITIALIZATION_VALUE", "TREE_FIELD_TYPE"
            ,"EDITOR_TAB_CODE", "FIELD_TYPE", "COLUMN_DESCRIPTION", "IS_FROZEN_FLAG", "SHOW_HOVER_FLAG", "LOOKUP_CODE"
            ,"HOVER_COLUMN_CODE", "EDITOR_HEIGHT", "LOOKUP_FIELD_TYPE", "HELP_TEXT", "TEXT_MASK", "VALIDATION_REGEXP"
            ,"DEFAULT_ORDERBY_NUMBER", "DEFAULT_VALUE", "EDITOR_TITLE_ORIENTATION", "EDITOR_END_ROW_FLAG"
            ,"EDITOR_COLS_SPAN", "LOOKUP_DISPLAY_VALUE", "EDITOR_ON_ENTER_KEY_ACTION")
     Values ('INS_INS_COMPANY_REP_DETAILS', 'PROGRAM', 'Программа', '*', 'S', '40', 'N', 'Y', '', '', '', ''
            ,'**PROGRAM', 'N', 'N', '', '', '', '', '', '', '', '', '', 'L', 'Y', '*', '', '');

Insert Into FORM_COLUMNS
            ("FORM_CODE", "COLUMN_CODE", "COLUMN_USER_NAME", "COLUMN_DISPLAY_SIZE", "COLUMN_DATA_TYPE"
            ,"COLUMN_DISPLAY_NUMBER", "PIMARY_KEY_FLAG", "SHOW_ON_GRID", "TREE_INITIALIZATION_VALUE", "TREE_FIELD_TYPE"
            ,"EDITOR_TAB_CODE", "FIELD_TYPE", "COLUMN_DESCRIPTION", "IS_FROZEN_FLAG", "SHOW_HOVER_FLAG", "LOOKUP_CODE"
            ,"HOVER_COLUMN_CODE", "EDITOR_HEIGHT", "LOOKUP_FIELD_TYPE", "HELP_TEXT", "TEXT_MASK", "VALIDATION_REGEXP"
            ,"DEFAULT_ORDERBY_NUMBER", "DEFAULT_VALUE", "EDITOR_TITLE_ORIENTATION", "EDITOR_END_ROW_FLAG"
            ,"EDITOR_COLS_SPAN", "LOOKUP_DISPLAY_VALUE", "EDITOR_ON_ENTER_KEY_ACTION")
     Values ('INS_INS_COMPANY_REP_DETAILS', 'SUPPLIER_COMPANY_NAME', 'Поставщик', '*', 'S', '80', 'N', 'Y', '', '', ''
            ,'', '**SUPPLIER_COMPANY_NAME', 'N', 'N', '', '', '', '', '', '', '', '', '', 'L', 'Y', '*', '', '');

Insert Into FORM_COLUMNS
            ("FORM_CODE", "COLUMN_CODE", "COLUMN_USER_NAME", "COLUMN_DISPLAY_SIZE", "COLUMN_DATA_TYPE"
            ,"COLUMN_DISPLAY_NUMBER", "PIMARY_KEY_FLAG", "SHOW_ON_GRID", "TREE_INITIALIZATION_VALUE", "TREE_FIELD_TYPE"
            ,"EDITOR_TAB_CODE", "FIELD_TYPE", "COLUMN_DESCRIPTION", "IS_FROZEN_FLAG", "SHOW_HOVER_FLAG", "LOOKUP_CODE"
            ,"HOVER_COLUMN_CODE", "EDITOR_HEIGHT", "LOOKUP_FIELD_TYPE", "HELP_TEXT", "TEXT_MASK", "VALIDATION_REGEXP"
            ,"DEFAULT_ORDERBY_NUMBER", "DEFAULT_VALUE", "EDITOR_TITLE_ORIENTATION", "EDITOR_END_ROW_FLAG"
            ,"EDITOR_COLS_SPAN", "LOOKUP_DISPLAY_VALUE", "EDITOR_ON_ENTER_KEY_ACTION")
     Values ('INS_INS_COMPANY_REP_DETAILS', 'VISIT_DATE', 'Дата обращения', '*', 'D', '70', 'N', 'Y', '', '', '', ''
            ,'**VISIT_DATE', 'N', 'N', '', '', '', '', '', '', '', '', '', 'L', 'Y', '*', '', '');

Alter Table forms Enable VALIDATE Constraint forms_form_actions_fk;
Alter Table FORMS Enable All Triggers;

/*****************INS_INS_CONTRACT*********************/
Alter Table FORMS Disable All Triggers;
Alter Table forms Disable Constraint forms_form_actions_fk;
Delete From FORM_COLUMNS
      Where form_code = 'INS_INS_CONTRACT';
Delete From FORM_COLUMNS$
      Where form_code = 'INS_INS_CONTRACT';
Delete From FORM_ACTIONS
      Where form_code = 'INS_INS_CONTRACT';
Delete From FORM_TABS
      Where form_code = 'INS_INS_CONTRACT';
Delete From FORMS
      Where form_code = 'INS_INS_CONTRACT';
/*  Form: INS_INS_CONTRACT. Entity: FORMS.  */

Insert Into FORMS
            ("FORM_CODE", "HOT_KEY", "SQL_TEXT", "FORM_NAME", "FORM_TYPE", "SHOW_TREE_ROOT_NODE", "ICON_ID"
            ,"FORM_WIDTH", "FORM_HEIGHT", "BOTTOM_TABS_ORIENTATION", "SIDE_TABS_ORIENTATION", "SHOW_BOTTOM_TOOLBAR"
            ,"OBJECT_VERSION_NUMBER", "DEFAULT_COLUMN_WIDTH", "DESCRIPTION", "DOUBLE_CLICK_ACTION_CODE", "LOOKUP_WIDTH"
            ,"APPS_CODE", "EXPORT_ORDER")
     Values ('INS_INS_CONTRACT', '', 'Select *
  From ins.ins_contract c
 Where c.Id = NVL (:Id, c.Id)
',           'Контракты', 'G', 'Y', '', '*', '30%', 'T', '', 'Y', '90', '*', '', 'DET_W', '', 'INS', '100');
/*  Form: INS_INS_CONTRACT. Entity: FORM_TABS.  */

Insert Into FORM_TABS
            ("FORM_CODE", "TAB_CODE", "CHILD_FORM_CODE", "TAB_POSITION", "TAB_NAME", "NUMBER_OF_COLUMNS", "ICON_ID"
            ,"TAB_TYPE", "TAB_DISPLAY_NUMBER")
     Values ('INS_INS_CONTRACT', 'AGREE', '', 'B', 'Договор', '8', '12', '1', '1');

Insert Into FORM_TABS
            ("FORM_CODE", "TAB_CODE", "CHILD_FORM_CODE", "TAB_POSITION", "TAB_NAME", "NUMBER_OF_COLUMNS", "ICON_ID"
            ,"TAB_TYPE", "TAB_DISPLAY_NUMBER")
     Values ('INS_INS_CONTRACT', 'INSURED', 'INS_INS_INSURED', 'B', 'Застрахованные', '', '', '2', '3');

Insert Into FORM_TABS
            ("FORM_CODE", "TAB_CODE", "CHILD_FORM_CODE", "TAB_POSITION", "TAB_NAME", "NUMBER_OF_COLUMNS", "ICON_ID"
            ,"TAB_TYPE", "TAB_DISPLAY_NUMBER")
     Values ('INS_INS_CONTRACT', 'PROGRAM', 'INS_INS_PROGRAM', 'B', '', '', '18', '2', '2');
/*  Form: INS_INS_CONTRACT. Entity: FORM_ACTIONS.  */

Insert Into FORM_ACTIONS
            ("FORM_CODE", "ACTION_CODE", "PROCEDURE_NAME", "ACTION_DISPLAY_NAME", "ICON_ID", "DEFAULT_PARAM_PREFIX"
            ,"DEFAULT_OLD_PARAM_PREFIX", "ACTION_TYPE", "DISPLAY_NUMBER", "CONFIRM_TEXT", "HOT_KEY"
            ,"SHOW_SEPARATOR_BELOW", "DISPLAY_ON_TOOLBAR", "CHILD_FORM_CODE")
     Values ('INS_INS_CONTRACT', 'DEL', 'INS_CONTRACT_PKG.p_delete', 'Удалить', '48', '', '', '3', '130'
            ,'Вы уверенны что хотите удалить запись?', '', 'N', 'Y', '');

Insert Into FORM_ACTIONS
            ("FORM_CODE", "ACTION_CODE", "PROCEDURE_NAME", "ACTION_DISPLAY_NAME", "ICON_ID", "DEFAULT_PARAM_PREFIX"
            ,"DEFAULT_OLD_PARAM_PREFIX", "ACTION_TYPE", "DISPLAY_NUMBER", "CONFIRM_TEXT", "HOT_KEY"
            ,"SHOW_SEPARATOR_BELOW", "DISPLAY_ON_TOOLBAR", "CHILD_FORM_CODE")
     Values ('INS_INS_CONTRACT', 'DET_W', '', ':CONTRACT_NO - в окно', '6', '', '', '11', '150', '', '', 'N', 'N'
            ,'INS_INS_CONTRACT');

Insert Into FORM_ACTIONS
            ("FORM_CODE", "ACTION_CODE", "PROCEDURE_NAME", "ACTION_DISPLAY_NAME", "ICON_ID", "DEFAULT_PARAM_PREFIX"
            ,"DEFAULT_OLD_PARAM_PREFIX", "ACTION_TYPE", "DISPLAY_NUMBER", "CONFIRM_TEXT", "HOT_KEY"
            ,"SHOW_SEPARATOR_BELOW", "DISPLAY_ON_TOOLBAR", "CHILD_FORM_CODE")
     Values ('INS_INS_CONTRACT', 'EDIT', '', 'Редактировать', '50', '', '', '8', '115', 'Вы уверенны?', '', 'N', 'Y'
            ,'');

Insert Into FORM_ACTIONS
            ("FORM_CODE", "ACTION_CODE", "PROCEDURE_NAME", "ACTION_DISPLAY_NAME", "ICON_ID", "DEFAULT_PARAM_PREFIX"
            ,"DEFAULT_OLD_PARAM_PREFIX", "ACTION_TYPE", "DISPLAY_NUMBER", "CONFIRM_TEXT", "HOT_KEY"
            ,"SHOW_SEPARATOR_BELOW", "DISPLAY_ON_TOOLBAR", "CHILD_FORM_CODE")
     Values ('INS_INS_CONTRACT', 'INS', '', 'Создать', '47', '', '', '1', '110', '', '', 'N', 'Y', '');

Insert Into FORM_ACTIONS
            ("FORM_CODE", "ACTION_CODE", "PROCEDURE_NAME", "ACTION_DISPLAY_NAME", "ICON_ID", "DEFAULT_PARAM_PREFIX"
            ,"DEFAULT_OLD_PARAM_PREFIX", "ACTION_TYPE", "DISPLAY_NUMBER", "CONFIRM_TEXT", "HOT_KEY"
            ,"SHOW_SEPARATOR_BELOW", "DISPLAY_ON_TOOLBAR", "CHILD_FORM_CODE")
     Values ('INS_INS_CONTRACT', 'REFR', '', 'Обновить', '15', '', '', '4', '10', '', '', 'N', 'Y', '');

Insert Into FORM_ACTIONS
            ("FORM_CODE", "ACTION_CODE", "PROCEDURE_NAME", "ACTION_DISPLAY_NAME", "ICON_ID", "DEFAULT_PARAM_PREFIX"
            ,"DEFAULT_OLD_PARAM_PREFIX", "ACTION_TYPE", "DISPLAY_NUMBER", "CONFIRM_TEXT", "HOT_KEY"
            ,"SHOW_SEPARATOR_BELOW", "DISPLAY_ON_TOOLBAR", "CHILD_FORM_CODE")
     Values ('INS_INS_CONTRACT', 'UPD', 'INS_CONTRACT_PKG.p_ins_upd', 'Сохранить', '46', '', '', '2', '120'
            ,'Вы уверенны?', '', 'N', 'Y', '');
/*  Form: INS_INS_CONTRACT. Entity: FORM_COLUMNS$.  */

Insert Into FORM_COLUMNS$
            ("COL_NUM", "COL_TYPE", "COL_MAX_LEN", "COL_NAME", "COL_NAME_LEN", "COL_PRECISION", "COL_SCALE"
            ,"FORM_CODE", "PIMARY_KEY_FLAG", "DEFAULT_COLUMN_WIDTH", "COLUMN_DESCRIPTION")
     Values ('8', 'NUMBER', '22', 'CLIENT_COMPANY_ID', '17', '0', '-127', 'INS_INS_CONTRACT', '', '*'
            ,'**CLIENT_COMPANY_ID');

Insert Into FORM_COLUMNS$
            ("COL_NUM", "COL_TYPE", "COL_MAX_LEN", "COL_NAME", "COL_NAME_LEN", "COL_PRECISION", "COL_SCALE"
            ,"FORM_CODE", "PIMARY_KEY_FLAG", "DEFAULT_COLUMN_WIDTH", "COLUMN_DESCRIPTION")
     Values ('12', 'DATE', '7', 'CONTRACT_DATE', '13', '0', '0', 'INS_INS_CONTRACT', '', '*', '**CONTRACT_DATE');

Insert Into FORM_COLUMNS$
            ("COL_NUM", "COL_TYPE", "COL_MAX_LEN", "COL_NAME", "COL_NAME_LEN", "COL_PRECISION", "COL_SCALE"
            ,"FORM_CODE", "PIMARY_KEY_FLAG", "DEFAULT_COLUMN_WIDTH", "COLUMN_DESCRIPTION")
     Values ('2', 'VARCHAR2', '96', 'CONTRACT_NO', '11', '0', '0', 'INS_INS_CONTRACT', '', '*', '**CONTRACT_NO');

Insert Into FORM_COLUMNS$
            ("COL_NUM", "COL_TYPE", "COL_MAX_LEN", "COL_NAME", "COL_NAME_LEN", "COL_PRECISION", "COL_SCALE"
            ,"FORM_CODE", "PIMARY_KEY_FLAG", "DEFAULT_COLUMN_WIDTH", "COLUMN_DESCRIPTION")
     Values ('5', 'DATE', '7', 'CREATED', '7', '0', '0', 'INS_INS_CONTRACT', '', '*'
            ,'*Creation date of the change set');

Insert Into FORM_COLUMNS$
            ("COL_NUM", "COL_TYPE", "COL_MAX_LEN", "COL_NAME", "COL_NAME_LEN", "COL_PRECISION", "COL_SCALE"
            ,"FORM_CODE", "PIMARY_KEY_FLAG", "DEFAULT_COLUMN_WIDTH", "COLUMN_DESCRIPTION")
     Values ('4', 'NUMBER', '22', 'CREATED_BY', '10', '0', '-127', 'INS_INS_CONTRACT', '', '*'
            ,'*Auditing; user that created the record.');

Insert Into FORM_COLUMNS$
            ("COL_NUM", "COL_TYPE", "COL_MAX_LEN", "COL_NAME", "COL_NAME_LEN", "COL_PRECISION", "COL_SCALE"
            ,"FORM_CODE", "PIMARY_KEY_FLAG", "DEFAULT_COLUMN_WIDTH", "COLUMN_DESCRIPTION")
     Values ('11', 'VARCHAR2', '1020', 'CURRENCY_ID', '11', '0', '0', 'INS_INS_CONTRACT', '', '*', '**CURRENCY_ID');

Insert Into FORM_COLUMNS$
            ("COL_NUM", "COL_TYPE", "COL_MAX_LEN", "COL_NAME", "COL_NAME_LEN", "COL_PRECISION", "COL_SCALE"
            ,"FORM_CODE", "PIMARY_KEY_FLAG", "DEFAULT_COLUMN_WIDTH", "COLUMN_DESCRIPTION")
     Values ('14', 'DATE', '7', 'DATE_FINISH', '11', '0', '0', 'INS_INS_CONTRACT', '', '*', '**DATE_FINISH');

Insert Into FORM_COLUMNS$
            ("COL_NUM", "COL_TYPE", "COL_MAX_LEN", "COL_NAME", "COL_NAME_LEN", "COL_PRECISION", "COL_SCALE"
            ,"FORM_CODE", "PIMARY_KEY_FLAG", "DEFAULT_COLUMN_WIDTH", "COLUMN_DESCRIPTION")
     Values ('13', 'DATE', '7', 'DATE_START', '10', '0', '0', 'INS_INS_CONTRACT', '', '*'
            ,'*Дата (месяц) начала действия записи');

Insert Into FORM_COLUMNS$
            ("COL_NUM", "COL_TYPE", "COL_MAX_LEN", "COL_NAME", "COL_NAME_LEN", "COL_PRECISION", "COL_SCALE"
            ,"FORM_CODE", "PIMARY_KEY_FLAG", "DEFAULT_COLUMN_WIDTH", "COLUMN_DESCRIPTION")
     Values ('3', 'VARCHAR2', '768', 'DESCR', '5', '0', '0', 'INS_INS_CONTRACT', '', '*', '**DESCR');

Insert Into FORM_COLUMNS$
            ("COL_NUM", "COL_TYPE", "COL_MAX_LEN", "COL_NAME", "COL_NAME_LEN", "COL_PRECISION", "COL_SCALE"
            ,"FORM_CODE", "PIMARY_KEY_FLAG", "DEFAULT_COLUMN_WIDTH", "COLUMN_DESCRIPTION")
     Values ('1', 'NUMBER', '22', 'ID', '2', '0', '-127', 'INS_INS_CONTRACT', '', '*', '*2 - идентификатор записи;');

Insert Into FORM_COLUMNS$
            ("COL_NUM", "COL_TYPE", "COL_MAX_LEN", "COL_NAME", "COL_NAME_LEN", "COL_PRECISION", "COL_SCALE"
            ,"FORM_CODE", "PIMARY_KEY_FLAG", "DEFAULT_COLUMN_WIDTH", "COLUMN_DESCRIPTION")
     Values ('9', 'NUMBER', '22', 'INS_COMPANY_ID', '14', '0', '-127', 'INS_INS_CONTRACT', '', '*', '**INS_COMPANY_ID');

Insert Into FORM_COLUMNS$
            ("COL_NUM", "COL_TYPE", "COL_MAX_LEN", "COL_NAME", "COL_NAME_LEN", "COL_PRECISION", "COL_SCALE"
            ,"FORM_CODE", "PIMARY_KEY_FLAG", "DEFAULT_COLUMN_WIDTH", "COLUMN_DESCRIPTION")
     Values ('15', 'NUMBER', '22', 'ORIG_REF_ID', '11', '10', '0', 'INS_INS_CONTRACT', '', '*', '**ORIG_REF_ID');

Insert Into FORM_COLUMNS$
            ("COL_NUM", "COL_TYPE", "COL_MAX_LEN", "COL_NAME", "COL_NAME_LEN", "COL_PRECISION", "COL_SCALE"
            ,"FORM_CODE", "PIMARY_KEY_FLAG", "DEFAULT_COLUMN_WIDTH", "COLUMN_DESCRIPTION")
     Values ('10', 'NUMBER', '22', 'SUMM', '4', '19', '2', 'INS_INS_CONTRACT', '', '*', '**SUMM');

Insert Into FORM_COLUMNS$
            ("COL_NUM", "COL_TYPE", "COL_MAX_LEN", "COL_NAME", "COL_NAME_LEN", "COL_PRECISION", "COL_SCALE"
            ,"FORM_CODE", "PIMARY_KEY_FLAG", "DEFAULT_COLUMN_WIDTH", "COLUMN_DESCRIPTION")
     Values ('7', 'DATE', '7', 'UPDATED', '7', '0', '0', 'INS_INS_CONTRACT', '', '*', '**UPDATED');

Insert Into FORM_COLUMNS$
            ("COL_NUM", "COL_TYPE", "COL_MAX_LEN", "COL_NAME", "COL_NAME_LEN", "COL_PRECISION", "COL_SCALE"
            ,"FORM_CODE", "PIMARY_KEY_FLAG", "DEFAULT_COLUMN_WIDTH", "COLUMN_DESCRIPTION")
     Values ('6', 'NUMBER', '22', 'UPDATED_BY', '10', '0', '-127', 'INS_INS_CONTRACT', '', '*', '**UPDATED_BY');
/*  Form: INS_INS_CONTRACT. Entity: FORM_COLUMNS.  */

Insert Into FORM_COLUMNS
            ("FORM_CODE", "COLUMN_CODE", "COLUMN_USER_NAME", "COLUMN_DISPLAY_SIZE", "COLUMN_DATA_TYPE"
            ,"COLUMN_DISPLAY_NUMBER", "PIMARY_KEY_FLAG", "SHOW_ON_GRID", "TREE_INITIALIZATION_VALUE", "TREE_FIELD_TYPE"
            ,"EDITOR_TAB_CODE", "FIELD_TYPE", "COLUMN_DESCRIPTION", "IS_FROZEN_FLAG", "SHOW_HOVER_FLAG", "LOOKUP_CODE"
            ,"HOVER_COLUMN_CODE", "EDITOR_HEIGHT", "LOOKUP_FIELD_TYPE", "HELP_TEXT", "TEXT_MASK", "VALIDATION_REGEXP"
            ,"DEFAULT_ORDERBY_NUMBER", "DEFAULT_VALUE", "EDITOR_TITLE_ORIENTATION", "EDITOR_END_ROW_FLAG"
            ,"EDITOR_COLS_SPAN", "LOOKUP_DISPLAY_VALUE", "EDITOR_ON_ENTER_KEY_ACTION")
     Values ('INS_INS_CONTRACT', 'CLIENT_COMPANY_ID', 'Компания', '*', 'N', '1008', 'N', 'Y', '', '', 'AGREE', '9'
            ,'**CLIENT_COMPANY_ID', 'N', 'N', 'INS_COMPANY_LIST', '', '', '', '', '', '', '', '', 'L', 'Y', '*', '', '');

Insert Into FORM_COLUMNS
            ("FORM_CODE", "COLUMN_CODE", "COLUMN_USER_NAME", "COLUMN_DISPLAY_SIZE", "COLUMN_DATA_TYPE"
            ,"COLUMN_DISPLAY_NUMBER", "PIMARY_KEY_FLAG", "SHOW_ON_GRID", "TREE_INITIALIZATION_VALUE", "TREE_FIELD_TYPE"
            ,"EDITOR_TAB_CODE", "FIELD_TYPE", "COLUMN_DESCRIPTION", "IS_FROZEN_FLAG", "SHOW_HOVER_FLAG", "LOOKUP_CODE"
            ,"HOVER_COLUMN_CODE", "EDITOR_HEIGHT", "LOOKUP_FIELD_TYPE", "HELP_TEXT", "TEXT_MASK", "VALIDATION_REGEXP"
            ,"DEFAULT_ORDERBY_NUMBER", "DEFAULT_VALUE", "EDITOR_TITLE_ORIENTATION", "EDITOR_END_ROW_FLAG"
            ,"EDITOR_COLS_SPAN", "LOOKUP_DISPLAY_VALUE", "EDITOR_ON_ENTER_KEY_ACTION")
     Values ('INS_INS_CONTRACT', 'CONTRACT_DATE', 'Дата', '*', 'D', '1012', 'N', 'Y', '', '', 'AGREE', ''
            ,'**CONTRACT_DATE', 'N', 'N', '', '', '', '', '', '', '', '', '', 'L', 'Y', '*', '', '');

Insert Into FORM_COLUMNS
            ("FORM_CODE", "COLUMN_CODE", "COLUMN_USER_NAME", "COLUMN_DISPLAY_SIZE", "COLUMN_DATA_TYPE"
            ,"COLUMN_DISPLAY_NUMBER", "PIMARY_KEY_FLAG", "SHOW_ON_GRID", "TREE_INITIALIZATION_VALUE", "TREE_FIELD_TYPE"
            ,"EDITOR_TAB_CODE", "FIELD_TYPE", "COLUMN_DESCRIPTION", "IS_FROZEN_FLAG", "SHOW_HOVER_FLAG", "LOOKUP_CODE"
            ,"HOVER_COLUMN_CODE", "EDITOR_HEIGHT", "LOOKUP_FIELD_TYPE", "HELP_TEXT", "TEXT_MASK", "VALIDATION_REGEXP"
            ,"DEFAULT_ORDERBY_NUMBER", "DEFAULT_VALUE", "EDITOR_TITLE_ORIENTATION", "EDITOR_END_ROW_FLAG"
            ,"EDITOR_COLS_SPAN", "LOOKUP_DISPLAY_VALUE", "EDITOR_ON_ENTER_KEY_ACTION")
     Values ('INS_INS_CONTRACT', 'CONTRACT_NO', 'Договор№', '*', 'S', '1002', 'N', 'Y', '', '', 'AGREE', ''
            ,'**CONTRACT_NO', 'N', 'N', '', '', '', '2', '', '', '', '', '', 'L', 'Y', '*', '', '');

Insert Into FORM_COLUMNS
            ("FORM_CODE", "COLUMN_CODE", "COLUMN_USER_NAME", "COLUMN_DISPLAY_SIZE", "COLUMN_DATA_TYPE"
            ,"COLUMN_DISPLAY_NUMBER", "PIMARY_KEY_FLAG", "SHOW_ON_GRID", "TREE_INITIALIZATION_VALUE", "TREE_FIELD_TYPE"
            ,"EDITOR_TAB_CODE", "FIELD_TYPE", "COLUMN_DESCRIPTION", "IS_FROZEN_FLAG", "SHOW_HOVER_FLAG", "LOOKUP_CODE"
            ,"HOVER_COLUMN_CODE", "EDITOR_HEIGHT", "LOOKUP_FIELD_TYPE", "HELP_TEXT", "TEXT_MASK", "VALIDATION_REGEXP"
            ,"DEFAULT_ORDERBY_NUMBER", "DEFAULT_VALUE", "EDITOR_TITLE_ORIENTATION", "EDITOR_END_ROW_FLAG"
            ,"EDITOR_COLS_SPAN", "LOOKUP_DISPLAY_VALUE", "EDITOR_ON_ENTER_KEY_ACTION")
     Values ('INS_INS_CONTRACT', 'CREATED', 'Дата создания', '*', 'D', '1005', 'N', 'N', '', '', '', ''
            ,'*Creation date of the change set', 'N', 'N', '', '', '', '', '', '', '', '', '', 'L', 'N', '1', '', '');

Insert Into FORM_COLUMNS
            ("FORM_CODE", "COLUMN_CODE", "COLUMN_USER_NAME", "COLUMN_DISPLAY_SIZE", "COLUMN_DATA_TYPE"
            ,"COLUMN_DISPLAY_NUMBER", "PIMARY_KEY_FLAG", "SHOW_ON_GRID", "TREE_INITIALIZATION_VALUE", "TREE_FIELD_TYPE"
            ,"EDITOR_TAB_CODE", "FIELD_TYPE", "COLUMN_DESCRIPTION", "IS_FROZEN_FLAG", "SHOW_HOVER_FLAG", "LOOKUP_CODE"
            ,"HOVER_COLUMN_CODE", "EDITOR_HEIGHT", "LOOKUP_FIELD_TYPE", "HELP_TEXT", "TEXT_MASK", "VALIDATION_REGEXP"
            ,"DEFAULT_ORDERBY_NUMBER", "DEFAULT_VALUE", "EDITOR_TITLE_ORIENTATION", "EDITOR_END_ROW_FLAG"
            ,"EDITOR_COLS_SPAN", "LOOKUP_DISPLAY_VALUE", "EDITOR_ON_ENTER_KEY_ACTION")
     Values ('INS_INS_CONTRACT', 'CREATED_BY', 'Создал', '*', 'N', '1004', 'N', 'N', '', '', '', '9'
            ,'*Auditing; user that created the record.', 'N', 'N', 'USERS', '', '', '', '', '', '', '', '', 'L', 'N'
            ,'1', '', '');

Insert Into FORM_COLUMNS
            ("FORM_CODE", "COLUMN_CODE", "COLUMN_USER_NAME", "COLUMN_DISPLAY_SIZE", "COLUMN_DATA_TYPE"
            ,"COLUMN_DISPLAY_NUMBER", "PIMARY_KEY_FLAG", "SHOW_ON_GRID", "TREE_INITIALIZATION_VALUE", "TREE_FIELD_TYPE"
            ,"EDITOR_TAB_CODE", "FIELD_TYPE", "COLUMN_DESCRIPTION", "IS_FROZEN_FLAG", "SHOW_HOVER_FLAG", "LOOKUP_CODE"
            ,"HOVER_COLUMN_CODE", "EDITOR_HEIGHT", "LOOKUP_FIELD_TYPE", "HELP_TEXT", "TEXT_MASK", "VALIDATION_REGEXP"
            ,"DEFAULT_ORDERBY_NUMBER", "DEFAULT_VALUE", "EDITOR_TITLE_ORIENTATION", "EDITOR_END_ROW_FLAG"
            ,"EDITOR_COLS_SPAN", "LOOKUP_DISPLAY_VALUE", "EDITOR_ON_ENTER_KEY_ACTION")
     Values ('INS_INS_CONTRACT', 'CURRENCY_ID', 'Валюта', '*', 'S', '1011', 'N', 'N', '', '', '', '8', '**CURRENCY_ID'
            ,'N', 'N', 'INS_CURRENCY', '', '', '', '', '', '', '', '', 'L', 'Y', '*', '', '');

Insert Into FORM_COLUMNS
            ("FORM_CODE", "COLUMN_CODE", "COLUMN_USER_NAME", "COLUMN_DISPLAY_SIZE", "COLUMN_DATA_TYPE"
            ,"COLUMN_DISPLAY_NUMBER", "PIMARY_KEY_FLAG", "SHOW_ON_GRID", "TREE_INITIALIZATION_VALUE", "TREE_FIELD_TYPE"
            ,"EDITOR_TAB_CODE", "FIELD_TYPE", "COLUMN_DESCRIPTION", "IS_FROZEN_FLAG", "SHOW_HOVER_FLAG", "LOOKUP_CODE"
            ,"HOVER_COLUMN_CODE", "EDITOR_HEIGHT", "LOOKUP_FIELD_TYPE", "HELP_TEXT", "TEXT_MASK", "VALIDATION_REGEXP"
            ,"DEFAULT_ORDERBY_NUMBER", "DEFAULT_VALUE", "EDITOR_TITLE_ORIENTATION", "EDITOR_END_ROW_FLAG"
            ,"EDITOR_COLS_SPAN", "LOOKUP_DISPLAY_VALUE", "EDITOR_ON_ENTER_KEY_ACTION")
     Values ('INS_INS_CONTRACT', 'DATE_FINISH', 'Действителен по', '*', 'D', '1014', 'N', 'Y', '', '', 'AGREE', ''
            ,'**DATE_FINISH', 'N', 'N', '', '', '', '', '', '', '', '', '', 'L', 'Y', '*', '', '');

Insert Into FORM_COLUMNS
            ("FORM_CODE", "COLUMN_CODE", "COLUMN_USER_NAME", "COLUMN_DISPLAY_SIZE", "COLUMN_DATA_TYPE"
            ,"COLUMN_DISPLAY_NUMBER", "PIMARY_KEY_FLAG", "SHOW_ON_GRID", "TREE_INITIALIZATION_VALUE", "TREE_FIELD_TYPE"
            ,"EDITOR_TAB_CODE", "FIELD_TYPE", "COLUMN_DESCRIPTION", "IS_FROZEN_FLAG", "SHOW_HOVER_FLAG", "LOOKUP_CODE"
            ,"HOVER_COLUMN_CODE", "EDITOR_HEIGHT", "LOOKUP_FIELD_TYPE", "HELP_TEXT", "TEXT_MASK", "VALIDATION_REGEXP"
            ,"DEFAULT_ORDERBY_NUMBER", "DEFAULT_VALUE", "EDITOR_TITLE_ORIENTATION", "EDITOR_END_ROW_FLAG"
            ,"EDITOR_COLS_SPAN", "LOOKUP_DISPLAY_VALUE", "EDITOR_ON_ENTER_KEY_ACTION")
     Values ('INS_INS_CONTRACT', 'DATE_START', 'Действителен с', '*', 'D', '1013', 'N', 'Y', '', '', 'AGREE', ''
            ,'*Дата (месяц) начала действия записи', 'N', 'N', '', '', '', '', '', '', '', '', '', 'L', 'Y', '*', ''
            ,'');

Insert Into FORM_COLUMNS
            ("FORM_CODE", "COLUMN_CODE", "COLUMN_USER_NAME", "COLUMN_DISPLAY_SIZE", "COLUMN_DATA_TYPE"
            ,"COLUMN_DISPLAY_NUMBER", "PIMARY_KEY_FLAG", "SHOW_ON_GRID", "TREE_INITIALIZATION_VALUE", "TREE_FIELD_TYPE"
            ,"EDITOR_TAB_CODE", "FIELD_TYPE", "COLUMN_DESCRIPTION", "IS_FROZEN_FLAG", "SHOW_HOVER_FLAG", "LOOKUP_CODE"
            ,"HOVER_COLUMN_CODE", "EDITOR_HEIGHT", "LOOKUP_FIELD_TYPE", "HELP_TEXT", "TEXT_MASK", "VALIDATION_REGEXP"
            ,"DEFAULT_ORDERBY_NUMBER", "DEFAULT_VALUE", "EDITOR_TITLE_ORIENTATION", "EDITOR_END_ROW_FLAG"
            ,"EDITOR_COLS_SPAN", "LOOKUP_DISPLAY_VALUE", "EDITOR_ON_ENTER_KEY_ACTION")
     Values ('INS_INS_CONTRACT', 'DESCR', 'Описание', '*', 'S', '1003', 'N', 'Y', '', '', 'AGREE', '', '**DESCR', 'N'
            ,'N', '', '', '', '3', '', '', '', '', '', 'L', 'Y', '*', '', '');

Insert Into FORM_COLUMNS
            ("FORM_CODE", "COLUMN_CODE", "COLUMN_USER_NAME", "COLUMN_DISPLAY_SIZE", "COLUMN_DATA_TYPE"
            ,"COLUMN_DISPLAY_NUMBER", "PIMARY_KEY_FLAG", "SHOW_ON_GRID", "TREE_INITIALIZATION_VALUE", "TREE_FIELD_TYPE"
            ,"EDITOR_TAB_CODE", "FIELD_TYPE", "COLUMN_DESCRIPTION", "IS_FROZEN_FLAG", "SHOW_HOVER_FLAG", "LOOKUP_CODE"
            ,"HOVER_COLUMN_CODE", "EDITOR_HEIGHT", "LOOKUP_FIELD_TYPE", "HELP_TEXT", "TEXT_MASK", "VALIDATION_REGEXP"
            ,"DEFAULT_ORDERBY_NUMBER", "DEFAULT_VALUE", "EDITOR_TITLE_ORIENTATION", "EDITOR_END_ROW_FLAG"
            ,"EDITOR_COLS_SPAN", "LOOKUP_DISPLAY_VALUE", "EDITOR_ON_ENTER_KEY_ACTION")
     Values ('INS_INS_CONTRACT', 'ID', 'Id', '*', 'N', '1015', 'Y', 'N', '', '', '', '', '*2 - идентификатор записи;'
            ,'N', 'N', '', '', '', '1', '', '', '', '', '', 'L', 'N', '1', '', '');

Insert Into FORM_COLUMNS
            ("FORM_CODE", "COLUMN_CODE", "COLUMN_USER_NAME", "COLUMN_DISPLAY_SIZE", "COLUMN_DATA_TYPE"
            ,"COLUMN_DISPLAY_NUMBER", "PIMARY_KEY_FLAG", "SHOW_ON_GRID", "TREE_INITIALIZATION_VALUE", "TREE_FIELD_TYPE"
            ,"EDITOR_TAB_CODE", "FIELD_TYPE", "COLUMN_DESCRIPTION", "IS_FROZEN_FLAG", "SHOW_HOVER_FLAG", "LOOKUP_CODE"
            ,"HOVER_COLUMN_CODE", "EDITOR_HEIGHT", "LOOKUP_FIELD_TYPE", "HELP_TEXT", "TEXT_MASK", "VALIDATION_REGEXP"
            ,"DEFAULT_ORDERBY_NUMBER", "DEFAULT_VALUE", "EDITOR_TITLE_ORIENTATION", "EDITOR_END_ROW_FLAG"
            ,"EDITOR_COLS_SPAN", "LOOKUP_DISPLAY_VALUE", "EDITOR_ON_ENTER_KEY_ACTION")
     Values ('INS_INS_CONTRACT', 'INS_COMPANY_ID', 'Страховая компания', '*', 'N', '1009', 'N', 'Y', '', '', 'AGREE'
            ,'9', '**INS_COMPANY_ID', 'N', 'N', 'INS_COMPANY_LIST', '', '', '', '', '', '', '', '', 'L', 'Y', '*', ''
            ,'');

Insert Into FORM_COLUMNS
            ("FORM_CODE", "COLUMN_CODE", "COLUMN_USER_NAME", "COLUMN_DISPLAY_SIZE", "COLUMN_DATA_TYPE"
            ,"COLUMN_DISPLAY_NUMBER", "PIMARY_KEY_FLAG", "SHOW_ON_GRID", "TREE_INITIALIZATION_VALUE", "TREE_FIELD_TYPE"
            ,"EDITOR_TAB_CODE", "FIELD_TYPE", "COLUMN_DESCRIPTION", "IS_FROZEN_FLAG", "SHOW_HOVER_FLAG", "LOOKUP_CODE"
            ,"HOVER_COLUMN_CODE", "EDITOR_HEIGHT", "LOOKUP_FIELD_TYPE", "HELP_TEXT", "TEXT_MASK", "VALIDATION_REGEXP"
            ,"DEFAULT_ORDERBY_NUMBER", "DEFAULT_VALUE", "EDITOR_TITLE_ORIENTATION", "EDITOR_END_ROW_FLAG"
            ,"EDITOR_COLS_SPAN", "LOOKUP_DISPLAY_VALUE", "EDITOR_ON_ENTER_KEY_ACTION")
     Values ('INS_INS_CONTRACT', 'ORIG_REF_ID', '', '*', 'N', '1016', 'N', 'N', '', '', '', '', '**ORIG_REF_ID', 'N'
            ,'N', '', '', '', '', '', '', '', '', '', 'L', 'N', '1', '', '');

Insert Into FORM_COLUMNS
            ("FORM_CODE", "COLUMN_CODE", "COLUMN_USER_NAME", "COLUMN_DISPLAY_SIZE", "COLUMN_DATA_TYPE"
            ,"COLUMN_DISPLAY_NUMBER", "PIMARY_KEY_FLAG", "SHOW_ON_GRID", "TREE_INITIALIZATION_VALUE", "TREE_FIELD_TYPE"
            ,"EDITOR_TAB_CODE", "FIELD_TYPE", "COLUMN_DESCRIPTION", "IS_FROZEN_FLAG", "SHOW_HOVER_FLAG", "LOOKUP_CODE"
            ,"HOVER_COLUMN_CODE", "EDITOR_HEIGHT", "LOOKUP_FIELD_TYPE", "HELP_TEXT", "TEXT_MASK", "VALIDATION_REGEXP"
            ,"DEFAULT_ORDERBY_NUMBER", "DEFAULT_VALUE", "EDITOR_TITLE_ORIENTATION", "EDITOR_END_ROW_FLAG"
            ,"EDITOR_COLS_SPAN", "LOOKUP_DISPLAY_VALUE", "EDITOR_ON_ENTER_KEY_ACTION")
     Values ('INS_INS_CONTRACT', 'SUMM', 'Сумма', '*', 'N', '1010', 'N', 'Y', '', '', 'AGREE', '', '**SUMM', 'N', 'N'
            ,'', '', '', '', '', '', '', '', '', 'L', 'Y', '*', '', '');

Insert Into FORM_COLUMNS
            ("FORM_CODE", "COLUMN_CODE", "COLUMN_USER_NAME", "COLUMN_DISPLAY_SIZE", "COLUMN_DATA_TYPE"
            ,"COLUMN_DISPLAY_NUMBER", "PIMARY_KEY_FLAG", "SHOW_ON_GRID", "TREE_INITIALIZATION_VALUE", "TREE_FIELD_TYPE"
            ,"EDITOR_TAB_CODE", "FIELD_TYPE", "COLUMN_DESCRIPTION", "IS_FROZEN_FLAG", "SHOW_HOVER_FLAG", "LOOKUP_CODE"
            ,"HOVER_COLUMN_CODE", "EDITOR_HEIGHT", "LOOKUP_FIELD_TYPE", "HELP_TEXT", "TEXT_MASK", "VALIDATION_REGEXP"
            ,"DEFAULT_ORDERBY_NUMBER", "DEFAULT_VALUE", "EDITOR_TITLE_ORIENTATION", "EDITOR_END_ROW_FLAG"
            ,"EDITOR_COLS_SPAN", "LOOKUP_DISPLAY_VALUE", "EDITOR_ON_ENTER_KEY_ACTION")
     Values ('INS_INS_CONTRACT', 'UPDATED', 'Дата изменения', '*', 'D', '1007', 'N', 'N', '', '', '', '', '**UPDATED'
            ,'N', 'N', '', '', '', '', '', '', '', '', '', 'L', 'N', '1', '', '');

Insert Into FORM_COLUMNS
            ("FORM_CODE", "COLUMN_CODE", "COLUMN_USER_NAME", "COLUMN_DISPLAY_SIZE", "COLUMN_DATA_TYPE"
            ,"COLUMN_DISPLAY_NUMBER", "PIMARY_KEY_FLAG", "SHOW_ON_GRID", "TREE_INITIALIZATION_VALUE", "TREE_FIELD_TYPE"
            ,"EDITOR_TAB_CODE", "FIELD_TYPE", "COLUMN_DESCRIPTION", "IS_FROZEN_FLAG", "SHOW_HOVER_FLAG", "LOOKUP_CODE"
            ,"HOVER_COLUMN_CODE", "EDITOR_HEIGHT", "LOOKUP_FIELD_TYPE", "HELP_TEXT", "TEXT_MASK", "VALIDATION_REGEXP"
            ,"DEFAULT_ORDERBY_NUMBER", "DEFAULT_VALUE", "EDITOR_TITLE_ORIENTATION", "EDITOR_END_ROW_FLAG"
            ,"EDITOR_COLS_SPAN", "LOOKUP_DISPLAY_VALUE", "EDITOR_ON_ENTER_KEY_ACTION")
     Values ('INS_INS_CONTRACT', 'UPDATED_BY', 'Изменил', '*', 'N', '1006', 'N', 'N', '', '', '', '9', '**UPDATED_BY'
            ,'N', 'N', 'USERS', '', '', '', '', '', '', '', '', 'L', 'N', '1', '', '');

Alter Table forms Enable VALIDATE Constraint forms_form_actions_fk;
Alter Table FORMS Enable All Triggers;

/*****************INS_INS_INSURED*********************/
Alter Table FORMS Disable All Triggers;
Alter Table forms Disable Constraint forms_form_actions_fk;
Delete From FORM_COLUMNS
      Where form_code = 'INS_INS_INSURED';
Delete From FORM_COLUMNS$
      Where form_code = 'INS_INS_INSURED';
Delete From FORM_ACTIONS
      Where form_code = 'INS_INS_INSURED';
Delete From FORM_TABS
      Where form_code = 'INS_INS_INSURED';
Delete From FORMS
      Where form_code = 'INS_INS_INSURED';
/*  Form: INS_INS_INSURED. Entity: FORMS.  */

Insert Into FORMS
            ("FORM_CODE", "HOT_KEY", "SQL_TEXT", "FORM_NAME", "FORM_TYPE", "SHOW_TREE_ROOT_NODE", "ICON_ID"
            ,"FORM_WIDTH", "FORM_HEIGHT", "BOTTOM_TABS_ORIENTATION", "SIDE_TABS_ORIENTATION", "SHOW_BOTTOM_TOOLBAR"
            ,"OBJECT_VERSION_NUMBER", "DEFAULT_COLUMN_WIDTH", "DESCRIPTION", "DOUBLE_CLICK_ACTION_CODE", "LOOKUP_WIDTH"
            ,"APPS_CODE", "EXPORT_ORDER")
     Values ('INS_INS_INSURED', ''
            ,'Select t.*
  From Table (ins.ins_insured_pkg.get_ins_list (:fio
                                               ,:card_no
                                               ,:p_$master_form_code
                                               ,DECODE (:p_$master_form_code
                                                       ,''INS_INS_CONTRACT'', :Id
                                                       ,''INS_INS_ACCOUNT_LINES'', :insured_id
                                                       )
                                               ,:client_company
                                               ,:ins_company
                                               )
             ) t
----
'
            ,'Застрахованные', 'G', 'Y', '', '*', '40%', '', '', 'Y', '257', '*', '', 'DET_FRM_V', '', 'INS', '100');
/*  Form: INS_INS_INSURED. Entity: FORM_TABS.  */

Insert Into FORM_TABS
            ("FORM_CODE", "TAB_CODE", "CHILD_FORM_CODE", "TAB_POSITION", "TAB_NAME", "NUMBER_OF_COLUMNS", "ICON_ID"
            ,"TAB_TYPE", "TAB_DISPLAY_NUMBER")
     Values ('INS_INS_INSURED', 'ACCNT_LINES', 'INS_INS_ACCOUNT_LINES', 'B', 'Мед.услуги', '', '7', '2', '3');

Insert Into FORM_TABS
            ("FORM_CODE", "TAB_CODE", "CHILD_FORM_CODE", "TAB_POSITION", "TAB_NAME", "NUMBER_OF_COLUMNS", "ICON_ID"
            ,"TAB_TYPE", "TAB_DISPLAY_NUMBER")
     Values ('INS_INS_INSURED', 'DETAILS', '', 'B', 'Сведения', '8', '13', '1', '1');

Insert Into FORM_TABS
            ("FORM_CODE", "TAB_CODE", "CHILD_FORM_CODE", "TAB_POSITION", "TAB_NAME", "NUMBER_OF_COLUMNS", "ICON_ID"
            ,"TAB_TYPE", "TAB_DISPLAY_NUMBER")
     Values ('INS_INS_INSURED', 'INS_CAT', 'INS_INS_INSURED_CATEGORY', 'B', 'Лимиты', '', '25', '2', '2');

Insert Into FORM_TABS
            ("FORM_CODE", "TAB_CODE", "CHILD_FORM_CODE", "TAB_POSITION", "TAB_NAME", "NUMBER_OF_COLUMNS", "ICON_ID"
            ,"TAB_TYPE", "TAB_DISPLAY_NUMBER")
     Values ('INS_INS_INSURED', 'VISITS', 'INS_INS_VISITS', 'B', 'Визиты', '', '11', '2', '4');
/*  Form: INS_INS_INSURED. Entity: FORM_ACTIONS.  */

Insert Into FORM_ACTIONS
            ("FORM_CODE", "ACTION_CODE", "PROCEDURE_NAME", "ACTION_DISPLAY_NAME", "ICON_ID", "DEFAULT_PARAM_PREFIX"
            ,"DEFAULT_OLD_PARAM_PREFIX", "ACTION_TYPE", "DISPLAY_NUMBER", "CONFIRM_TEXT", "HOT_KEY"
            ,"SHOW_SEPARATOR_BELOW", "DISPLAY_ON_TOOLBAR", "CHILD_FORM_CODE")
     Values ('INS_INS_INSURED', 'DEL', 'INS_INSURED_PKG.p_delete', 'Удалить', '48', '', '', '3', '130'
            ,'Вы уверенны что хотите удалить запись?', '', 'N', 'Y', '');

Insert Into FORM_ACTIONS
            ("FORM_CODE", "ACTION_CODE", "PROCEDURE_NAME", "ACTION_DISPLAY_NAME", "ICON_ID", "DEFAULT_PARAM_PREFIX"
            ,"DEFAULT_OLD_PARAM_PREFIX", "ACTION_TYPE", "DISPLAY_NUMBER", "CONFIRM_TEXT", "HOT_KEY"
            ,"SHOW_SEPARATOR_BELOW", "DISPLAY_ON_TOOLBAR", "CHILD_FORM_CODE")
     Values ('INS_INS_INSURED', 'DET_FRM_V', '', ':CARD_NO - вкладка', '103', '', '', '10', '210', '', '', 'N', 'N'
            ,'INS_INS_INSURED');

Insert Into FORM_ACTIONS
            ("FORM_CODE", "ACTION_CODE", "PROCEDURE_NAME", "ACTION_DISPLAY_NAME", "ICON_ID", "DEFAULT_PARAM_PREFIX"
            ,"DEFAULT_OLD_PARAM_PREFIX", "ACTION_TYPE", "DISPLAY_NUMBER", "CONFIRM_TEXT", "HOT_KEY"
            ,"SHOW_SEPARATOR_BELOW", "DISPLAY_ON_TOOLBAR", "CHILD_FORM_CODE")
     Values ('INS_INS_INSURED', 'EDIT', '', 'Редактировать', '50', '', '', '8', '115', 'Вы уверенны?', '', 'N', 'Y', '');

Insert Into FORM_ACTIONS
            ("FORM_CODE", "ACTION_CODE", "PROCEDURE_NAME", "ACTION_DISPLAY_NAME", "ICON_ID", "DEFAULT_PARAM_PREFIX"
            ,"DEFAULT_OLD_PARAM_PREFIX", "ACTION_TYPE", "DISPLAY_NUMBER", "CONFIRM_TEXT", "HOT_KEY"
            ,"SHOW_SEPARATOR_BELOW", "DISPLAY_ON_TOOLBAR", "CHILD_FORM_CODE")
     Values ('INS_INS_INSURED', 'FLT', '', 'Фильтр', '34', '', '', '9', '200', '', '', 'N', 'Y', '');

Insert Into FORM_ACTIONS
            ("FORM_CODE", "ACTION_CODE", "PROCEDURE_NAME", "ACTION_DISPLAY_NAME", "ICON_ID", "DEFAULT_PARAM_PREFIX"
            ,"DEFAULT_OLD_PARAM_PREFIX", "ACTION_TYPE", "DISPLAY_NUMBER", "CONFIRM_TEXT", "HOT_KEY"
            ,"SHOW_SEPARATOR_BELOW", "DISPLAY_ON_TOOLBAR", "CHILD_FORM_CODE")
     Values ('INS_INS_INSURED', 'INS', '', 'Создать', '47', '', '', '1', '110', '', '', 'N', 'Y', '');

Insert Into FORM_ACTIONS
            ("FORM_CODE", "ACTION_CODE", "PROCEDURE_NAME", "ACTION_DISPLAY_NAME", "ICON_ID", "DEFAULT_PARAM_PREFIX"
            ,"DEFAULT_OLD_PARAM_PREFIX", "ACTION_TYPE", "DISPLAY_NUMBER", "CONFIRM_TEXT", "HOT_KEY"
            ,"SHOW_SEPARATOR_BELOW", "DISPLAY_ON_TOOLBAR", "CHILD_FORM_CODE")
     Values ('INS_INS_INSURED', 'REFR', '', 'Обновить', '15', '', '', '4', '10', '', '', 'N', 'Y', '');

Insert Into FORM_ACTIONS
            ("FORM_CODE", "ACTION_CODE", "PROCEDURE_NAME", "ACTION_DISPLAY_NAME", "ICON_ID", "DEFAULT_PARAM_PREFIX"
            ,"DEFAULT_OLD_PARAM_PREFIX", "ACTION_TYPE", "DISPLAY_NUMBER", "CONFIRM_TEXT", "HOT_KEY"
            ,"SHOW_SEPARATOR_BELOW", "DISPLAY_ON_TOOLBAR", "CHILD_FORM_CODE")
     Values ('INS_INS_INSURED', 'UPD', 'INS_INSURED_PKG.p_ins_upd', 'Сохранить', '46', '', '', '2', '120'
            ,'Вы уверенны?', '', 'N', 'Y', '');
/*  Form: INS_INS_INSURED. Entity: FORM_COLUMNS$.  */

Insert Into FORM_COLUMNS$
            ("COL_NUM", "COL_TYPE", "COL_MAX_LEN", "COL_NAME", "COL_NAME_LEN", "COL_PRECISION", "COL_SCALE"
            ,"FORM_CODE", "PIMARY_KEY_FLAG", "DEFAULT_COLUMN_WIDTH", "COLUMN_DESCRIPTION")
     Values ('5', 'VARCHAR2', '6144', 'ADDRESS', '7', '0', '0', 'INS_INS_INSURED', '', '*'
            ,'*address of the subscriber');

Insert Into FORM_COLUMNS$
            ("COL_NUM", "COL_TYPE", "COL_MAX_LEN", "COL_NAME", "COL_NAME_LEN", "COL_PRECISION", "COL_SCALE"
            ,"FORM_CODE", "PIMARY_KEY_FLAG", "DEFAULT_COLUMN_WIDTH", "COLUMN_DESCRIPTION")
     Values ('14', 'NUMBER', '22', 'ATTACHED_TO_ID', '14', '0', '0', 'INS_INS_INSURED', '', '*', '**ATTACHED_TO_ID');

Insert Into FORM_COLUMNS$
            ("COL_NUM", "COL_TYPE", "COL_MAX_LEN", "COL_NAME", "COL_NAME_LEN", "COL_PRECISION", "COL_SCALE"
            ,"FORM_CODE", "PIMARY_KEY_FLAG", "DEFAULT_COLUMN_WIDTH", "COLUMN_DESCRIPTION")
     Values ('16', 'NUMBER', '22', 'BALANCE_CAT5', '12', '0', '0', 'INS_INS_INSURED', '', '*', '**BALANCE_CAT5');

Insert Into FORM_COLUMNS$
            ("COL_NUM", "COL_TYPE", "COL_MAX_LEN", "COL_NAME", "COL_NAME_LEN", "COL_PRECISION", "COL_SCALE"
            ,"FORM_CODE", "PIMARY_KEY_FLAG", "DEFAULT_COLUMN_WIDTH", "COLUMN_DESCRIPTION")
     Values ('15', 'NUMBER', '22', 'BALANCE_CAT9', '12', '0', '0', 'INS_INS_INSURED', '', '*', '**BALANCE_CAT9');

Insert Into FORM_COLUMNS$
            ("COL_NUM", "COL_TYPE", "COL_MAX_LEN", "COL_NAME", "COL_NAME_LEN", "COL_PRECISION", "COL_SCALE"
            ,"FORM_CODE", "PIMARY_KEY_FLAG", "DEFAULT_COLUMN_WIDTH", "COLUMN_DESCRIPTION")
     Values ('3', 'VARCHAR2', '384', 'CARD_NO', '7', '0', '0', 'INS_INS_INSURED', '', '*', '*в) № Карты');

Insert Into FORM_COLUMNS$
            ("COL_NUM", "COL_TYPE", "COL_MAX_LEN", "COL_NAME", "COL_NAME_LEN", "COL_PRECISION", "COL_SCALE"
            ,"FORM_CODE", "PIMARY_KEY_FLAG", "DEFAULT_COLUMN_WIDTH", "COLUMN_DESCRIPTION")
     Values ('27', 'NUMBER', '22', 'CITY_CODE', '9', '0', '0', 'INS_INS_INSURED', '', '*', '*Наименование');

Insert Into FORM_COLUMNS$
            ("COL_NUM", "COL_TYPE", "COL_MAX_LEN", "COL_NAME", "COL_NAME_LEN", "COL_PRECISION", "COL_SCALE"
            ,"FORM_CODE", "PIMARY_KEY_FLAG", "DEFAULT_COLUMN_WIDTH", "COLUMN_DESCRIPTION")
     Values ('23', 'VARCHAR2', '6144', 'CLIENT_COMPANY_NAME', '19', '0', '0', 'INS_INS_INSURED', '', '*'
            ,'**CLIENT_COMPANY_NAME');

Insert Into FORM_COLUMNS$
            ("COL_NUM", "COL_TYPE", "COL_MAX_LEN", "COL_NAME", "COL_NAME_LEN", "COL_PRECISION", "COL_SCALE"
            ,"FORM_CODE", "PIMARY_KEY_FLAG", "DEFAULT_COLUMN_WIDTH", "COLUMN_DESCRIPTION")
     Values ('11', 'DATE', '21', 'CONTRACT_FINISH_DATE', '20', '0', '0', 'INS_INS_INSURED', '', '*'
            ,'**CONTRACT_FINISH_DATE');

Insert Into FORM_COLUMNS$
            ("COL_NUM", "COL_TYPE", "COL_MAX_LEN", "COL_NAME", "COL_NAME_LEN", "COL_PRECISION", "COL_SCALE"
            ,"FORM_CODE", "PIMARY_KEY_FLAG", "DEFAULT_COLUMN_WIDTH", "COLUMN_DESCRIPTION")
     Values ('8', 'NUMBER', '22', 'CONTRACT_ID', '11', '0', '0', 'INS_INS_INSURED', '', '*', '**CONTRACT_ID');

Insert Into FORM_COLUMNS$
            ("COL_NUM", "COL_TYPE", "COL_MAX_LEN", "COL_NAME", "COL_NAME_LEN", "COL_PRECISION", "COL_SCALE"
            ,"FORM_CODE", "PIMARY_KEY_FLAG", "DEFAULT_COLUMN_WIDTH", "COLUMN_DESCRIPTION")
     Values ('25', 'VARCHAR2', '384', 'CONTRACT_NO', '11', '0', '0', 'INS_INS_INSURED', '', '*', '**CONTRACT_NO');

Insert Into FORM_COLUMNS$
            ("COL_NUM", "COL_TYPE", "COL_MAX_LEN", "COL_NAME", "COL_NAME_LEN", "COL_PRECISION", "COL_SCALE"
            ,"FORM_CODE", "PIMARY_KEY_FLAG", "DEFAULT_COLUMN_WIDTH", "COLUMN_DESCRIPTION")
     Values ('10', 'DATE', '21', 'CONTRACT_START_DATE', '19', '0', '0', 'INS_INS_INSURED', '', '*'
            ,'**CONTRACT_START_DATE');

Insert Into FORM_COLUMNS$
            ("COL_NUM", "COL_TYPE", "COL_MAX_LEN", "COL_NAME", "COL_NAME_LEN", "COL_PRECISION", "COL_SCALE"
            ,"FORM_CODE", "PIMARY_KEY_FLAG", "DEFAULT_COLUMN_WIDTH", "COLUMN_DESCRIPTION")
     Values ('19', 'DATE', '21', 'CREATED', '7', '0', '0', 'INS_INS_INSURED', '', '*'
            ,'*Creation date of the change set');

Insert Into FORM_COLUMNS$
            ("COL_NUM", "COL_TYPE", "COL_MAX_LEN", "COL_NAME", "COL_NAME_LEN", "COL_PRECISION", "COL_SCALE"
            ,"FORM_CODE", "PIMARY_KEY_FLAG", "DEFAULT_COLUMN_WIDTH", "COLUMN_DESCRIPTION")
     Values ('18', 'NUMBER', '22', 'CREATED_BY', '10', '0', '0', 'INS_INS_INSURED', '', '*'
            ,'*Auditing; user that created the record.');

Insert Into FORM_COLUMNS$
            ("COL_NUM", "COL_TYPE", "COL_MAX_LEN", "COL_NAME", "COL_NAME_LEN", "COL_PRECISION", "COL_SCALE"
            ,"FORM_CODE", "PIMARY_KEY_FLAG", "DEFAULT_COLUMN_WIDTH", "COLUMN_DESCRIPTION")
     Values ('7', 'DATE', '21', 'DATE_OF_BIRTH', '13', '0', '0', 'INS_INS_INSURED', '', '*', '**DATE_OF_BIRTH');

Insert Into FORM_COLUMNS$
            ("COL_NUM", "COL_TYPE", "COL_MAX_LEN", "COL_NAME", "COL_NAME_LEN", "COL_PRECISION", "COL_SCALE"
            ,"FORM_CODE", "PIMARY_KEY_FLAG", "DEFAULT_COLUMN_WIDTH", "COLUMN_DESCRIPTION")
     Values ('4', 'VARCHAR2', '1536', 'FIO', '3', '0', '0', 'INS_INS_INSURED', '', '*', '*ФИО');

Insert Into FORM_COLUMNS$
            ("COL_NUM", "COL_TYPE", "COL_MAX_LEN", "COL_NAME", "COL_NAME_LEN", "COL_PRECISION", "COL_SCALE"
            ,"FORM_CODE", "PIMARY_KEY_FLAG", "DEFAULT_COLUMN_WIDTH", "COLUMN_DESCRIPTION")
     Values ('1', 'NUMBER', '22', 'ID', '2', '0', '0', 'INS_INS_INSURED', '', '*', '*2 - идентификатор записи;');

Insert Into FORM_COLUMNS$
            ("COL_NUM", "COL_TYPE", "COL_MAX_LEN", "COL_NAME", "COL_NAME_LEN", "COL_PRECISION", "COL_SCALE"
            ,"FORM_CODE", "PIMARY_KEY_FLAG", "DEFAULT_COLUMN_WIDTH", "COLUMN_DESCRIPTION")
     Values ('17', 'VARCHAR2', '8000', 'INFO', '4', '0', '0', 'INS_INS_INSURED', '', '*', '**INFO');

Insert Into FORM_COLUMNS$
            ("COL_NUM", "COL_TYPE", "COL_MAX_LEN", "COL_NAME", "COL_NAME_LEN", "COL_PRECISION", "COL_SCALE"
            ,"FORM_CODE", "PIMARY_KEY_FLAG", "DEFAULT_COLUMN_WIDTH", "COLUMN_DESCRIPTION")
     Values ('2', 'NUMBER', '22', 'INSURED_ID', '10', '0', '0', 'INS_INS_INSURED', '', '*', '**INSURED_ID');

Insert Into FORM_COLUMNS$
            ("COL_NUM", "COL_TYPE", "COL_MAX_LEN", "COL_NAME", "COL_NAME_LEN", "COL_PRECISION", "COL_SCALE"
            ,"FORM_CODE", "PIMARY_KEY_FLAG", "DEFAULT_COLUMN_WIDTH", "COLUMN_DESCRIPTION")
     Values ('24', 'VARCHAR2', '6144', 'INS_COMPANY_NAME', '16', '0', '0', 'INS_INS_INSURED', '', '*'
            ,'**INS_COMPANY_NAME');

Insert Into FORM_COLUMNS$
            ("COL_NUM", "COL_TYPE", "COL_MAX_LEN", "COL_NAME", "COL_NAME_LEN", "COL_PRECISION", "COL_SCALE"
            ,"FORM_CODE", "PIMARY_KEY_FLAG", "DEFAULT_COLUMN_WIDTH", "COLUMN_DESCRIPTION")
     Values ('28', 'NUMBER', '22', 'INS_PREMIUM', '11', '0', '0', 'INS_INS_INSURED', '', '*', '**INS_PREMIUM');

Insert Into FORM_COLUMNS$
            ("COL_NUM", "COL_TYPE", "COL_MAX_LEN", "COL_NAME", "COL_NAME_LEN", "COL_PRECISION", "COL_SCALE"
            ,"FORM_CODE", "PIMARY_KEY_FLAG", "DEFAULT_COLUMN_WIDTH", "COLUMN_DESCRIPTION")
     Values ('26', 'VARCHAR2', '40', 'ISUNION', '7', '0', '0', 'INS_INS_INSURED', '', '*', '**ISUNION');

Insert Into FORM_COLUMNS$
            ("COL_NUM", "COL_TYPE", "COL_MAX_LEN", "COL_NAME", "COL_NAME_LEN", "COL_PRECISION", "COL_SCALE"
            ,"FORM_CODE", "PIMARY_KEY_FLAG", "DEFAULT_COLUMN_WIDTH", "COLUMN_DESCRIPTION")
     Values ('12', 'VARCHAR2', '4', 'LIMIT_FOR_ALL_FAMILY', '20', '0', '0', 'INS_INS_INSURED', '', '*'
            ,'**LIMIT_FOR_ALL_FAMILY');

Insert Into FORM_COLUMNS$
            ("COL_NUM", "COL_TYPE", "COL_MAX_LEN", "COL_NAME", "COL_NAME_LEN", "COL_PRECISION", "COL_SCALE"
            ,"FORM_CODE", "PIMARY_KEY_FLAG", "DEFAULT_COLUMN_WIDTH", "COLUMN_DESCRIPTION")
     Values ('22', 'NUMBER', '22', 'ORIG_REF_ID', '11', '0', '0', 'INS_INS_INSURED', '', '*', '**ORIG_REF_ID');

Insert Into FORM_COLUMNS$
            ("COL_NUM", "COL_TYPE", "COL_MAX_LEN", "COL_NAME", "COL_NAME_LEN", "COL_PRECISION", "COL_SCALE"
            ,"FORM_CODE", "PIMARY_KEY_FLAG", "DEFAULT_COLUMN_WIDTH", "COLUMN_DESCRIPTION")
     Values ('6', 'VARCHAR2', '1536', 'PHONE', '5', '0', '0', 'INS_INS_INSURED', '', '*', '**PHONE');

Insert Into FORM_COLUMNS$
            ("COL_NUM", "COL_TYPE", "COL_MAX_LEN", "COL_NAME", "COL_NAME_LEN", "COL_PRECISION", "COL_SCALE"
            ,"FORM_CODE", "PIMARY_KEY_FLAG", "DEFAULT_COLUMN_WIDTH", "COLUMN_DESCRIPTION")
     Values ('9', 'VARCHAR2', '1020', 'PROGRAM_CODE', '12', '0', '0', 'INS_INS_INSURED', '', '*', '**PROGRAM_CODE');

Insert Into FORM_COLUMNS$
            ("COL_NUM", "COL_TYPE", "COL_MAX_LEN", "COL_NAME", "COL_NAME_LEN", "COL_PRECISION", "COL_SCALE"
            ,"FORM_CODE", "PIMARY_KEY_FLAG", "DEFAULT_COLUMN_WIDTH", "COLUMN_DESCRIPTION")
     Values ('13', 'VARCHAR2', '160', 'SEX', '3', '0', '0', 'INS_INS_INSURED', '', '*', '**SEX');

Insert Into FORM_COLUMNS$
            ("COL_NUM", "COL_TYPE", "COL_MAX_LEN", "COL_NAME", "COL_NAME_LEN", "COL_PRECISION", "COL_SCALE"
            ,"FORM_CODE", "PIMARY_KEY_FLAG", "DEFAULT_COLUMN_WIDTH", "COLUMN_DESCRIPTION")
     Values ('21', 'DATE', '21', 'UPDATED', '7', '0', '0', 'INS_INS_INSURED', '', '*', '**UPDATED');

Insert Into FORM_COLUMNS$
            ("COL_NUM", "COL_TYPE", "COL_MAX_LEN", "COL_NAME", "COL_NAME_LEN", "COL_PRECISION", "COL_SCALE"
            ,"FORM_CODE", "PIMARY_KEY_FLAG", "DEFAULT_COLUMN_WIDTH", "COLUMN_DESCRIPTION")
     Values ('20', 'NUMBER', '22', 'UPDATED_BY', '10', '0', '0', 'INS_INS_INSURED', '', '*', '**UPDATED_BY');
/*  Form: INS_INS_INSURED. Entity: FORM_COLUMNS.  */

Insert Into FORM_COLUMNS
            ("FORM_CODE", "COLUMN_CODE", "COLUMN_USER_NAME", "COLUMN_DISPLAY_SIZE", "COLUMN_DATA_TYPE"
            ,"COLUMN_DISPLAY_NUMBER", "PIMARY_KEY_FLAG", "SHOW_ON_GRID", "TREE_INITIALIZATION_VALUE", "TREE_FIELD_TYPE"
            ,"EDITOR_TAB_CODE", "FIELD_TYPE", "COLUMN_DESCRIPTION", "IS_FROZEN_FLAG", "SHOW_HOVER_FLAG", "LOOKUP_CODE"
            ,"HOVER_COLUMN_CODE", "EDITOR_HEIGHT", "LOOKUP_FIELD_TYPE", "HELP_TEXT", "TEXT_MASK", "VALIDATION_REGEXP"
            ,"DEFAULT_ORDERBY_NUMBER", "DEFAULT_VALUE", "EDITOR_TITLE_ORIENTATION", "EDITOR_END_ROW_FLAG"
            ,"EDITOR_COLS_SPAN", "LOOKUP_DISPLAY_VALUE", "EDITOR_ON_ENTER_KEY_ACTION")
     Values ('INS_INS_INSURED', 'ADDRESS', 'Адрес', '*', 'S', '100', 'N', 'N', '', '', 'DETAILS', '4'
            ,'*address of the subscriber', 'N', 'N', '', '', '40', '', '', '', '', '', '', 'L', 'Y', '*', '', '');

Insert Into FORM_COLUMNS
            ("FORM_CODE", "COLUMN_CODE", "COLUMN_USER_NAME", "COLUMN_DISPLAY_SIZE", "COLUMN_DATA_TYPE"
            ,"COLUMN_DISPLAY_NUMBER", "PIMARY_KEY_FLAG", "SHOW_ON_GRID", "TREE_INITIALIZATION_VALUE", "TREE_FIELD_TYPE"
            ,"EDITOR_TAB_CODE", "FIELD_TYPE", "COLUMN_DESCRIPTION", "IS_FROZEN_FLAG", "SHOW_HOVER_FLAG", "LOOKUP_CODE"
            ,"HOVER_COLUMN_CODE", "EDITOR_HEIGHT", "LOOKUP_FIELD_TYPE", "HELP_TEXT", "TEXT_MASK", "VALIDATION_REGEXP"
            ,"DEFAULT_ORDERBY_NUMBER", "DEFAULT_VALUE", "EDITOR_TITLE_ORIENTATION", "EDITOR_END_ROW_FLAG"
            ,"EDITOR_COLS_SPAN", "LOOKUP_DISPLAY_VALUE", "EDITOR_ON_ENTER_KEY_ACTION")
     Values ('INS_INS_INSURED', 'ATTACHED_TO_ID', 'Прикреплен к', '*', 'N', '7', 'N', 'N', '', '2', 'DETAILS', '9'
            ,'**ATTACHED_TO_ID', 'N', 'N', 'INS_INS_INSURED_LIST', '', '', '', '', '', '', '', '', 'L', 'Y', '*', ''
            ,'');

Insert Into FORM_COLUMNS
            ("FORM_CODE", "COLUMN_CODE", "COLUMN_USER_NAME", "COLUMN_DISPLAY_SIZE", "COLUMN_DATA_TYPE"
            ,"COLUMN_DISPLAY_NUMBER", "PIMARY_KEY_FLAG", "SHOW_ON_GRID", "TREE_INITIALIZATION_VALUE", "TREE_FIELD_TYPE"
            ,"EDITOR_TAB_CODE", "FIELD_TYPE", "COLUMN_DESCRIPTION", "IS_FROZEN_FLAG", "SHOW_HOVER_FLAG", "LOOKUP_CODE"
            ,"HOVER_COLUMN_CODE", "EDITOR_HEIGHT", "LOOKUP_FIELD_TYPE", "HELP_TEXT", "TEXT_MASK", "VALIDATION_REGEXP"
            ,"DEFAULT_ORDERBY_NUMBER", "DEFAULT_VALUE", "EDITOR_TITLE_ORIENTATION", "EDITOR_END_ROW_FLAG"
            ,"EDITOR_COLS_SPAN", "LOOKUP_DISPLAY_VALUE", "EDITOR_ON_ENTER_KEY_ACTION")
     Values ('INS_INS_INSURED', 'BALANCE_CAT5', 'Остаток.Стом.', '80', 'S', '50', 'N', 'Y', '', '', 'DETAILS', ''
            ,'**BALANCE_CAT5', 'N', 'N', '', '', '', '', '', '', '', '', '', 'L', 'N', '1', '', '');

Insert Into FORM_COLUMNS
            ("FORM_CODE", "COLUMN_CODE", "COLUMN_USER_NAME", "COLUMN_DISPLAY_SIZE", "COLUMN_DATA_TYPE"
            ,"COLUMN_DISPLAY_NUMBER", "PIMARY_KEY_FLAG", "SHOW_ON_GRID", "TREE_INITIALIZATION_VALUE", "TREE_FIELD_TYPE"
            ,"EDITOR_TAB_CODE", "FIELD_TYPE", "COLUMN_DESCRIPTION", "IS_FROZEN_FLAG", "SHOW_HOVER_FLAG", "LOOKUP_CODE"
            ,"HOVER_COLUMN_CODE", "EDITOR_HEIGHT", "LOOKUP_FIELD_TYPE", "HELP_TEXT", "TEXT_MASK", "VALIDATION_REGEXP"
            ,"DEFAULT_ORDERBY_NUMBER", "DEFAULT_VALUE", "EDITOR_TITLE_ORIENTATION", "EDITOR_END_ROW_FLAG"
            ,"EDITOR_COLS_SPAN", "LOOKUP_DISPLAY_VALUE", "EDITOR_ON_ENTER_KEY_ACTION")
     Values ('INS_INS_INSURED', 'BALANCE_CAT9', 'Остаток.Мед.', '80', 'S', '40', 'N', 'Y', '', '', 'DETAILS', ''
            ,'**BALANCE_CAT9', 'N', 'N', '', '', '', '', '', '', '', '', '', 'L', 'N', '1', '', '');

Insert Into FORM_COLUMNS
            ("FORM_CODE", "COLUMN_CODE", "COLUMN_USER_NAME", "COLUMN_DISPLAY_SIZE", "COLUMN_DATA_TYPE"
            ,"COLUMN_DISPLAY_NUMBER", "PIMARY_KEY_FLAG", "SHOW_ON_GRID", "TREE_INITIALIZATION_VALUE", "TREE_FIELD_TYPE"
            ,"EDITOR_TAB_CODE", "FIELD_TYPE", "COLUMN_DESCRIPTION", "IS_FROZEN_FLAG", "SHOW_HOVER_FLAG", "LOOKUP_CODE"
            ,"HOVER_COLUMN_CODE", "EDITOR_HEIGHT", "LOOKUP_FIELD_TYPE", "HELP_TEXT", "TEXT_MASK", "VALIDATION_REGEXP"
            ,"DEFAULT_ORDERBY_NUMBER", "DEFAULT_VALUE", "EDITOR_TITLE_ORIENTATION", "EDITOR_END_ROW_FLAG"
            ,"EDITOR_COLS_SPAN", "LOOKUP_DISPLAY_VALUE", "EDITOR_ON_ENTER_KEY_ACTION")
     Values ('INS_INS_INSURED', 'CARD_NO', '№ Карты', '100', 'S', '20', 'N', 'Y', '', '', 'DETAILS', '', '**CARD_NO'
            ,'N', 'N', '', '', '', '3', '', '', '', '', '', 'L', 'N', '2', '', '');

Insert Into FORM_COLUMNS
            ("FORM_CODE", "COLUMN_CODE", "COLUMN_USER_NAME", "COLUMN_DISPLAY_SIZE", "COLUMN_DATA_TYPE"
            ,"COLUMN_DISPLAY_NUMBER", "PIMARY_KEY_FLAG", "SHOW_ON_GRID", "TREE_INITIALIZATION_VALUE", "TREE_FIELD_TYPE"
            ,"EDITOR_TAB_CODE", "FIELD_TYPE", "COLUMN_DESCRIPTION", "IS_FROZEN_FLAG", "SHOW_HOVER_FLAG", "LOOKUP_CODE"
            ,"HOVER_COLUMN_CODE", "EDITOR_HEIGHT", "LOOKUP_FIELD_TYPE", "HELP_TEXT", "TEXT_MASK", "VALIDATION_REGEXP"
            ,"DEFAULT_ORDERBY_NUMBER", "DEFAULT_VALUE", "EDITOR_TITLE_ORIENTATION", "EDITOR_END_ROW_FLAG"
            ,"EDITOR_COLS_SPAN", "LOOKUP_DISPLAY_VALUE", "EDITOR_ON_ENTER_KEY_ACTION")
     Values ('INS_INS_INSURED', 'CITY_CODE', 'Город', '100', 'S', '1027', 'N', 'Y', '', '', 'DETAILS', '8'
            ,'*Наименование', 'N', 'N', 'INS_CITY', '', '', '', '', '', '', '', '', 'L', 'N', '2', '', '');

Insert Into FORM_COLUMNS
            ("FORM_CODE", "COLUMN_CODE", "COLUMN_USER_NAME", "COLUMN_DISPLAY_SIZE", "COLUMN_DATA_TYPE"
            ,"COLUMN_DISPLAY_NUMBER", "PIMARY_KEY_FLAG", "SHOW_ON_GRID", "TREE_INITIALIZATION_VALUE", "TREE_FIELD_TYPE"
            ,"EDITOR_TAB_CODE", "FIELD_TYPE", "COLUMN_DESCRIPTION", "IS_FROZEN_FLAG", "SHOW_HOVER_FLAG", "LOOKUP_CODE"
            ,"HOVER_COLUMN_CODE", "EDITOR_HEIGHT", "LOOKUP_FIELD_TYPE", "HELP_TEXT", "TEXT_MASK", "VALIDATION_REGEXP"
            ,"DEFAULT_ORDERBY_NUMBER", "DEFAULT_VALUE", "EDITOR_TITLE_ORIENTATION", "EDITOR_END_ROW_FLAG"
            ,"EDITOR_COLS_SPAN", "LOOKUP_DISPLAY_VALUE", "EDITOR_ON_ENTER_KEY_ACTION")
     Values ('INS_INS_INSURED', 'CLIENT_COMPANY_NAME', 'Клиент', '180', 'S', '150', 'N', 'Y', '', '', '', ''
            ,'**CLIENT_COMPANY_NAME', 'N', 'N', '', '', '', '', '', '', '', '', '', 'L', 'Y', '*', '', '');

Insert Into FORM_COLUMNS
            ("FORM_CODE", "COLUMN_CODE", "COLUMN_USER_NAME", "COLUMN_DISPLAY_SIZE", "COLUMN_DATA_TYPE"
            ,"COLUMN_DISPLAY_NUMBER", "PIMARY_KEY_FLAG", "SHOW_ON_GRID", "TREE_INITIALIZATION_VALUE", "TREE_FIELD_TYPE"
            ,"EDITOR_TAB_CODE", "FIELD_TYPE", "COLUMN_DESCRIPTION", "IS_FROZEN_FLAG", "SHOW_HOVER_FLAG", "LOOKUP_CODE"
            ,"HOVER_COLUMN_CODE", "EDITOR_HEIGHT", "LOOKUP_FIELD_TYPE", "HELP_TEXT", "TEXT_MASK", "VALIDATION_REGEXP"
            ,"DEFAULT_ORDERBY_NUMBER", "DEFAULT_VALUE", "EDITOR_TITLE_ORIENTATION", "EDITOR_END_ROW_FLAG"
            ,"EDITOR_COLS_SPAN", "LOOKUP_DISPLAY_VALUE", "EDITOR_ON_ENTER_KEY_ACTION")
     Values ('INS_INS_INSURED', 'CONTRACT_FINISH_DATE', 'По', '80', 'D', '130', 'N', 'Y', '', '', 'DETAILS', ''
            ,'**CONTRACT_FINISH_DATE', 'N', 'N', '', '', '', '', '', '', '', '', '', 'L', 'Y', '1', '', '');

Insert Into FORM_COLUMNS
            ("FORM_CODE", "COLUMN_CODE", "COLUMN_USER_NAME", "COLUMN_DISPLAY_SIZE", "COLUMN_DATA_TYPE"
            ,"COLUMN_DISPLAY_NUMBER", "PIMARY_KEY_FLAG", "SHOW_ON_GRID", "TREE_INITIALIZATION_VALUE", "TREE_FIELD_TYPE"
            ,"EDITOR_TAB_CODE", "FIELD_TYPE", "COLUMN_DESCRIPTION", "IS_FROZEN_FLAG", "SHOW_HOVER_FLAG", "LOOKUP_CODE"
            ,"HOVER_COLUMN_CODE", "EDITOR_HEIGHT", "LOOKUP_FIELD_TYPE", "HELP_TEXT", "TEXT_MASK", "VALIDATION_REGEXP"
            ,"DEFAULT_ORDERBY_NUMBER", "DEFAULT_VALUE", "EDITOR_TITLE_ORIENTATION", "EDITOR_END_ROW_FLAG"
            ,"EDITOR_COLS_SPAN", "LOOKUP_DISPLAY_VALUE", "EDITOR_ON_ENTER_KEY_ACTION")
     Values ('INS_INS_INSURED', 'CONTRACT_ID', 'Договор', '*', 'N', '8990', 'N', 'N', '', '', '', '', '**CONTRACT_ID'
            ,'N', 'N', '', '', '', '', '', '', '', '', ':ID', 'L', 'Y', '*', '', '');

Insert Into FORM_COLUMNS
            ("FORM_CODE", "COLUMN_CODE", "COLUMN_USER_NAME", "COLUMN_DISPLAY_SIZE", "COLUMN_DATA_TYPE"
            ,"COLUMN_DISPLAY_NUMBER", "PIMARY_KEY_FLAG", "SHOW_ON_GRID", "TREE_INITIALIZATION_VALUE", "TREE_FIELD_TYPE"
            ,"EDITOR_TAB_CODE", "FIELD_TYPE", "COLUMN_DESCRIPTION", "IS_FROZEN_FLAG", "SHOW_HOVER_FLAG", "LOOKUP_CODE"
            ,"HOVER_COLUMN_CODE", "EDITOR_HEIGHT", "LOOKUP_FIELD_TYPE", "HELP_TEXT", "TEXT_MASK", "VALIDATION_REGEXP"
            ,"DEFAULT_ORDERBY_NUMBER", "DEFAULT_VALUE", "EDITOR_TITLE_ORIENTATION", "EDITOR_END_ROW_FLAG"
            ,"EDITOR_COLS_SPAN", "LOOKUP_DISPLAY_VALUE", "EDITOR_ON_ENTER_KEY_ACTION")
     Values ('INS_INS_INSURED', 'CONTRACT_NO', '№ договора', '100', 'S', '140', 'N', 'Y', '', '', '', ''
            ,'**CONTRACT_NO', 'N', 'N', '', '', '', '', '', '', '', '', '', 'L', 'Y', '*', '', '');

Insert Into FORM_COLUMNS
            ("FORM_CODE", "COLUMN_CODE", "COLUMN_USER_NAME", "COLUMN_DISPLAY_SIZE", "COLUMN_DATA_TYPE"
            ,"COLUMN_DISPLAY_NUMBER", "PIMARY_KEY_FLAG", "SHOW_ON_GRID", "TREE_INITIALIZATION_VALUE", "TREE_FIELD_TYPE"
            ,"EDITOR_TAB_CODE", "FIELD_TYPE", "COLUMN_DESCRIPTION", "IS_FROZEN_FLAG", "SHOW_HOVER_FLAG", "LOOKUP_CODE"
            ,"HOVER_COLUMN_CODE", "EDITOR_HEIGHT", "LOOKUP_FIELD_TYPE", "HELP_TEXT", "TEXT_MASK", "VALIDATION_REGEXP"
            ,"DEFAULT_ORDERBY_NUMBER", "DEFAULT_VALUE", "EDITOR_TITLE_ORIENTATION", "EDITOR_END_ROW_FLAG"
            ,"EDITOR_COLS_SPAN", "LOOKUP_DISPLAY_VALUE", "EDITOR_ON_ENTER_KEY_ACTION")
     Values ('INS_INS_INSURED', 'CONTRACT_START_DATE', 'С', '80', 'D', '120', 'N', 'Y', '', '', 'DETAILS', ''
            ,'**CONTRACT_START_DATE', 'N', 'N', '', '', '', '', '', '', '', '', '', 'L', 'N', '1', '', '');

Insert Into FORM_COLUMNS
            ("FORM_CODE", "COLUMN_CODE", "COLUMN_USER_NAME", "COLUMN_DISPLAY_SIZE", "COLUMN_DATA_TYPE"
            ,"COLUMN_DISPLAY_NUMBER", "PIMARY_KEY_FLAG", "SHOW_ON_GRID", "TREE_INITIALIZATION_VALUE", "TREE_FIELD_TYPE"
            ,"EDITOR_TAB_CODE", "FIELD_TYPE", "COLUMN_DESCRIPTION", "IS_FROZEN_FLAG", "SHOW_HOVER_FLAG", "LOOKUP_CODE"
            ,"HOVER_COLUMN_CODE", "EDITOR_HEIGHT", "LOOKUP_FIELD_TYPE", "HELP_TEXT", "TEXT_MASK", "VALIDATION_REGEXP"
            ,"DEFAULT_ORDERBY_NUMBER", "DEFAULT_VALUE", "EDITOR_TITLE_ORIENTATION", "EDITOR_END_ROW_FLAG"
            ,"EDITOR_COLS_SPAN", "LOOKUP_DISPLAY_VALUE", "EDITOR_ON_ENTER_KEY_ACTION")
     Values ('INS_INS_INSURED', 'CREATED', 'Дата создания', '*', 'D', '9002', 'N', 'N', '', '', '', ''
            ,'*Creation date of the change set', 'N', 'N', '', '', '', '', '', '', '', '', '', 'L', 'Y', '*', '', '');

Insert Into FORM_COLUMNS
            ("FORM_CODE", "COLUMN_CODE", "COLUMN_USER_NAME", "COLUMN_DISPLAY_SIZE", "COLUMN_DATA_TYPE"
            ,"COLUMN_DISPLAY_NUMBER", "PIMARY_KEY_FLAG", "SHOW_ON_GRID", "TREE_INITIALIZATION_VALUE", "TREE_FIELD_TYPE"
            ,"EDITOR_TAB_CODE", "FIELD_TYPE", "COLUMN_DESCRIPTION", "IS_FROZEN_FLAG", "SHOW_HOVER_FLAG", "LOOKUP_CODE"
            ,"HOVER_COLUMN_CODE", "EDITOR_HEIGHT", "LOOKUP_FIELD_TYPE", "HELP_TEXT", "TEXT_MASK", "VALIDATION_REGEXP"
            ,"DEFAULT_ORDERBY_NUMBER", "DEFAULT_VALUE", "EDITOR_TITLE_ORIENTATION", "EDITOR_END_ROW_FLAG"
            ,"EDITOR_COLS_SPAN", "LOOKUP_DISPLAY_VALUE", "EDITOR_ON_ENTER_KEY_ACTION")
     Values ('INS_INS_INSURED', 'CREATED_BY', 'Создал', '*', 'N', '9001', 'N', 'N', '', '', '', ''
            ,'*Auditing; user that created the record.', 'N', 'N', '', '', '', '', '', '', '', '', '', 'L', 'Y', '*'
            ,'', '');

Insert Into FORM_COLUMNS
            ("FORM_CODE", "COLUMN_CODE", "COLUMN_USER_NAME", "COLUMN_DISPLAY_SIZE", "COLUMN_DATA_TYPE"
            ,"COLUMN_DISPLAY_NUMBER", "PIMARY_KEY_FLAG", "SHOW_ON_GRID", "TREE_INITIALIZATION_VALUE", "TREE_FIELD_TYPE"
            ,"EDITOR_TAB_CODE", "FIELD_TYPE", "COLUMN_DESCRIPTION", "IS_FROZEN_FLAG", "SHOW_HOVER_FLAG", "LOOKUP_CODE"
            ,"HOVER_COLUMN_CODE", "EDITOR_HEIGHT", "LOOKUP_FIELD_TYPE", "HELP_TEXT", "TEXT_MASK", "VALIDATION_REGEXP"
            ,"DEFAULT_ORDERBY_NUMBER", "DEFAULT_VALUE", "EDITOR_TITLE_ORIENTATION", "EDITOR_END_ROW_FLAG"
            ,"EDITOR_COLS_SPAN", "LOOKUP_DISPLAY_VALUE", "EDITOR_ON_ENTER_KEY_ACTION")
     Values ('INS_INS_INSURED', 'DATE_OF_BIRTH', 'Дата рождения', '*', 'D', '70', 'N', 'N', '', '', 'DETAILS', ''
            ,'**DATE_OF_BIRTH', 'N', 'N', '', '', '', '', '', '', '', '', '', 'L', 'N', '1', '', '');

Insert Into FORM_COLUMNS
            ("FORM_CODE", "COLUMN_CODE", "COLUMN_USER_NAME", "COLUMN_DISPLAY_SIZE", "COLUMN_DATA_TYPE"
            ,"COLUMN_DISPLAY_NUMBER", "PIMARY_KEY_FLAG", "SHOW_ON_GRID", "TREE_INITIALIZATION_VALUE", "TREE_FIELD_TYPE"
            ,"EDITOR_TAB_CODE", "FIELD_TYPE", "COLUMN_DESCRIPTION", "IS_FROZEN_FLAG", "SHOW_HOVER_FLAG", "LOOKUP_CODE"
            ,"HOVER_COLUMN_CODE", "EDITOR_HEIGHT", "LOOKUP_FIELD_TYPE", "HELP_TEXT", "TEXT_MASK", "VALIDATION_REGEXP"
            ,"DEFAULT_ORDERBY_NUMBER", "DEFAULT_VALUE", "EDITOR_TITLE_ORIENTATION", "EDITOR_END_ROW_FLAG"
            ,"EDITOR_COLS_SPAN", "LOOKUP_DISPLAY_VALUE", "EDITOR_ON_ENTER_KEY_ACTION")
     Values ('INS_INS_INSURED', 'FIO', 'ФИО', '300', 'S', '30', 'N', 'Y', '', '', 'DETAILS', '', '*ФИО', 'N', 'N', ''
            ,'', '', '2', '', '', '', '1', '', 'L', 'Y', '*', '', '');

Insert Into FORM_COLUMNS
            ("FORM_CODE", "COLUMN_CODE", "COLUMN_USER_NAME", "COLUMN_DISPLAY_SIZE", "COLUMN_DATA_TYPE"
            ,"COLUMN_DISPLAY_NUMBER", "PIMARY_KEY_FLAG", "SHOW_ON_GRID", "TREE_INITIALIZATION_VALUE", "TREE_FIELD_TYPE"
            ,"EDITOR_TAB_CODE", "FIELD_TYPE", "COLUMN_DESCRIPTION", "IS_FROZEN_FLAG", "SHOW_HOVER_FLAG", "LOOKUP_CODE"
            ,"HOVER_COLUMN_CODE", "EDITOR_HEIGHT", "LOOKUP_FIELD_TYPE", "HELP_TEXT", "TEXT_MASK", "VALIDATION_REGEXP"
            ,"DEFAULT_ORDERBY_NUMBER", "DEFAULT_VALUE", "EDITOR_TITLE_ORIENTATION", "EDITOR_END_ROW_FLAG"
            ,"EDITOR_COLS_SPAN", "LOOKUP_DISPLAY_VALUE", "EDITOR_ON_ENTER_KEY_ACTION")
     Values ('INS_INS_INSURED', 'ID', 'Идентификатор записи', '*', 'N', '5', 'N', 'N', '', '1', '', ''
            ,'*2 - идентификатор записи;', 'N', 'N', '', '', '', '1', '', '', '', '', '', 'L', 'Y', '*', '', '');

Insert Into FORM_COLUMNS
            ("FORM_CODE", "COLUMN_CODE", "COLUMN_USER_NAME", "COLUMN_DISPLAY_SIZE", "COLUMN_DATA_TYPE"
            ,"COLUMN_DISPLAY_NUMBER", "PIMARY_KEY_FLAG", "SHOW_ON_GRID", "TREE_INITIALIZATION_VALUE", "TREE_FIELD_TYPE"
            ,"EDITOR_TAB_CODE", "FIELD_TYPE", "COLUMN_DESCRIPTION", "IS_FROZEN_FLAG", "SHOW_HOVER_FLAG", "LOOKUP_CODE"
            ,"HOVER_COLUMN_CODE", "EDITOR_HEIGHT", "LOOKUP_FIELD_TYPE", "HELP_TEXT", "TEXT_MASK", "VALIDATION_REGEXP"
            ,"DEFAULT_ORDERBY_NUMBER", "DEFAULT_VALUE", "EDITOR_TITLE_ORIENTATION", "EDITOR_END_ROW_FLAG"
            ,"EDITOR_COLS_SPAN", "LOOKUP_DISPLAY_VALUE", "EDITOR_ON_ENTER_KEY_ACTION")
     Values ('INS_INS_INSURED', 'INFO', '', '*', 'S', '10', 'N', 'N', '', '', 'DETAILS', '6', '**INFO', 'N', 'N', ''
            ,'', '', '', '', '', '', '', '', 'L', 'Y', '*', '', '');

Insert Into FORM_COLUMNS
            ("FORM_CODE", "COLUMN_CODE", "COLUMN_USER_NAME", "COLUMN_DISPLAY_SIZE", "COLUMN_DATA_TYPE"
            ,"COLUMN_DISPLAY_NUMBER", "PIMARY_KEY_FLAG", "SHOW_ON_GRID", "TREE_INITIALIZATION_VALUE", "TREE_FIELD_TYPE"
            ,"EDITOR_TAB_CODE", "FIELD_TYPE", "COLUMN_DESCRIPTION", "IS_FROZEN_FLAG", "SHOW_HOVER_FLAG", "LOOKUP_CODE"
            ,"HOVER_COLUMN_CODE", "EDITOR_HEIGHT", "LOOKUP_FIELD_TYPE", "HELP_TEXT", "TEXT_MASK", "VALIDATION_REGEXP"
            ,"DEFAULT_ORDERBY_NUMBER", "DEFAULT_VALUE", "EDITOR_TITLE_ORIENTATION", "EDITOR_END_ROW_FLAG"
            ,"EDITOR_COLS_SPAN", "LOOKUP_DISPLAY_VALUE", "EDITOR_ON_ENTER_KEY_ACTION")
     Values ('INS_INS_INSURED', 'INSURED_ID', 'Идентификатор застрахованного', '*', 'N', '8980', 'N', 'N', '', '', ''
            ,'', '**INSURED_ID', 'N', 'N', '', '', '', '', '', '', '', '', '', 'L', 'Y', '*', '', '');

Insert Into FORM_COLUMNS
            ("FORM_CODE", "COLUMN_CODE", "COLUMN_USER_NAME", "COLUMN_DISPLAY_SIZE", "COLUMN_DATA_TYPE"
            ,"COLUMN_DISPLAY_NUMBER", "PIMARY_KEY_FLAG", "SHOW_ON_GRID", "TREE_INITIALIZATION_VALUE", "TREE_FIELD_TYPE"
            ,"EDITOR_TAB_CODE", "FIELD_TYPE", "COLUMN_DESCRIPTION", "IS_FROZEN_FLAG", "SHOW_HOVER_FLAG", "LOOKUP_CODE"
            ,"HOVER_COLUMN_CODE", "EDITOR_HEIGHT", "LOOKUP_FIELD_TYPE", "HELP_TEXT", "TEXT_MASK", "VALIDATION_REGEXP"
            ,"DEFAULT_ORDERBY_NUMBER", "DEFAULT_VALUE", "EDITOR_TITLE_ORIENTATION", "EDITOR_END_ROW_FLAG"
            ,"EDITOR_COLS_SPAN", "LOOKUP_DISPLAY_VALUE", "EDITOR_ON_ENTER_KEY_ACTION")
     Values ('INS_INS_INSURED', 'INS_COMPANY_NAME', 'Страховая', '150', 'S', '160', 'N', 'Y', '', '', '', ''
            ,'**INS_COMPANY_NAME', 'N', 'N', '', '', '', '', '', '', '', '', '', 'L', 'Y', '*', '', '');

Insert Into FORM_COLUMNS
            ("FORM_CODE", "COLUMN_CODE", "COLUMN_USER_NAME", "COLUMN_DISPLAY_SIZE", "COLUMN_DATA_TYPE"
            ,"COLUMN_DISPLAY_NUMBER", "PIMARY_KEY_FLAG", "SHOW_ON_GRID", "TREE_INITIALIZATION_VALUE", "TREE_FIELD_TYPE"
            ,"EDITOR_TAB_CODE", "FIELD_TYPE", "COLUMN_DESCRIPTION", "IS_FROZEN_FLAG", "SHOW_HOVER_FLAG", "LOOKUP_CODE"
            ,"HOVER_COLUMN_CODE", "EDITOR_HEIGHT", "LOOKUP_FIELD_TYPE", "HELP_TEXT", "TEXT_MASK", "VALIDATION_REGEXP"
            ,"DEFAULT_ORDERBY_NUMBER", "DEFAULT_VALUE", "EDITOR_TITLE_ORIENTATION", "EDITOR_END_ROW_FLAG"
            ,"EDITOR_COLS_SPAN", "LOOKUP_DISPLAY_VALUE", "EDITOR_ON_ENTER_KEY_ACTION")
     Values ('INS_INS_INSURED', 'INS_PREMIUM', 'Страховая премия', '80', 'N', '1028', 'N', 'Y', '', '', 'DETAILS', ''
            ,'**INS_PREMIUM', 'N', 'N', '', '', '', '', '', '', '', '', '', 'L', 'Y', '*', '', '');

Insert Into FORM_COLUMNS
            ("FORM_CODE", "COLUMN_CODE", "COLUMN_USER_NAME", "COLUMN_DISPLAY_SIZE", "COLUMN_DATA_TYPE"
            ,"COLUMN_DISPLAY_NUMBER", "PIMARY_KEY_FLAG", "SHOW_ON_GRID", "TREE_INITIALIZATION_VALUE", "TREE_FIELD_TYPE"
            ,"EDITOR_TAB_CODE", "FIELD_TYPE", "COLUMN_DESCRIPTION", "IS_FROZEN_FLAG", "SHOW_HOVER_FLAG", "LOOKUP_CODE"
            ,"HOVER_COLUMN_CODE", "EDITOR_HEIGHT", "LOOKUP_FIELD_TYPE", "HELP_TEXT", "TEXT_MASK", "VALIDATION_REGEXP"
            ,"DEFAULT_ORDERBY_NUMBER", "DEFAULT_VALUE", "EDITOR_TITLE_ORIENTATION", "EDITOR_END_ROW_FLAG"
            ,"EDITOR_COLS_SPAN", "LOOKUP_DISPLAY_VALUE", "EDITOR_ON_ENTER_KEY_ACTION")
     Values ('INS_INS_INSURED', 'ISUNION', 'В объед.', '40', 'B', '65', 'N', 'Y', '', '', 'DETAILS', '', '**ISUNION'
            ,'N', 'N', '', '', '', '', '', '', '', '', '', 'L', 'Y', '*', '', '');

Insert Into FORM_COLUMNS
            ("FORM_CODE", "COLUMN_CODE", "COLUMN_USER_NAME", "COLUMN_DISPLAY_SIZE", "COLUMN_DATA_TYPE"
            ,"COLUMN_DISPLAY_NUMBER", "PIMARY_KEY_FLAG", "SHOW_ON_GRID", "TREE_INITIALIZATION_VALUE", "TREE_FIELD_TYPE"
            ,"EDITOR_TAB_CODE", "FIELD_TYPE", "COLUMN_DESCRIPTION", "IS_FROZEN_FLAG", "SHOW_HOVER_FLAG", "LOOKUP_CODE"
            ,"HOVER_COLUMN_CODE", "EDITOR_HEIGHT", "LOOKUP_FIELD_TYPE", "HELP_TEXT", "TEXT_MASK", "VALIDATION_REGEXP"
            ,"DEFAULT_ORDERBY_NUMBER", "DEFAULT_VALUE", "EDITOR_TITLE_ORIENTATION", "EDITOR_END_ROW_FLAG"
            ,"EDITOR_COLS_SPAN", "LOOKUP_DISPLAY_VALUE", "EDITOR_ON_ENTER_KEY_ACTION")
     Values ('INS_INS_INSURED', 'LIMIT_FOR_ALL_FAMILY', 'Для всей семьи', '40', 'B', '60', 'N', 'Y', '', '', 'DETAILS'
            ,'', 'Для всей семьи', 'N', 'Y', '', '', '', '', '', '', '', '', '', 'L', 'N', '1', '', '');

Insert Into FORM_COLUMNS
            ("FORM_CODE", "COLUMN_CODE", "COLUMN_USER_NAME", "COLUMN_DISPLAY_SIZE", "COLUMN_DATA_TYPE"
            ,"COLUMN_DISPLAY_NUMBER", "PIMARY_KEY_FLAG", "SHOW_ON_GRID", "TREE_INITIALIZATION_VALUE", "TREE_FIELD_TYPE"
            ,"EDITOR_TAB_CODE", "FIELD_TYPE", "COLUMN_DESCRIPTION", "IS_FROZEN_FLAG", "SHOW_HOVER_FLAG", "LOOKUP_CODE"
            ,"HOVER_COLUMN_CODE", "EDITOR_HEIGHT", "LOOKUP_FIELD_TYPE", "HELP_TEXT", "TEXT_MASK", "VALIDATION_REGEXP"
            ,"DEFAULT_ORDERBY_NUMBER", "DEFAULT_VALUE", "EDITOR_TITLE_ORIENTATION", "EDITOR_END_ROW_FLAG"
            ,"EDITOR_COLS_SPAN", "LOOKUP_DISPLAY_VALUE", "EDITOR_ON_ENTER_KEY_ACTION")
     Values ('INS_INS_INSURED', 'ORIG_REF_ID', '', '*', 'N', '9005', 'N', 'N', '', '', '', '', '**ORIG_REF_ID', 'N'
            ,'N', '', '', '', '', '', '', '', '', '', 'L', 'Y', '*', '', '');

Insert Into FORM_COLUMNS
            ("FORM_CODE", "COLUMN_CODE", "COLUMN_USER_NAME", "COLUMN_DISPLAY_SIZE", "COLUMN_DATA_TYPE"
            ,"COLUMN_DISPLAY_NUMBER", "PIMARY_KEY_FLAG", "SHOW_ON_GRID", "TREE_INITIALIZATION_VALUE", "TREE_FIELD_TYPE"
            ,"EDITOR_TAB_CODE", "FIELD_TYPE", "COLUMN_DESCRIPTION", "IS_FROZEN_FLAG", "SHOW_HOVER_FLAG", "LOOKUP_CODE"
            ,"HOVER_COLUMN_CODE", "EDITOR_HEIGHT", "LOOKUP_FIELD_TYPE", "HELP_TEXT", "TEXT_MASK", "VALIDATION_REGEXP"
            ,"DEFAULT_ORDERBY_NUMBER", "DEFAULT_VALUE", "EDITOR_TITLE_ORIENTATION", "EDITOR_END_ROW_FLAG"
            ,"EDITOR_COLS_SPAN", "LOOKUP_DISPLAY_VALUE", "EDITOR_ON_ENTER_KEY_ACTION")
     Values ('INS_INS_INSURED', 'PHONE', 'Телефон', '*', 'S', '90', 'N', 'N', '', '', 'DETAILS', '', '**PHONE', 'N'
            ,'N', '', '', '', '', '', '', '', '', '', 'L', 'N', '*', '', '');

Insert Into FORM_COLUMNS
            ("FORM_CODE", "COLUMN_CODE", "COLUMN_USER_NAME", "COLUMN_DISPLAY_SIZE", "COLUMN_DATA_TYPE"
            ,"COLUMN_DISPLAY_NUMBER", "PIMARY_KEY_FLAG", "SHOW_ON_GRID", "TREE_INITIALIZATION_VALUE", "TREE_FIELD_TYPE"
            ,"EDITOR_TAB_CODE", "FIELD_TYPE", "COLUMN_DESCRIPTION", "IS_FROZEN_FLAG", "SHOW_HOVER_FLAG", "LOOKUP_CODE"
            ,"HOVER_COLUMN_CODE", "EDITOR_HEIGHT", "LOOKUP_FIELD_TYPE", "HELP_TEXT", "TEXT_MASK", "VALIDATION_REGEXP"
            ,"DEFAULT_ORDERBY_NUMBER", "DEFAULT_VALUE", "EDITOR_TITLE_ORIENTATION", "EDITOR_END_ROW_FLAG"
            ,"EDITOR_COLS_SPAN", "LOOKUP_DISPLAY_VALUE", "EDITOR_ON_ENTER_KEY_ACTION")
     Values ('INS_INS_INSURED', 'PROGRAM_CODE', 'Программа', '180', 'S', '110', 'N', 'Y', '', '', 'DETAILS', '8'
            ,'**PROGRAM_CODE', 'N', 'N', 'INS_PROGRAM', '', '', '', '', '', '', '', '', 'L', 'Y', '*', '', '');

Insert Into FORM_COLUMNS
            ("FORM_CODE", "COLUMN_CODE", "COLUMN_USER_NAME", "COLUMN_DISPLAY_SIZE", "COLUMN_DATA_TYPE"
            ,"COLUMN_DISPLAY_NUMBER", "PIMARY_KEY_FLAG", "SHOW_ON_GRID", "TREE_INITIALIZATION_VALUE", "TREE_FIELD_TYPE"
            ,"EDITOR_TAB_CODE", "FIELD_TYPE", "COLUMN_DESCRIPTION", "IS_FROZEN_FLAG", "SHOW_HOVER_FLAG", "LOOKUP_CODE"
            ,"HOVER_COLUMN_CODE", "EDITOR_HEIGHT", "LOOKUP_FIELD_TYPE", "HELP_TEXT", "TEXT_MASK", "VALIDATION_REGEXP"
            ,"DEFAULT_ORDERBY_NUMBER", "DEFAULT_VALUE", "EDITOR_TITLE_ORIENTATION", "EDITOR_END_ROW_FLAG"
            ,"EDITOR_COLS_SPAN", "LOOKUP_DISPLAY_VALUE", "EDITOR_ON_ENTER_KEY_ACTION")
     Values ('INS_INS_INSURED', 'SEX', 'Пол', '*', 'S', '80', 'N', 'N', '', '', 'DETAILS', '8', '**SEX', 'N', 'N'
            ,'INS_SEX', '', '', '', '', '', '', '', '', 'L', 'N', '1', '', '');

Insert Into FORM_COLUMNS
            ("FORM_CODE", "COLUMN_CODE", "COLUMN_USER_NAME", "COLUMN_DISPLAY_SIZE", "COLUMN_DATA_TYPE"
            ,"COLUMN_DISPLAY_NUMBER", "PIMARY_KEY_FLAG", "SHOW_ON_GRID", "TREE_INITIALIZATION_VALUE", "TREE_FIELD_TYPE"
            ,"EDITOR_TAB_CODE", "FIELD_TYPE", "COLUMN_DESCRIPTION", "IS_FROZEN_FLAG", "SHOW_HOVER_FLAG", "LOOKUP_CODE"
            ,"HOVER_COLUMN_CODE", "EDITOR_HEIGHT", "LOOKUP_FIELD_TYPE", "HELP_TEXT", "TEXT_MASK", "VALIDATION_REGEXP"
            ,"DEFAULT_ORDERBY_NUMBER", "DEFAULT_VALUE", "EDITOR_TITLE_ORIENTATION", "EDITOR_END_ROW_FLAG"
            ,"EDITOR_COLS_SPAN", "LOOKUP_DISPLAY_VALUE", "EDITOR_ON_ENTER_KEY_ACTION")
     Values ('INS_INS_INSURED', 'UPDATED', 'Дата изменения', '*', 'D', '9004', 'N', 'N', '', '', '', '', '**UPDATED'
            ,'N', 'N', '', '', '', '', '', '', '', '', '', 'L', 'Y', '*', '', '');

Insert Into FORM_COLUMNS
            ("FORM_CODE", "COLUMN_CODE", "COLUMN_USER_NAME", "COLUMN_DISPLAY_SIZE", "COLUMN_DATA_TYPE"
            ,"COLUMN_DISPLAY_NUMBER", "PIMARY_KEY_FLAG", "SHOW_ON_GRID", "TREE_INITIALIZATION_VALUE", "TREE_FIELD_TYPE"
            ,"EDITOR_TAB_CODE", "FIELD_TYPE", "COLUMN_DESCRIPTION", "IS_FROZEN_FLAG", "SHOW_HOVER_FLAG", "LOOKUP_CODE"
            ,"HOVER_COLUMN_CODE", "EDITOR_HEIGHT", "LOOKUP_FIELD_TYPE", "HELP_TEXT", "TEXT_MASK", "VALIDATION_REGEXP"
            ,"DEFAULT_ORDERBY_NUMBER", "DEFAULT_VALUE", "EDITOR_TITLE_ORIENTATION", "EDITOR_END_ROW_FLAG"
            ,"EDITOR_COLS_SPAN", "LOOKUP_DISPLAY_VALUE", "EDITOR_ON_ENTER_KEY_ACTION")
     Values ('INS_INS_INSURED', 'UPDATED_BY', 'Послед.изменение', '*', 'N', '9003', 'N', 'N', '', '', '', ''
            ,'**UPDATED_BY', 'N', 'N', '', '', '', '', '', '', '', '', '', 'L', 'Y', '*', '', '');

Alter Table forms Enable VALIDATE Constraint forms_form_actions_fk;
Alter Table FORMS Enable All Triggers;

/*****************INS_INS_INSURED_CATEGORY*********************/
Alter Table FORMS Disable All Triggers;
Alter Table forms Disable Constraint forms_form_actions_fk;
Delete From FORM_COLUMNS
      Where form_code = 'INS_INS_INSURED_CATEGORY';
Delete From FORM_COLUMNS$
      Where form_code = 'INS_INS_INSURED_CATEGORY';
Delete From FORM_ACTIONS
      Where form_code = 'INS_INS_INSURED_CATEGORY';
Delete From FORM_TABS
      Where form_code = 'INS_INS_INSURED_CATEGORY';
Delete From FORMS
      Where form_code = 'INS_INS_INSURED_CATEGORY';
/*  Form: INS_INS_INSURED_CATEGORY. Entity: FORMS.  */

Insert Into FORMS
            ("FORM_CODE", "HOT_KEY", "SQL_TEXT", "FORM_NAME", "FORM_TYPE", "SHOW_TREE_ROOT_NODE", "ICON_ID"
            ,"FORM_WIDTH", "FORM_HEIGHT", "BOTTOM_TABS_ORIENTATION", "SIDE_TABS_ORIENTATION", "SHOW_BOTTOM_TOOLBAR"
            ,"OBJECT_VERSION_NUMBER", "DEFAULT_COLUMN_WIDTH", "DESCRIPTION", "DOUBLE_CLICK_ACTION_CODE", "LOOKUP_WIDTH"
            ,"APPS_CODE", "EXPORT_ORDER")
     Values ('INS_INS_INSURED_CATEGORY', ''
            ,'Select ic.Id, pc.Id As program_category_id, :Id As insured_id, :contract_id As contract_id
      ,:program_code As program_code, pc.category_code, pc.amount As program_amount
      ,NVL (ic.amount, pc.amount) As amount, DECODE (ic.amount, Null, ''N'', ''Y'') is_personal_limit
      ,pc.isunion As program_isunion, NVL (ic.isunion, pc.isunion) As isunion, ic.created_by, ic.created, ic.updated_by
      ,ic.updated, ic.orig_ref_id
  From ins.ins_program_category pc Left Join ins.ins_insured_category ic
       On pc.contract_id = ic.contract_id
     And pc.program_code = ic.program_code
     And pc.category_code = ic.category_code
     And ic.insured_id = :Id
 Where pc.contract_id = :contract_id
   And pc.program_code = :program_code
--'
            ,'Лимиты застрахованного', 'G', 'Y', '', '*', '*', '', '', 'Y', '67', '*', '', '', '', 'INS', '100');
/*  Form: INS_INS_INSURED_CATEGORY. Entity: FORM_TABS.  */
/*  Form: INS_INS_INSURED_CATEGORY. Entity: FORM_ACTIONS.  */

Insert Into FORM_ACTIONS
            ("FORM_CODE", "ACTION_CODE", "PROCEDURE_NAME", "ACTION_DISPLAY_NAME", "ICON_ID", "DEFAULT_PARAM_PREFIX"
            ,"DEFAULT_OLD_PARAM_PREFIX", "ACTION_TYPE", "DISPLAY_NUMBER", "CONFIRM_TEXT", "HOT_KEY"
            ,"SHOW_SEPARATOR_BELOW", "DISPLAY_ON_TOOLBAR", "CHILD_FORM_CODE")
     Values ('INS_INS_INSURED_CATEGORY', 'DEL', 'INS_INS_INSURED_CATEGORY_PKG.p_delete', 'Удалить', '48', '', '', '3'
            ,'130', 'Вы уверенны что хотите удалить запись?', '', 'N', 'Y', '');

Insert Into FORM_ACTIONS
            ("FORM_CODE", "ACTION_CODE", "PROCEDURE_NAME", "ACTION_DISPLAY_NAME", "ICON_ID", "DEFAULT_PARAM_PREFIX"
            ,"DEFAULT_OLD_PARAM_PREFIX", "ACTION_TYPE", "DISPLAY_NUMBER", "CONFIRM_TEXT", "HOT_KEY"
            ,"SHOW_SEPARATOR_BELOW", "DISPLAY_ON_TOOLBAR", "CHILD_FORM_CODE")
     Values ('INS_INS_INSURED_CATEGORY', 'EDIT', '', 'Редактировать', '50', '', '', '8', '115', 'Вы уверенны?', '', 'N'
            ,'Y', '');

Insert Into FORM_ACTIONS
            ("FORM_CODE", "ACTION_CODE", "PROCEDURE_NAME", "ACTION_DISPLAY_NAME", "ICON_ID", "DEFAULT_PARAM_PREFIX"
            ,"DEFAULT_OLD_PARAM_PREFIX", "ACTION_TYPE", "DISPLAY_NUMBER", "CONFIRM_TEXT", "HOT_KEY"
            ,"SHOW_SEPARATOR_BELOW", "DISPLAY_ON_TOOLBAR", "CHILD_FORM_CODE")
     Values ('INS_INS_INSURED_CATEGORY', 'INS', '', 'Создать', '47', '', '', '1', '110', '', '', 'N', 'Y', '');

Insert Into FORM_ACTIONS
            ("FORM_CODE", "ACTION_CODE", "PROCEDURE_NAME", "ACTION_DISPLAY_NAME", "ICON_ID", "DEFAULT_PARAM_PREFIX"
            ,"DEFAULT_OLD_PARAM_PREFIX", "ACTION_TYPE", "DISPLAY_NUMBER", "CONFIRM_TEXT", "HOT_KEY"
            ,"SHOW_SEPARATOR_BELOW", "DISPLAY_ON_TOOLBAR", "CHILD_FORM_CODE")
     Values ('INS_INS_INSURED_CATEGORY', 'REFR', '', 'Обновить', '15', '', '', '4', '10', '', '', 'N', 'Y', '');

Insert Into FORM_ACTIONS
            ("FORM_CODE", "ACTION_CODE", "PROCEDURE_NAME", "ACTION_DISPLAY_NAME", "ICON_ID", "DEFAULT_PARAM_PREFIX"
            ,"DEFAULT_OLD_PARAM_PREFIX", "ACTION_TYPE", "DISPLAY_NUMBER", "CONFIRM_TEXT", "HOT_KEY"
            ,"SHOW_SEPARATOR_BELOW", "DISPLAY_ON_TOOLBAR", "CHILD_FORM_CODE")
     Values ('INS_INS_INSURED_CATEGORY', 'UPD', 'INS_INS_INSURED_CATEGORY_PKG.p_ins_upd', 'Сохранить', '46', '', ''
            ,'2', '120', 'Вы уверенны?', '', 'N', 'Y', '');
/*  Form: INS_INS_INSURED_CATEGORY. Entity: FORM_COLUMNS$.  */

Insert Into FORM_COLUMNS$
            ("COL_NUM", "COL_TYPE", "COL_MAX_LEN", "COL_NAME", "COL_NAME_LEN", "COL_PRECISION", "COL_SCALE"
            ,"FORM_CODE", "PIMARY_KEY_FLAG", "DEFAULT_COLUMN_WIDTH", "COLUMN_DESCRIPTION")
     Values ('8', 'NUMBER', '22', 'AMOUNT', '6', '0', '0', 'INS_INS_INSURED_CATEGORY', '', '*', '**AMOUNT');

Insert Into FORM_COLUMNS$
            ("COL_NUM", "COL_TYPE", "COL_MAX_LEN", "COL_NAME", "COL_NAME_LEN", "COL_PRECISION", "COL_SCALE"
            ,"FORM_CODE", "PIMARY_KEY_FLAG", "DEFAULT_COLUMN_WIDTH", "COLUMN_DESCRIPTION")
     Values ('6', 'VARCHAR2', '768', 'CATEGORY_CODE', '13', '0', '0', 'INS_INS_INSURED_CATEGORY', '', '*'
            ,'**CATEGORY_CODE');

Insert Into FORM_COLUMNS$
            ("COL_NUM", "COL_TYPE", "COL_MAX_LEN", "COL_NAME", "COL_NAME_LEN", "COL_PRECISION", "COL_SCALE"
            ,"FORM_CODE", "PIMARY_KEY_FLAG", "DEFAULT_COLUMN_WIDTH", "COLUMN_DESCRIPTION")
     Values ('4', 'VARCHAR2', '2000', 'CONTRACT_ID', '11', '0', '0', 'INS_INS_INSURED_CATEGORY', '', '*'
            ,'**CONTRACT_ID');

Insert Into FORM_COLUMNS$
            ("COL_NUM", "COL_TYPE", "COL_MAX_LEN", "COL_NAME", "COL_NAME_LEN", "COL_PRECISION", "COL_SCALE"
            ,"FORM_CODE", "PIMARY_KEY_FLAG", "DEFAULT_COLUMN_WIDTH", "COLUMN_DESCRIPTION")
     Values ('13', 'DATE', '7', 'CREATED', '7', '0', '0', 'INS_INS_INSURED_CATEGORY', '', '*'
            ,'*Creation date of the change set');

Insert Into FORM_COLUMNS$
            ("COL_NUM", "COL_TYPE", "COL_MAX_LEN", "COL_NAME", "COL_NAME_LEN", "COL_PRECISION", "COL_SCALE"
            ,"FORM_CODE", "PIMARY_KEY_FLAG", "DEFAULT_COLUMN_WIDTH", "COLUMN_DESCRIPTION")
     Values ('12', 'NUMBER', '22', 'CREATED_BY', '10', '0', '-127', 'INS_INS_INSURED_CATEGORY', '', '*'
            ,'*Auditing; user that created the record.');

Insert Into FORM_COLUMNS$
            ("COL_NUM", "COL_TYPE", "COL_MAX_LEN", "COL_NAME", "COL_NAME_LEN", "COL_PRECISION", "COL_SCALE"
            ,"FORM_CODE", "PIMARY_KEY_FLAG", "DEFAULT_COLUMN_WIDTH", "COLUMN_DESCRIPTION")
     Values ('1', 'NUMBER', '22', 'ID', '2', '0', '-127', 'INS_INS_INSURED_CATEGORY', '', '*'
            ,'*2 - идентификатор записи;');

Insert Into FORM_COLUMNS$
            ("COL_NUM", "COL_TYPE", "COL_MAX_LEN", "COL_NAME", "COL_NAME_LEN", "COL_PRECISION", "COL_SCALE"
            ,"FORM_CODE", "PIMARY_KEY_FLAG", "DEFAULT_COLUMN_WIDTH", "COLUMN_DESCRIPTION")
     Values ('3', 'VARCHAR2', '2000', 'INSURED_ID', '10', '0', '0', 'INS_INS_INSURED_CATEGORY', '', '*', '**INSURED_ID');

Insert Into FORM_COLUMNS$
            ("COL_NUM", "COL_TYPE", "COL_MAX_LEN", "COL_NAME", "COL_NAME_LEN", "COL_PRECISION", "COL_SCALE"
            ,"FORM_CODE", "PIMARY_KEY_FLAG", "DEFAULT_COLUMN_WIDTH", "COLUMN_DESCRIPTION")
     Values ('11', 'VARCHAR2', '4', 'ISUNION', '7', '0', '0', 'INS_INS_INSURED_CATEGORY', '', '*', '**ISUNION');

Insert Into FORM_COLUMNS$
            ("COL_NUM", "COL_TYPE", "COL_MAX_LEN", "COL_NAME", "COL_NAME_LEN", "COL_PRECISION", "COL_SCALE"
            ,"FORM_CODE", "PIMARY_KEY_FLAG", "DEFAULT_COLUMN_WIDTH", "COLUMN_DESCRIPTION")
     Values ('9', 'VARCHAR2', '1', 'IS_PERSONAL_LIMIT', '17', '0', '0', 'INS_INS_INSURED_CATEGORY', '', '*'
            ,'**IS_PERSONAL_LIMIT');

Insert Into FORM_COLUMNS$
            ("COL_NUM", "COL_TYPE", "COL_MAX_LEN", "COL_NAME", "COL_NAME_LEN", "COL_PRECISION", "COL_SCALE"
            ,"FORM_CODE", "PIMARY_KEY_FLAG", "DEFAULT_COLUMN_WIDTH", "COLUMN_DESCRIPTION")
     Values ('16', 'NUMBER', '22', 'ORIG_REF_ID', '11', '10', '0', 'INS_INS_INSURED_CATEGORY', '', '*', '**ORIG_REF_ID');

Insert Into FORM_COLUMNS$
            ("COL_NUM", "COL_TYPE", "COL_MAX_LEN", "COL_NAME", "COL_NAME_LEN", "COL_PRECISION", "COL_SCALE"
            ,"FORM_CODE", "PIMARY_KEY_FLAG", "DEFAULT_COLUMN_WIDTH", "COLUMN_DESCRIPTION")
     Values ('7', 'NUMBER', '22', 'PROGRAM_AMOUNT', '14', '19', '2', 'INS_INS_INSURED_CATEGORY', '', '*'
            ,'**PROGRAM_AMOUNT');

Insert Into FORM_COLUMNS$
            ("COL_NUM", "COL_TYPE", "COL_MAX_LEN", "COL_NAME", "COL_NAME_LEN", "COL_PRECISION", "COL_SCALE"
            ,"FORM_CODE", "PIMARY_KEY_FLAG", "DEFAULT_COLUMN_WIDTH", "COLUMN_DESCRIPTION")
     Values ('2', 'NUMBER', '22', 'PROGRAM_CATEGORY_ID', '19', '0', '-127', 'INS_INS_INSURED_CATEGORY', '', '*'
            ,'**PROGRAM_CATEGORY_ID');

Insert Into FORM_COLUMNS$
            ("COL_NUM", "COL_TYPE", "COL_MAX_LEN", "COL_NAME", "COL_NAME_LEN", "COL_PRECISION", "COL_SCALE"
            ,"FORM_CODE", "PIMARY_KEY_FLAG", "DEFAULT_COLUMN_WIDTH", "COLUMN_DESCRIPTION")
     Values ('5', 'VARCHAR2', '2000', 'PROGRAM_CODE', '12', '0', '0', 'INS_INS_INSURED_CATEGORY', '', '*'
            ,'**PROGRAM_CODE');

Insert Into FORM_COLUMNS$
            ("COL_NUM", "COL_TYPE", "COL_MAX_LEN", "COL_NAME", "COL_NAME_LEN", "COL_PRECISION", "COL_SCALE"
            ,"FORM_CODE", "PIMARY_KEY_FLAG", "DEFAULT_COLUMN_WIDTH", "COLUMN_DESCRIPTION")
     Values ('10', 'VARCHAR2', '4', 'PROGRAM_ISUNION', '15', '0', '0', 'INS_INS_INSURED_CATEGORY', '', '*'
            ,'**PROGRAM_ISUNION');

Insert Into FORM_COLUMNS$
            ("COL_NUM", "COL_TYPE", "COL_MAX_LEN", "COL_NAME", "COL_NAME_LEN", "COL_PRECISION", "COL_SCALE"
            ,"FORM_CODE", "PIMARY_KEY_FLAG", "DEFAULT_COLUMN_WIDTH", "COLUMN_DESCRIPTION")
     Values ('15', 'DATE', '7', 'UPDATED', '7', '0', '0', 'INS_INS_INSURED_CATEGORY', '', '*', '**UPDATED');

Insert Into FORM_COLUMNS$
            ("COL_NUM", "COL_TYPE", "COL_MAX_LEN", "COL_NAME", "COL_NAME_LEN", "COL_PRECISION", "COL_SCALE"
            ,"FORM_CODE", "PIMARY_KEY_FLAG", "DEFAULT_COLUMN_WIDTH", "COLUMN_DESCRIPTION")
     Values ('14', 'NUMBER', '22', 'UPDATED_BY', '10', '0', '-127', 'INS_INS_INSURED_CATEGORY', '', '*', '**UPDATED_BY');
/*  Form: INS_INS_INSURED_CATEGORY. Entity: FORM_COLUMNS.  */

Insert Into FORM_COLUMNS
            ("FORM_CODE", "COLUMN_CODE", "COLUMN_USER_NAME", "COLUMN_DISPLAY_SIZE", "COLUMN_DATA_TYPE"
            ,"COLUMN_DISPLAY_NUMBER", "PIMARY_KEY_FLAG", "SHOW_ON_GRID", "TREE_INITIALIZATION_VALUE", "TREE_FIELD_TYPE"
            ,"EDITOR_TAB_CODE", "FIELD_TYPE", "COLUMN_DESCRIPTION", "IS_FROZEN_FLAG", "SHOW_HOVER_FLAG", "LOOKUP_CODE"
            ,"HOVER_COLUMN_CODE", "EDITOR_HEIGHT", "LOOKUP_FIELD_TYPE", "HELP_TEXT", "TEXT_MASK", "VALIDATION_REGEXP"
            ,"DEFAULT_ORDERBY_NUMBER", "DEFAULT_VALUE", "EDITOR_TITLE_ORIENTATION", "EDITOR_END_ROW_FLAG"
            ,"EDITOR_COLS_SPAN", "LOOKUP_DISPLAY_VALUE", "EDITOR_ON_ENTER_KEY_ACTION")
     Values ('INS_INS_INSURED_CATEGORY', 'AMOUNT', 'Сумма', '*', 'N', '1009', 'N', 'Y', '', '', '', '', '**AMOUNT', 'N'
            ,'N', '', '', '', '', '', '', '', '', '', 'L', 'Y', '*', '', '');

Insert Into FORM_COLUMNS
            ("FORM_CODE", "COLUMN_CODE", "COLUMN_USER_NAME", "COLUMN_DISPLAY_SIZE", "COLUMN_DATA_TYPE"
            ,"COLUMN_DISPLAY_NUMBER", "PIMARY_KEY_FLAG", "SHOW_ON_GRID", "TREE_INITIALIZATION_VALUE", "TREE_FIELD_TYPE"
            ,"EDITOR_TAB_CODE", "FIELD_TYPE", "COLUMN_DESCRIPTION", "IS_FROZEN_FLAG", "SHOW_HOVER_FLAG", "LOOKUP_CODE"
            ,"HOVER_COLUMN_CODE", "EDITOR_HEIGHT", "LOOKUP_FIELD_TYPE", "HELP_TEXT", "TEXT_MASK", "VALIDATION_REGEXP"
            ,"DEFAULT_ORDERBY_NUMBER", "DEFAULT_VALUE", "EDITOR_TITLE_ORIENTATION", "EDITOR_END_ROW_FLAG"
            ,"EDITOR_COLS_SPAN", "LOOKUP_DISPLAY_VALUE", "EDITOR_ON_ENTER_KEY_ACTION")
     Values ('INS_INS_INSURED_CATEGORY', 'CATEGORY_CODE', 'Категория', '*', 'S', '1006', 'N', 'Y', '', '', '', '8'
            ,'**CATEGORY_CODE', 'N', 'N', 'INS_MEDICAL_SERVICE_CATEGORY', '', '', '', '', '', '', '', '', 'L', 'Y', '*'
            ,'', '');

Insert Into FORM_COLUMNS
            ("FORM_CODE", "COLUMN_CODE", "COLUMN_USER_NAME", "COLUMN_DISPLAY_SIZE", "COLUMN_DATA_TYPE"
            ,"COLUMN_DISPLAY_NUMBER", "PIMARY_KEY_FLAG", "SHOW_ON_GRID", "TREE_INITIALIZATION_VALUE", "TREE_FIELD_TYPE"
            ,"EDITOR_TAB_CODE", "FIELD_TYPE", "COLUMN_DESCRIPTION", "IS_FROZEN_FLAG", "SHOW_HOVER_FLAG", "LOOKUP_CODE"
            ,"HOVER_COLUMN_CODE", "EDITOR_HEIGHT", "LOOKUP_FIELD_TYPE", "HELP_TEXT", "TEXT_MASK", "VALIDATION_REGEXP"
            ,"DEFAULT_ORDERBY_NUMBER", "DEFAULT_VALUE", "EDITOR_TITLE_ORIENTATION", "EDITOR_END_ROW_FLAG"
            ,"EDITOR_COLS_SPAN", "LOOKUP_DISPLAY_VALUE", "EDITOR_ON_ENTER_KEY_ACTION")
     Values ('INS_INS_INSURED_CATEGORY', 'CONTRACT_ID', '', '*', 'S', '1004', 'N', 'N', '', '', '', '', '**CONTRACT_ID'
            ,'N', 'N', '', '', '', '', '', '', '', '', '', 'L', 'Y', '*', '', '');

Insert Into FORM_COLUMNS
            ("FORM_CODE", "COLUMN_CODE", "COLUMN_USER_NAME", "COLUMN_DISPLAY_SIZE", "COLUMN_DATA_TYPE"
            ,"COLUMN_DISPLAY_NUMBER", "PIMARY_KEY_FLAG", "SHOW_ON_GRID", "TREE_INITIALIZATION_VALUE", "TREE_FIELD_TYPE"
            ,"EDITOR_TAB_CODE", "FIELD_TYPE", "COLUMN_DESCRIPTION", "IS_FROZEN_FLAG", "SHOW_HOVER_FLAG", "LOOKUP_CODE"
            ,"HOVER_COLUMN_CODE", "EDITOR_HEIGHT", "LOOKUP_FIELD_TYPE", "HELP_TEXT", "TEXT_MASK", "VALIDATION_REGEXP"
            ,"DEFAULT_ORDERBY_NUMBER", "DEFAULT_VALUE", "EDITOR_TITLE_ORIENTATION", "EDITOR_END_ROW_FLAG"
            ,"EDITOR_COLS_SPAN", "LOOKUP_DISPLAY_VALUE", "EDITOR_ON_ENTER_KEY_ACTION")
     Values ('INS_INS_INSURED_CATEGORY', 'CREATED', 'Creation date of the change set', '*', 'D', '1013', 'N', 'N', ''
            ,'', '', '', '*Creation date of the change set', 'N', 'N', '', '', '', '', '', '', '', '', '', 'L', 'Y'
            ,'*', '', '');

Insert Into FORM_COLUMNS
            ("FORM_CODE", "COLUMN_CODE", "COLUMN_USER_NAME", "COLUMN_DISPLAY_SIZE", "COLUMN_DATA_TYPE"
            ,"COLUMN_DISPLAY_NUMBER", "PIMARY_KEY_FLAG", "SHOW_ON_GRID", "TREE_INITIALIZATION_VALUE", "TREE_FIELD_TYPE"
            ,"EDITOR_TAB_CODE", "FIELD_TYPE", "COLUMN_DESCRIPTION", "IS_FROZEN_FLAG", "SHOW_HOVER_FLAG", "LOOKUP_CODE"
            ,"HOVER_COLUMN_CODE", "EDITOR_HEIGHT", "LOOKUP_FIELD_TYPE", "HELP_TEXT", "TEXT_MASK", "VALIDATION_REGEXP"
            ,"DEFAULT_ORDERBY_NUMBER", "DEFAULT_VALUE", "EDITOR_TITLE_ORIENTATION", "EDITOR_END_ROW_FLAG"
            ,"EDITOR_COLS_SPAN", "LOOKUP_DISPLAY_VALUE", "EDITOR_ON_ENTER_KEY_ACTION")
     Values ('INS_INS_INSURED_CATEGORY', 'CREATED_BY', 'Auditing; user that created the record.', '*', 'N', '1012', 'N'
            ,'N', '', '', '', '', '*Auditing; user that created the record.', 'N', 'N', '', '', '', '', '', '', '', ''
            ,'', 'L', 'Y', '*', '', '');

Insert Into FORM_COLUMNS
            ("FORM_CODE", "COLUMN_CODE", "COLUMN_USER_NAME", "COLUMN_DISPLAY_SIZE", "COLUMN_DATA_TYPE"
            ,"COLUMN_DISPLAY_NUMBER", "PIMARY_KEY_FLAG", "SHOW_ON_GRID", "TREE_INITIALIZATION_VALUE", "TREE_FIELD_TYPE"
            ,"EDITOR_TAB_CODE", "FIELD_TYPE", "COLUMN_DESCRIPTION", "IS_FROZEN_FLAG", "SHOW_HOVER_FLAG", "LOOKUP_CODE"
            ,"HOVER_COLUMN_CODE", "EDITOR_HEIGHT", "LOOKUP_FIELD_TYPE", "HELP_TEXT", "TEXT_MASK", "VALIDATION_REGEXP"
            ,"DEFAULT_ORDERBY_NUMBER", "DEFAULT_VALUE", "EDITOR_TITLE_ORIENTATION", "EDITOR_END_ROW_FLAG"
            ,"EDITOR_COLS_SPAN", "LOOKUP_DISPLAY_VALUE", "EDITOR_ON_ENTER_KEY_ACTION")
     Values ('INS_INS_INSURED_CATEGORY', 'ID', '2 - идентификатор записи;', '*', 'N', '1001', 'N', 'N', '', '', '', ''
            ,'*2 - идентификатор записи;', 'N', 'N', '', '', '', '', '', '', '', '', '', 'L', 'Y', '*', '', '');

Insert Into FORM_COLUMNS
            ("FORM_CODE", "COLUMN_CODE", "COLUMN_USER_NAME", "COLUMN_DISPLAY_SIZE", "COLUMN_DATA_TYPE"
            ,"COLUMN_DISPLAY_NUMBER", "PIMARY_KEY_FLAG", "SHOW_ON_GRID", "TREE_INITIALIZATION_VALUE", "TREE_FIELD_TYPE"
            ,"EDITOR_TAB_CODE", "FIELD_TYPE", "COLUMN_DESCRIPTION", "IS_FROZEN_FLAG", "SHOW_HOVER_FLAG", "LOOKUP_CODE"
            ,"HOVER_COLUMN_CODE", "EDITOR_HEIGHT", "LOOKUP_FIELD_TYPE", "HELP_TEXT", "TEXT_MASK", "VALIDATION_REGEXP"
            ,"DEFAULT_ORDERBY_NUMBER", "DEFAULT_VALUE", "EDITOR_TITLE_ORIENTATION", "EDITOR_END_ROW_FLAG"
            ,"EDITOR_COLS_SPAN", "LOOKUP_DISPLAY_VALUE", "EDITOR_ON_ENTER_KEY_ACTION")
     Values ('INS_INS_INSURED_CATEGORY', 'INSURED_ID', '', '*', 'S', '1003', 'N', 'N', '', '', '', '', '**INSURED_ID'
            ,'N', 'N', '', '', '', '', '', '', '', '', '', 'L', 'Y', '*', '', '');

Insert Into FORM_COLUMNS
            ("FORM_CODE", "COLUMN_CODE", "COLUMN_USER_NAME", "COLUMN_DISPLAY_SIZE", "COLUMN_DATA_TYPE"
            ,"COLUMN_DISPLAY_NUMBER", "PIMARY_KEY_FLAG", "SHOW_ON_GRID", "TREE_INITIALIZATION_VALUE", "TREE_FIELD_TYPE"
            ,"EDITOR_TAB_CODE", "FIELD_TYPE", "COLUMN_DESCRIPTION", "IS_FROZEN_FLAG", "SHOW_HOVER_FLAG", "LOOKUP_CODE"
            ,"HOVER_COLUMN_CODE", "EDITOR_HEIGHT", "LOOKUP_FIELD_TYPE", "HELP_TEXT", "TEXT_MASK", "VALIDATION_REGEXP"
            ,"DEFAULT_ORDERBY_NUMBER", "DEFAULT_VALUE", "EDITOR_TITLE_ORIENTATION", "EDITOR_END_ROW_FLAG"
            ,"EDITOR_COLS_SPAN", "LOOKUP_DISPLAY_VALUE", "EDITOR_ON_ENTER_KEY_ACTION")
     Values ('INS_INS_INSURED_CATEGORY', 'ISUNION', 'В объединении', '*', 'B', '1010', 'N', 'Y', '', '', '', ''
            ,'**ISUNION', 'N', 'N', '', '', '', '', '', '', '', '', '', 'L', 'Y', '*', '', '');

Insert Into FORM_COLUMNS
            ("FORM_CODE", "COLUMN_CODE", "COLUMN_USER_NAME", "COLUMN_DISPLAY_SIZE", "COLUMN_DATA_TYPE"
            ,"COLUMN_DISPLAY_NUMBER", "PIMARY_KEY_FLAG", "SHOW_ON_GRID", "TREE_INITIALIZATION_VALUE", "TREE_FIELD_TYPE"
            ,"EDITOR_TAB_CODE", "FIELD_TYPE", "COLUMN_DESCRIPTION", "IS_FROZEN_FLAG", "SHOW_HOVER_FLAG", "LOOKUP_CODE"
            ,"HOVER_COLUMN_CODE", "EDITOR_HEIGHT", "LOOKUP_FIELD_TYPE", "HELP_TEXT", "TEXT_MASK", "VALIDATION_REGEXP"
            ,"DEFAULT_ORDERBY_NUMBER", "DEFAULT_VALUE", "EDITOR_TITLE_ORIENTATION", "EDITOR_END_ROW_FLAG"
            ,"EDITOR_COLS_SPAN", "LOOKUP_DISPLAY_VALUE", "EDITOR_ON_ENTER_KEY_ACTION")
     Values ('INS_INS_INSURED_CATEGORY', 'IS_PERSONAL_LIMIT', 'Персональный', '*', 'B', '1011', 'N', 'Y', '', '', ''
            ,'', '**IS_PERSONAL_LIMIT', 'N', 'N', '', '', '', '', '', '', '', '', '', 'L', 'Y', '*', '', '');

Insert Into FORM_COLUMNS
            ("FORM_CODE", "COLUMN_CODE", "COLUMN_USER_NAME", "COLUMN_DISPLAY_SIZE", "COLUMN_DATA_TYPE"
            ,"COLUMN_DISPLAY_NUMBER", "PIMARY_KEY_FLAG", "SHOW_ON_GRID", "TREE_INITIALIZATION_VALUE", "TREE_FIELD_TYPE"
            ,"EDITOR_TAB_CODE", "FIELD_TYPE", "COLUMN_DESCRIPTION", "IS_FROZEN_FLAG", "SHOW_HOVER_FLAG", "LOOKUP_CODE"
            ,"HOVER_COLUMN_CODE", "EDITOR_HEIGHT", "LOOKUP_FIELD_TYPE", "HELP_TEXT", "TEXT_MASK", "VALIDATION_REGEXP"
            ,"DEFAULT_ORDERBY_NUMBER", "DEFAULT_VALUE", "EDITOR_TITLE_ORIENTATION", "EDITOR_END_ROW_FLAG"
            ,"EDITOR_COLS_SPAN", "LOOKUP_DISPLAY_VALUE", "EDITOR_ON_ENTER_KEY_ACTION")
     Values ('INS_INS_INSURED_CATEGORY', 'ORIG_REF_ID', '', '*', 'N', '1016', 'N', 'N', '', '', '', '', '**ORIG_REF_ID'
            ,'N', 'N', '', '', '', '', '', '', '', '', '', 'L', 'Y', '*', '', '');

Insert Into FORM_COLUMNS
            ("FORM_CODE", "COLUMN_CODE", "COLUMN_USER_NAME", "COLUMN_DISPLAY_SIZE", "COLUMN_DATA_TYPE"
            ,"COLUMN_DISPLAY_NUMBER", "PIMARY_KEY_FLAG", "SHOW_ON_GRID", "TREE_INITIALIZATION_VALUE", "TREE_FIELD_TYPE"
            ,"EDITOR_TAB_CODE", "FIELD_TYPE", "COLUMN_DESCRIPTION", "IS_FROZEN_FLAG", "SHOW_HOVER_FLAG", "LOOKUP_CODE"
            ,"HOVER_COLUMN_CODE", "EDITOR_HEIGHT", "LOOKUP_FIELD_TYPE", "HELP_TEXT", "TEXT_MASK", "VALIDATION_REGEXP"
            ,"DEFAULT_ORDERBY_NUMBER", "DEFAULT_VALUE", "EDITOR_TITLE_ORIENTATION", "EDITOR_END_ROW_FLAG"
            ,"EDITOR_COLS_SPAN", "LOOKUP_DISPLAY_VALUE", "EDITOR_ON_ENTER_KEY_ACTION")
     Values ('INS_INS_INSURED_CATEGORY', 'PROGRAM_AMOUNT', 'Программа.Сумма', '*', 'N', '1007', 'N', 'Y', '', '', ''
            ,'', '**PROGRAM_AMOUNT', 'N', 'N', '', '', '', '', '', '', '', '', '', 'L', 'Y', '*', '', '');

Insert Into FORM_COLUMNS
            ("FORM_CODE", "COLUMN_CODE", "COLUMN_USER_NAME", "COLUMN_DISPLAY_SIZE", "COLUMN_DATA_TYPE"
            ,"COLUMN_DISPLAY_NUMBER", "PIMARY_KEY_FLAG", "SHOW_ON_GRID", "TREE_INITIALIZATION_VALUE", "TREE_FIELD_TYPE"
            ,"EDITOR_TAB_CODE", "FIELD_TYPE", "COLUMN_DESCRIPTION", "IS_FROZEN_FLAG", "SHOW_HOVER_FLAG", "LOOKUP_CODE"
            ,"HOVER_COLUMN_CODE", "EDITOR_HEIGHT", "LOOKUP_FIELD_TYPE", "HELP_TEXT", "TEXT_MASK", "VALIDATION_REGEXP"
            ,"DEFAULT_ORDERBY_NUMBER", "DEFAULT_VALUE", "EDITOR_TITLE_ORIENTATION", "EDITOR_END_ROW_FLAG"
            ,"EDITOR_COLS_SPAN", "LOOKUP_DISPLAY_VALUE", "EDITOR_ON_ENTER_KEY_ACTION")
     Values ('INS_INS_INSURED_CATEGORY', 'PROGRAM_CATEGORY_ID', '', '*', 'N', '1002', 'N', 'N', '', '', '', ''
            ,'**PROGRAM_CATEGORY_ID', 'N', 'N', '', '', '', '', '', '', '', '', '', 'L', 'Y', '*', '', '');

Insert Into FORM_COLUMNS
            ("FORM_CODE", "COLUMN_CODE", "COLUMN_USER_NAME", "COLUMN_DISPLAY_SIZE", "COLUMN_DATA_TYPE"
            ,"COLUMN_DISPLAY_NUMBER", "PIMARY_KEY_FLAG", "SHOW_ON_GRID", "TREE_INITIALIZATION_VALUE", "TREE_FIELD_TYPE"
            ,"EDITOR_TAB_CODE", "FIELD_TYPE", "COLUMN_DESCRIPTION", "IS_FROZEN_FLAG", "SHOW_HOVER_FLAG", "LOOKUP_CODE"
            ,"HOVER_COLUMN_CODE", "EDITOR_HEIGHT", "LOOKUP_FIELD_TYPE", "HELP_TEXT", "TEXT_MASK", "VALIDATION_REGEXP"
            ,"DEFAULT_ORDERBY_NUMBER", "DEFAULT_VALUE", "EDITOR_TITLE_ORIENTATION", "EDITOR_END_ROW_FLAG"
            ,"EDITOR_COLS_SPAN", "LOOKUP_DISPLAY_VALUE", "EDITOR_ON_ENTER_KEY_ACTION")
     Values ('INS_INS_INSURED_CATEGORY', 'PROGRAM_CODE', '', '*', 'S', '1005', 'N', 'N', '', '', '', ''
            ,'**PROGRAM_CODE', 'N', 'N', '', '', '', '', '', '', '', '', '', 'L', 'Y', '*', '', '');

Insert Into FORM_COLUMNS
            ("FORM_CODE", "COLUMN_CODE", "COLUMN_USER_NAME", "COLUMN_DISPLAY_SIZE", "COLUMN_DATA_TYPE"
            ,"COLUMN_DISPLAY_NUMBER", "PIMARY_KEY_FLAG", "SHOW_ON_GRID", "TREE_INITIALIZATION_VALUE", "TREE_FIELD_TYPE"
            ,"EDITOR_TAB_CODE", "FIELD_TYPE", "COLUMN_DESCRIPTION", "IS_FROZEN_FLAG", "SHOW_HOVER_FLAG", "LOOKUP_CODE"
            ,"HOVER_COLUMN_CODE", "EDITOR_HEIGHT", "LOOKUP_FIELD_TYPE", "HELP_TEXT", "TEXT_MASK", "VALIDATION_REGEXP"
            ,"DEFAULT_ORDERBY_NUMBER", "DEFAULT_VALUE", "EDITOR_TITLE_ORIENTATION", "EDITOR_END_ROW_FLAG"
            ,"EDITOR_COLS_SPAN", "LOOKUP_DISPLAY_VALUE", "EDITOR_ON_ENTER_KEY_ACTION")
     Values ('INS_INS_INSURED_CATEGORY', 'PROGRAM_ISUNION', 'Программа.В объединении', '*', 'B', '1008', 'N', 'Y', ''
            ,'', '', '', '**PROGRAM_ISUNION', 'N', 'N', '', '', '', '', '', '', '', '', '', 'L', 'Y', '*', '', '');

Insert Into FORM_COLUMNS
            ("FORM_CODE", "COLUMN_CODE", "COLUMN_USER_NAME", "COLUMN_DISPLAY_SIZE", "COLUMN_DATA_TYPE"
            ,"COLUMN_DISPLAY_NUMBER", "PIMARY_KEY_FLAG", "SHOW_ON_GRID", "TREE_INITIALIZATION_VALUE", "TREE_FIELD_TYPE"
            ,"EDITOR_TAB_CODE", "FIELD_TYPE", "COLUMN_DESCRIPTION", "IS_FROZEN_FLAG", "SHOW_HOVER_FLAG", "LOOKUP_CODE"
            ,"HOVER_COLUMN_CODE", "EDITOR_HEIGHT", "LOOKUP_FIELD_TYPE", "HELP_TEXT", "TEXT_MASK", "VALIDATION_REGEXP"
            ,"DEFAULT_ORDERBY_NUMBER", "DEFAULT_VALUE", "EDITOR_TITLE_ORIENTATION", "EDITOR_END_ROW_FLAG"
            ,"EDITOR_COLS_SPAN", "LOOKUP_DISPLAY_VALUE", "EDITOR_ON_ENTER_KEY_ACTION")
     Values ('INS_INS_INSURED_CATEGORY', 'UPDATED', '', '*', 'D', '1015', 'N', 'N', '', '', '', '', '**UPDATED', 'N'
            ,'N', '', '', '', '', '', '', '', '', '', 'L', 'Y', '*', '', '');

Insert Into FORM_COLUMNS
            ("FORM_CODE", "COLUMN_CODE", "COLUMN_USER_NAME", "COLUMN_DISPLAY_SIZE", "COLUMN_DATA_TYPE"
            ,"COLUMN_DISPLAY_NUMBER", "PIMARY_KEY_FLAG", "SHOW_ON_GRID", "TREE_INITIALIZATION_VALUE", "TREE_FIELD_TYPE"
            ,"EDITOR_TAB_CODE", "FIELD_TYPE", "COLUMN_DESCRIPTION", "IS_FROZEN_FLAG", "SHOW_HOVER_FLAG", "LOOKUP_CODE"
            ,"HOVER_COLUMN_CODE", "EDITOR_HEIGHT", "LOOKUP_FIELD_TYPE", "HELP_TEXT", "TEXT_MASK", "VALIDATION_REGEXP"
            ,"DEFAULT_ORDERBY_NUMBER", "DEFAULT_VALUE", "EDITOR_TITLE_ORIENTATION", "EDITOR_END_ROW_FLAG"
            ,"EDITOR_COLS_SPAN", "LOOKUP_DISPLAY_VALUE", "EDITOR_ON_ENTER_KEY_ACTION")
     Values ('INS_INS_INSURED_CATEGORY', 'UPDATED_BY', '', '*', 'N', '1014', 'N', 'N', '', '', '', '', '**UPDATED_BY'
            ,'N', 'N', '', '', '', '', '', '', '', '', '', 'L', 'Y', '*', '', '');

Alter Table forms Enable VALIDATE Constraint forms_form_actions_fk;
Alter Table FORMS Enable All Triggers;

/*****************INS_INS_INSURED_FILTER*********************/
Alter Table FORMS Disable All Triggers;
Alter Table forms Disable Constraint forms_form_actions_fk;
Delete From FORM_COLUMNS
      Where form_code = 'INS_INS_INSURED_FILTER';
Delete From FORM_COLUMNS$
      Where form_code = 'INS_INS_INSURED_FILTER';
Delete From FORM_ACTIONS
      Where form_code = 'INS_INS_INSURED_FILTER';
Delete From FORM_TABS
      Where form_code = 'INS_INS_INSURED_FILTER';
Delete From FORMS
      Where form_code = 'INS_INS_INSURED_FILTER';
/*  Form: INS_INS_INSURED_FILTER. Entity: FORMS.  */

Insert Into FORMS
            ("FORM_CODE", "HOT_KEY", "SQL_TEXT", "FORM_NAME", "FORM_TYPE", "SHOW_TREE_ROOT_NODE", "ICON_ID"
            ,"FORM_WIDTH", "FORM_HEIGHT", "BOTTOM_TABS_ORIENTATION", "SIDE_TABS_ORIENTATION", "SHOW_BOTTOM_TOOLBAR"
            ,"OBJECT_VERSION_NUMBER", "DEFAULT_COLUMN_WIDTH", "DESCRIPTION", "DOUBLE_CLICK_ACTION_CODE", "LOOKUP_WIDTH"
            ,"APPS_CODE", "EXPORT_ORDER")
     Values ('INS_INS_INSURED_FILTER', ''
            ,'With t As
     (
        Select   a.user_id, a.ins_company, a.client_company, a.card_no, a.fio, a.all_family, a.show_all
            From ins.ins_insured_filter a
           Where a.user_id = ins.users_pkg.get_user_id ()
              Or a.user_id = -1
        Order By user_id Desc)
Select *
  From t
 Where ROWNUM = 1
'
            ,'', 'G', 'Y', '', '0%', '60', '', 'R', 'Y', '78', '*', '', '', '', 'INS', '100');
/*  Form: INS_INS_INSURED_FILTER. Entity: FORM_TABS.  */

Insert Into FORM_TABS
            ("FORM_CODE", "TAB_CODE", "CHILD_FORM_CODE", "TAB_POSITION", "TAB_NAME", "NUMBER_OF_COLUMNS", "ICON_ID"
            ,"TAB_TYPE", "TAB_DISPLAY_NUMBER")
     Values ('INS_INS_INSURED_FILTER', 'FLTTR', '', 'R', 'Застрахованные-фильтр', '8', '34', '1', '');

Insert Into FORM_TABS
            ("FORM_CODE", "TAB_CODE", "CHILD_FORM_CODE", "TAB_POSITION", "TAB_NAME", "NUMBER_OF_COLUMNS", "ICON_ID"
            ,"TAB_TYPE", "TAB_DISPLAY_NUMBER")
     Values ('INS_INS_INSURED_FILTER', 'INSURED', 'INS_INS_INSURED', 'B', 'Список застрахованных', '', '13', '2', '');
/*  Form: INS_INS_INSURED_FILTER. Entity: FORM_ACTIONS.  */

Insert Into FORM_ACTIONS
            ("FORM_CODE", "ACTION_CODE", "PROCEDURE_NAME", "ACTION_DISPLAY_NAME", "ICON_ID", "DEFAULT_PARAM_PREFIX"
            ,"DEFAULT_OLD_PARAM_PREFIX", "ACTION_TYPE", "DISPLAY_NUMBER", "CONFIRM_TEXT", "HOT_KEY"
            ,"SHOW_SEPARATOR_BELOW", "DISPLAY_ON_TOOLBAR", "CHILD_FORM_CODE")
     Values ('INS_INS_INSURED_FILTER', 'CLEAR', 'INS_INSURED_FILTER_PKG.p_clear_filter', 'Очистить', '48', '', '', '7'
            ,'130', '', '', 'N', 'Y', '');

Insert Into FORM_ACTIONS
            ("FORM_CODE", "ACTION_CODE", "PROCEDURE_NAME", "ACTION_DISPLAY_NAME", "ICON_ID", "DEFAULT_PARAM_PREFIX"
            ,"DEFAULT_OLD_PARAM_PREFIX", "ACTION_TYPE", "DISPLAY_NUMBER", "CONFIRM_TEXT", "HOT_KEY"
            ,"SHOW_SEPARATOR_BELOW", "DISPLAY_ON_TOOLBAR", "CHILD_FORM_CODE")
     Values ('INS_INS_INSURED_FILTER', 'UPD', 'INS_INSURED_FILTER_PKG.p_ins_upd', 'Применить', '46', '', '', '2', '120'
            ,'', '', 'N', 'Y', '');
/*  Form: INS_INS_INSURED_FILTER. Entity: FORM_COLUMNS$.  */

Insert Into FORM_COLUMNS$
            ("COL_NUM", "COL_TYPE", "COL_MAX_LEN", "COL_NAME", "COL_NAME_LEN", "COL_PRECISION", "COL_SCALE"
            ,"FORM_CODE", "PIMARY_KEY_FLAG", "DEFAULT_COLUMN_WIDTH", "COLUMN_DESCRIPTION")
     Values ('6', 'VARCHAR2', '4', 'ALL_FAMILY', '10', '0', '0', 'INS_INS_INSURED_FILTER', '', '*', '*д) по всей семье');

Insert Into FORM_COLUMNS$
            ("COL_NUM", "COL_TYPE", "COL_MAX_LEN", "COL_NAME", "COL_NAME_LEN", "COL_PRECISION", "COL_SCALE"
            ,"FORM_CODE", "PIMARY_KEY_FLAG", "DEFAULT_COLUMN_WIDTH", "COLUMN_DESCRIPTION")
     Values ('4', 'VARCHAR2', '4000', 'CARD_NO', '7', '0', '0', 'INS_INS_INSURED_FILTER', '', '*', '*в) № Карты');

Insert Into FORM_COLUMNS$
            ("COL_NUM", "COL_TYPE", "COL_MAX_LEN", "COL_NAME", "COL_NAME_LEN", "COL_PRECISION", "COL_SCALE"
            ,"FORM_CODE", "PIMARY_KEY_FLAG", "DEFAULT_COLUMN_WIDTH", "COLUMN_DESCRIPTION")
     Values ('3', 'VARCHAR2', '4000', 'CLIENT_COMPANY', '14', '0', '0', 'INS_INS_INSURED_FILTER', '', '*'
            ,'*б) клиентская');

Insert Into FORM_COLUMNS$
            ("COL_NUM", "COL_TYPE", "COL_MAX_LEN", "COL_NAME", "COL_NAME_LEN", "COL_PRECISION", "COL_SCALE"
            ,"FORM_CODE", "PIMARY_KEY_FLAG", "DEFAULT_COLUMN_WIDTH", "COLUMN_DESCRIPTION")
     Values ('5', 'VARCHAR2', '4000', 'FIO', '3', '0', '0', 'INS_INS_INSURED_FILTER', '', '*', '*ФИО');

Insert Into FORM_COLUMNS$
            ("COL_NUM", "COL_TYPE", "COL_MAX_LEN", "COL_NAME", "COL_NAME_LEN", "COL_PRECISION", "COL_SCALE"
            ,"FORM_CODE", "PIMARY_KEY_FLAG", "DEFAULT_COLUMN_WIDTH", "COLUMN_DESCRIPTION")
     Values ('2', 'VARCHAR2', '4000', 'INS_COMPANY', '11', '0', '0', 'INS_INS_INSURED_FILTER', '', '*'
            ,'*а) Страх. комп.');

Insert Into FORM_COLUMNS$
            ("COL_NUM", "COL_TYPE", "COL_MAX_LEN", "COL_NAME", "COL_NAME_LEN", "COL_PRECISION", "COL_SCALE"
            ,"FORM_CODE", "PIMARY_KEY_FLAG", "DEFAULT_COLUMN_WIDTH", "COLUMN_DESCRIPTION")
     Values ('7', 'VARCHAR2', '4', 'SHOW_ALL', '8', '0', '0', 'INS_INS_INSURED_FILTER', '', '*'
            ,'*е) Признак "Показать все" - вместо Дата по застраховенного  (не позже чем  6 мес)');

Insert Into FORM_COLUMNS$
            ("COL_NUM", "COL_TYPE", "COL_MAX_LEN", "COL_NAME", "COL_NAME_LEN", "COL_PRECISION", "COL_SCALE"
            ,"FORM_CODE", "PIMARY_KEY_FLAG", "DEFAULT_COLUMN_WIDTH", "COLUMN_DESCRIPTION")
     Values ('1', 'NUMBER', '22', 'USER_ID', '7', '0', '-127', 'INS_INS_INSURED_FILTER', '', '*', '*Database user id.');
/*  Form: INS_INS_INSURED_FILTER. Entity: FORM_COLUMNS.  */

Insert Into FORM_COLUMNS
            ("FORM_CODE", "COLUMN_CODE", "COLUMN_USER_NAME", "COLUMN_DISPLAY_SIZE", "COLUMN_DATA_TYPE"
            ,"COLUMN_DISPLAY_NUMBER", "PIMARY_KEY_FLAG", "SHOW_ON_GRID", "TREE_INITIALIZATION_VALUE", "TREE_FIELD_TYPE"
            ,"EDITOR_TAB_CODE", "FIELD_TYPE", "COLUMN_DESCRIPTION", "IS_FROZEN_FLAG", "SHOW_HOVER_FLAG", "LOOKUP_CODE"
            ,"HOVER_COLUMN_CODE", "EDITOR_HEIGHT", "LOOKUP_FIELD_TYPE", "HELP_TEXT", "TEXT_MASK", "VALIDATION_REGEXP"
            ,"DEFAULT_ORDERBY_NUMBER", "DEFAULT_VALUE", "EDITOR_TITLE_ORIENTATION", "EDITOR_END_ROW_FLAG"
            ,"EDITOR_COLS_SPAN", "LOOKUP_DISPLAY_VALUE", "EDITOR_ON_ENTER_KEY_ACTION")
     Values ('INS_INS_INSURED_FILTER', 'ALL_FAMILY', 'По всей семье', '*', 'B', '30', 'N', 'Y', '', '', 'FLTTR', ''
            ,'*д) по всей семье', 'N', 'N', '', '', '', '', '', '', '', '', '', 'L', 'Y', '1', '', 'UPD');

Insert Into FORM_COLUMNS
            ("FORM_CODE", "COLUMN_CODE", "COLUMN_USER_NAME", "COLUMN_DISPLAY_SIZE", "COLUMN_DATA_TYPE"
            ,"COLUMN_DISPLAY_NUMBER", "PIMARY_KEY_FLAG", "SHOW_ON_GRID", "TREE_INITIALIZATION_VALUE", "TREE_FIELD_TYPE"
            ,"EDITOR_TAB_CODE", "FIELD_TYPE", "COLUMN_DESCRIPTION", "IS_FROZEN_FLAG", "SHOW_HOVER_FLAG", "LOOKUP_CODE"
            ,"HOVER_COLUMN_CODE", "EDITOR_HEIGHT", "LOOKUP_FIELD_TYPE", "HELP_TEXT", "TEXT_MASK", "VALIDATION_REGEXP"
            ,"DEFAULT_ORDERBY_NUMBER", "DEFAULT_VALUE", "EDITOR_TITLE_ORIENTATION", "EDITOR_END_ROW_FLAG"
            ,"EDITOR_COLS_SPAN", "LOOKUP_DISPLAY_VALUE", "EDITOR_ON_ENTER_KEY_ACTION")
     Values ('INS_INS_INSURED_FILTER', 'CARD_NO', '№ Карты', '*', 'S', '10', 'N', 'Y', '', '', 'FLTTR', ''
            ,'*в) № Карты', 'N', 'N', '', '', '', '', '', '', '', '', '', 'L', 'N', '1', '', 'UPD');

Insert Into FORM_COLUMNS
            ("FORM_CODE", "COLUMN_CODE", "COLUMN_USER_NAME", "COLUMN_DISPLAY_SIZE", "COLUMN_DATA_TYPE"
            ,"COLUMN_DISPLAY_NUMBER", "PIMARY_KEY_FLAG", "SHOW_ON_GRID", "TREE_INITIALIZATION_VALUE", "TREE_FIELD_TYPE"
            ,"EDITOR_TAB_CODE", "FIELD_TYPE", "COLUMN_DESCRIPTION", "IS_FROZEN_FLAG", "SHOW_HOVER_FLAG", "LOOKUP_CODE"
            ,"HOVER_COLUMN_CODE", "EDITOR_HEIGHT", "LOOKUP_FIELD_TYPE", "HELP_TEXT", "TEXT_MASK", "VALIDATION_REGEXP"
            ,"DEFAULT_ORDERBY_NUMBER", "DEFAULT_VALUE", "EDITOR_TITLE_ORIENTATION", "EDITOR_END_ROW_FLAG"
            ,"EDITOR_COLS_SPAN", "LOOKUP_DISPLAY_VALUE", "EDITOR_ON_ENTER_KEY_ACTION")
     Values ('INS_INS_INSURED_FILTER', 'CLIENT_COMPANY', 'Клиентская', '*', 'S', '50', 'N', 'Y', '', '', 'FLTTR', '9'
            ,'*б) клиентская', 'N', 'N', 'INS_COMPANY_LIST', '', '', '', '', '', '', '', '', 'L', 'N', '2', '', 'UPD');

Insert Into FORM_COLUMNS
            ("FORM_CODE", "COLUMN_CODE", "COLUMN_USER_NAME", "COLUMN_DISPLAY_SIZE", "COLUMN_DATA_TYPE"
            ,"COLUMN_DISPLAY_NUMBER", "PIMARY_KEY_FLAG", "SHOW_ON_GRID", "TREE_INITIALIZATION_VALUE", "TREE_FIELD_TYPE"
            ,"EDITOR_TAB_CODE", "FIELD_TYPE", "COLUMN_DESCRIPTION", "IS_FROZEN_FLAG", "SHOW_HOVER_FLAG", "LOOKUP_CODE"
            ,"HOVER_COLUMN_CODE", "EDITOR_HEIGHT", "LOOKUP_FIELD_TYPE", "HELP_TEXT", "TEXT_MASK", "VALIDATION_REGEXP"
            ,"DEFAULT_ORDERBY_NUMBER", "DEFAULT_VALUE", "EDITOR_TITLE_ORIENTATION", "EDITOR_END_ROW_FLAG"
            ,"EDITOR_COLS_SPAN", "LOOKUP_DISPLAY_VALUE", "EDITOR_ON_ENTER_KEY_ACTION")
     Values ('INS_INS_INSURED_FILTER', 'FIO', 'ФИО', '*', 'S', '20', 'N', 'Y', '', '', 'FLTTR', '', '*ФИО', 'N', 'N'
            ,'', '', '', '', '', '', '', '', '', 'L', 'N', '3', '', 'UPD');

Insert Into FORM_COLUMNS
            ("FORM_CODE", "COLUMN_CODE", "COLUMN_USER_NAME", "COLUMN_DISPLAY_SIZE", "COLUMN_DATA_TYPE"
            ,"COLUMN_DISPLAY_NUMBER", "PIMARY_KEY_FLAG", "SHOW_ON_GRID", "TREE_INITIALIZATION_VALUE", "TREE_FIELD_TYPE"
            ,"EDITOR_TAB_CODE", "FIELD_TYPE", "COLUMN_DESCRIPTION", "IS_FROZEN_FLAG", "SHOW_HOVER_FLAG", "LOOKUP_CODE"
            ,"HOVER_COLUMN_CODE", "EDITOR_HEIGHT", "LOOKUP_FIELD_TYPE", "HELP_TEXT", "TEXT_MASK", "VALIDATION_REGEXP"
            ,"DEFAULT_ORDERBY_NUMBER", "DEFAULT_VALUE", "EDITOR_TITLE_ORIENTATION", "EDITOR_END_ROW_FLAG"
            ,"EDITOR_COLS_SPAN", "LOOKUP_DISPLAY_VALUE", "EDITOR_ON_ENTER_KEY_ACTION")
     Values ('INS_INS_INSURED_FILTER', 'INS_COMPANY', 'Страховая', '*', 'S', '40', 'N', 'Y', '', '', 'FLTTR', '9'
            ,'*а) Страх. комп.', 'N', 'N', 'INS_COMPANY_LIST', '', '', '', '', '', '', '', '', 'L', 'N', '2', '', 'UPD');

Insert Into FORM_COLUMNS
            ("FORM_CODE", "COLUMN_CODE", "COLUMN_USER_NAME", "COLUMN_DISPLAY_SIZE", "COLUMN_DATA_TYPE"
            ,"COLUMN_DISPLAY_NUMBER", "PIMARY_KEY_FLAG", "SHOW_ON_GRID", "TREE_INITIALIZATION_VALUE", "TREE_FIELD_TYPE"
            ,"EDITOR_TAB_CODE", "FIELD_TYPE", "COLUMN_DESCRIPTION", "IS_FROZEN_FLAG", "SHOW_HOVER_FLAG", "LOOKUP_CODE"
            ,"HOVER_COLUMN_CODE", "EDITOR_HEIGHT", "LOOKUP_FIELD_TYPE", "HELP_TEXT", "TEXT_MASK", "VALIDATION_REGEXP"
            ,"DEFAULT_ORDERBY_NUMBER", "DEFAULT_VALUE", "EDITOR_TITLE_ORIENTATION", "EDITOR_END_ROW_FLAG"
            ,"EDITOR_COLS_SPAN", "LOOKUP_DISPLAY_VALUE", "EDITOR_ON_ENTER_KEY_ACTION")
     Values ('INS_INS_INSURED_FILTER', 'SHOW_ALL', 'Показать все', '*', 'B', '60', 'N', 'Y', '', '', 'FLTTR', ''
            ,'*е) Признак "Показать все" - вместо Дата по застраховенного  (не позже чем  6 мес)', 'N', 'N', '', '', ''
            ,'', '', '', '', '', '', 'L', 'Y', '1', '', 'UPD');

Insert Into FORM_COLUMNS
            ("FORM_CODE", "COLUMN_CODE", "COLUMN_USER_NAME", "COLUMN_DISPLAY_SIZE", "COLUMN_DATA_TYPE"
            ,"COLUMN_DISPLAY_NUMBER", "PIMARY_KEY_FLAG", "SHOW_ON_GRID", "TREE_INITIALIZATION_VALUE", "TREE_FIELD_TYPE"
            ,"EDITOR_TAB_CODE", "FIELD_TYPE", "COLUMN_DESCRIPTION", "IS_FROZEN_FLAG", "SHOW_HOVER_FLAG", "LOOKUP_CODE"
            ,"HOVER_COLUMN_CODE", "EDITOR_HEIGHT", "LOOKUP_FIELD_TYPE", "HELP_TEXT", "TEXT_MASK", "VALIDATION_REGEXP"
            ,"DEFAULT_ORDERBY_NUMBER", "DEFAULT_VALUE", "EDITOR_TITLE_ORIENTATION", "EDITOR_END_ROW_FLAG"
            ,"EDITOR_COLS_SPAN", "LOOKUP_DISPLAY_VALUE", "EDITOR_ON_ENTER_KEY_ACTION")
     Values ('INS_INS_INSURED_FILTER', 'USER_ID', 'Database user id.', '*', 'N', '1001', 'Y', 'Y', '', '', '', ''
            ,'*Database user id.', 'N', 'N', '', '', '', '', '', '', '', '', '', 'L', 'Y', '*', '', '');

Alter Table forms Enable VALIDATE Constraint forms_form_actions_fk;
Alter Table FORMS Enable All Triggers;

/*****************INS_INS_INSURED_LIST*********************/
Alter Table FORMS Disable All Triggers;
Alter Table forms Disable Constraint forms_form_actions_fk;
Delete From FORM_COLUMNS
      Where form_code = 'INS_INS_INSURED_LIST';
Delete From FORM_COLUMNS$
      Where form_code = 'INS_INS_INSURED_LIST';
Delete From FORM_ACTIONS
      Where form_code = 'INS_INS_INSURED_LIST';
Delete From FORM_TABS
      Where form_code = 'INS_INS_INSURED_LIST';
Delete From FORMS
      Where form_code = 'INS_INS_INSURED_LIST';
/*  Form: INS_INS_INSURED_LIST. Entity: FORMS.  */

Insert Into FORMS
            ("FORM_CODE", "HOT_KEY", "SQL_TEXT", "FORM_NAME", "FORM_TYPE", "SHOW_TREE_ROOT_NODE", "ICON_ID"
            ,"FORM_WIDTH", "FORM_HEIGHT", "BOTTOM_TABS_ORIENTATION", "SIDE_TABS_ORIENTATION", "SHOW_BOTTOM_TOOLBAR"
            ,"OBJECT_VERSION_NUMBER", "DEFAULT_COLUMN_WIDTH", "DESCRIPTION", "DOUBLE_CLICK_ACTION_CODE", "LOOKUP_WIDTH"
            ,"APPS_CODE", "EXPORT_ORDER")
     Values ('INS_INS_INSURED_LIST', ''
            ,'Select i.Id As insured_id, i.card_no || ''. '' || i.fio As info
  From ins.ins_insured i
 Where i.contract_id = NVL (:contract_id, i.contract_id)
   And i.card_no || i.fio Like ''%'' || :search_text || ''%''
'
            ,'', 'G', 'Y', '', '*', '*', '', '', 'Y', '21', '*', '', '', '', 'INS', '100');
/*  Form: INS_INS_INSURED_LIST. Entity: FORM_TABS.  */
/*  Form: INS_INS_INSURED_LIST. Entity: FORM_ACTIONS.  */

Insert Into FORM_ACTIONS
            ("FORM_CODE", "ACTION_CODE", "PROCEDURE_NAME", "ACTION_DISPLAY_NAME", "ICON_ID", "DEFAULT_PARAM_PREFIX"
            ,"DEFAULT_OLD_PARAM_PREFIX", "ACTION_TYPE", "DISPLAY_NUMBER", "CONFIRM_TEXT", "HOT_KEY"
            ,"SHOW_SEPARATOR_BELOW", "DISPLAY_ON_TOOLBAR", "CHILD_FORM_CODE")
     Values ('INS_INS_INSURED_LIST', 'DEL', 'INS_INS_INSURED_LIST_PKG.p_delete', 'Удалить', '48', '', '', '3', '130'
            ,'Вы уверенны что хотите удалить запись?', '', 'N', 'Y', '');

Insert Into FORM_ACTIONS
            ("FORM_CODE", "ACTION_CODE", "PROCEDURE_NAME", "ACTION_DISPLAY_NAME", "ICON_ID", "DEFAULT_PARAM_PREFIX"
            ,"DEFAULT_OLD_PARAM_PREFIX", "ACTION_TYPE", "DISPLAY_NUMBER", "CONFIRM_TEXT", "HOT_KEY"
            ,"SHOW_SEPARATOR_BELOW", "DISPLAY_ON_TOOLBAR", "CHILD_FORM_CODE")
     Values ('INS_INS_INSURED_LIST', 'EDIT', '', 'Редактировать', '50', '', '', '8', '115', 'Вы уверенны?', '', 'N'
            ,'Y', '');

Insert Into FORM_ACTIONS
            ("FORM_CODE", "ACTION_CODE", "PROCEDURE_NAME", "ACTION_DISPLAY_NAME", "ICON_ID", "DEFAULT_PARAM_PREFIX"
            ,"DEFAULT_OLD_PARAM_PREFIX", "ACTION_TYPE", "DISPLAY_NUMBER", "CONFIRM_TEXT", "HOT_KEY"
            ,"SHOW_SEPARATOR_BELOW", "DISPLAY_ON_TOOLBAR", "CHILD_FORM_CODE")
     Values ('INS_INS_INSURED_LIST', 'INS', '', 'Создать', '47', '', '', '1', '110', '', '', 'N', 'Y', '');

Insert Into FORM_ACTIONS
            ("FORM_CODE", "ACTION_CODE", "PROCEDURE_NAME", "ACTION_DISPLAY_NAME", "ICON_ID", "DEFAULT_PARAM_PREFIX"
            ,"DEFAULT_OLD_PARAM_PREFIX", "ACTION_TYPE", "DISPLAY_NUMBER", "CONFIRM_TEXT", "HOT_KEY"
            ,"SHOW_SEPARATOR_BELOW", "DISPLAY_ON_TOOLBAR", "CHILD_FORM_CODE")
     Values ('INS_INS_INSURED_LIST', 'REFR', '', 'Обновить', '15', '', '', '4', '10', '', '', 'N', 'Y', '');

Insert Into FORM_ACTIONS
            ("FORM_CODE", "ACTION_CODE", "PROCEDURE_NAME", "ACTION_DISPLAY_NAME", "ICON_ID", "DEFAULT_PARAM_PREFIX"
            ,"DEFAULT_OLD_PARAM_PREFIX", "ACTION_TYPE", "DISPLAY_NUMBER", "CONFIRM_TEXT", "HOT_KEY"
            ,"SHOW_SEPARATOR_BELOW", "DISPLAY_ON_TOOLBAR", "CHILD_FORM_CODE")
     Values ('INS_INS_INSURED_LIST', 'UPD', 'INS_INS_INSURED_LIST_PKG.p_ins_upd', 'Сохранить', '46', '', '', '2', '120'
            ,'Вы уверенны?', '', 'N', 'Y', '');
/*  Form: INS_INS_INSURED_LIST. Entity: FORM_COLUMNS$.  */

Insert Into FORM_COLUMNS$
            ("COL_NUM", "COL_TYPE", "COL_MAX_LEN", "COL_NAME", "COL_NAME_LEN", "COL_PRECISION", "COL_SCALE"
            ,"FORM_CODE", "PIMARY_KEY_FLAG", "DEFAULT_COLUMN_WIDTH", "COLUMN_DESCRIPTION")
     Values ('2', 'VARCHAR2', '482', 'INFO', '4', '0', '0', 'INS_INS_INSURED_LIST', '', '*', '**INFO');

Insert Into FORM_COLUMNS$
            ("COL_NUM", "COL_TYPE", "COL_MAX_LEN", "COL_NAME", "COL_NAME_LEN", "COL_PRECISION", "COL_SCALE"
            ,"FORM_CODE", "PIMARY_KEY_FLAG", "DEFAULT_COLUMN_WIDTH", "COLUMN_DESCRIPTION")
     Values ('1', 'NUMBER', '22', 'INSURED_ID', '10', '0', '-127', 'INS_INS_INSURED_LIST', '', '*', '**INSURED_ID');
/*  Form: INS_INS_INSURED_LIST. Entity: FORM_COLUMNS.  */

Insert Into FORM_COLUMNS
            ("FORM_CODE", "COLUMN_CODE", "COLUMN_USER_NAME", "COLUMN_DISPLAY_SIZE", "COLUMN_DATA_TYPE"
            ,"COLUMN_DISPLAY_NUMBER", "PIMARY_KEY_FLAG", "SHOW_ON_GRID", "TREE_INITIALIZATION_VALUE", "TREE_FIELD_TYPE"
            ,"EDITOR_TAB_CODE", "FIELD_TYPE", "COLUMN_DESCRIPTION", "IS_FROZEN_FLAG", "SHOW_HOVER_FLAG", "LOOKUP_CODE"
            ,"HOVER_COLUMN_CODE", "EDITOR_HEIGHT", "LOOKUP_FIELD_TYPE", "HELP_TEXT", "TEXT_MASK", "VALIDATION_REGEXP"
            ,"DEFAULT_ORDERBY_NUMBER", "DEFAULT_VALUE", "EDITOR_TITLE_ORIENTATION", "EDITOR_END_ROW_FLAG"
            ,"EDITOR_COLS_SPAN", "LOOKUP_DISPLAY_VALUE", "EDITOR_ON_ENTER_KEY_ACTION")
     Values ('INS_INS_INSURED_LIST', 'INFO', 'Застрахованный', '*', 'S', '1002', 'N', 'Y', '', '', '', '', '**INFO'
            ,'N', 'N', '', '', '', '2', '', '', '', '', '', 'L', 'Y', '*', '', '');

Insert Into FORM_COLUMNS
            ("FORM_CODE", "COLUMN_CODE", "COLUMN_USER_NAME", "COLUMN_DISPLAY_SIZE", "COLUMN_DATA_TYPE"
            ,"COLUMN_DISPLAY_NUMBER", "PIMARY_KEY_FLAG", "SHOW_ON_GRID", "TREE_INITIALIZATION_VALUE", "TREE_FIELD_TYPE"
            ,"EDITOR_TAB_CODE", "FIELD_TYPE", "COLUMN_DESCRIPTION", "IS_FROZEN_FLAG", "SHOW_HOVER_FLAG", "LOOKUP_CODE"
            ,"HOVER_COLUMN_CODE", "EDITOR_HEIGHT", "LOOKUP_FIELD_TYPE", "HELP_TEXT", "TEXT_MASK", "VALIDATION_REGEXP"
            ,"DEFAULT_ORDERBY_NUMBER", "DEFAULT_VALUE", "EDITOR_TITLE_ORIENTATION", "EDITOR_END_ROW_FLAG"
            ,"EDITOR_COLS_SPAN", "LOOKUP_DISPLAY_VALUE", "EDITOR_ON_ENTER_KEY_ACTION")
     Values ('INS_INS_INSURED_LIST', 'INSURED_ID', 'Идентификатор', '80', 'N', '1001', 'N', 'Y', '', '', '', ''
            ,'**INSURED_ID', 'N', 'N', '', '', '', '1', '', '', '', '', '', 'L', 'Y', '*', '', '');

Alter Table forms Enable VALIDATE Constraint forms_form_actions_fk;
Alter Table FORMS Enable All Triggers;

/*****************INS_INS_MEDICAL_SERVICE*********************/
Alter Table FORMS Disable All Triggers;
Alter Table forms Disable Constraint forms_form_actions_fk;
Delete From FORM_COLUMNS
      Where form_code = 'INS_INS_MEDICAL_SERVICE';
Delete From FORM_COLUMNS$
      Where form_code = 'INS_INS_MEDICAL_SERVICE';
Delete From FORM_ACTIONS
      Where form_code = 'INS_INS_MEDICAL_SERVICE';
Delete From FORM_TABS
      Where form_code = 'INS_INS_MEDICAL_SERVICE';
Delete From FORMS
      Where form_code = 'INS_INS_MEDICAL_SERVICE';
/*  Form: INS_INS_MEDICAL_SERVICE. Entity: FORMS.  */

Insert Into FORMS
            ("FORM_CODE", "HOT_KEY", "SQL_TEXT", "FORM_NAME", "FORM_TYPE", "SHOW_TREE_ROOT_NODE", "ICON_ID"
            ,"FORM_WIDTH", "FORM_HEIGHT", "BOTTOM_TABS_ORIENTATION", "SIDE_TABS_ORIENTATION", "SHOW_BOTTOM_TOOLBAR"
            ,"OBJECT_VERSION_NUMBER", "DEFAULT_COLUMN_WIDTH", "DESCRIPTION", "DOUBLE_CLICK_ACTION_CODE", "LOOKUP_WIDTH"
            ,"APPS_CODE", "EXPORT_ORDER")
     Values ('INS_INS_MEDICAL_SERVICE', ''
            ,'select * from ins.ins_medical_service t where t.account_line_id=:account_line_id', 'Мед.услуги (Детали)'
            ,'G', 'Y', '', '60%', '*', '', '', 'N', '19', '*', '', '', '', 'INS', '100');
/*  Form: INS_INS_MEDICAL_SERVICE. Entity: FORM_TABS.  */
/*  Form: INS_INS_MEDICAL_SERVICE. Entity: FORM_ACTIONS.  */

Insert Into FORM_ACTIONS
            ("FORM_CODE", "ACTION_CODE", "PROCEDURE_NAME", "ACTION_DISPLAY_NAME", "ICON_ID", "DEFAULT_PARAM_PREFIX"
            ,"DEFAULT_OLD_PARAM_PREFIX", "ACTION_TYPE", "DISPLAY_NUMBER", "CONFIRM_TEXT", "HOT_KEY"
            ,"SHOW_SEPARATOR_BELOW", "DISPLAY_ON_TOOLBAR", "CHILD_FORM_CODE")
     Values ('INS_INS_MEDICAL_SERVICE', 'DEL', 'INS_INS_MEDICAL_SERVICE_PKG.p_delete', 'Удалить', '48', '', '', '3'
            ,'130', 'Вы уверенны что хотите удалить запись?', '', 'N', 'Y', '');

Insert Into FORM_ACTIONS
            ("FORM_CODE", "ACTION_CODE", "PROCEDURE_NAME", "ACTION_DISPLAY_NAME", "ICON_ID", "DEFAULT_PARAM_PREFIX"
            ,"DEFAULT_OLD_PARAM_PREFIX", "ACTION_TYPE", "DISPLAY_NUMBER", "CONFIRM_TEXT", "HOT_KEY"
            ,"SHOW_SEPARATOR_BELOW", "DISPLAY_ON_TOOLBAR", "CHILD_FORM_CODE")
     Values ('INS_INS_MEDICAL_SERVICE', 'EDIT', '', 'Редактировать', '50', '', '', '8', '115', 'Вы уверенны?', '', 'N'
            ,'Y', '');

Insert Into FORM_ACTIONS
            ("FORM_CODE", "ACTION_CODE", "PROCEDURE_NAME", "ACTION_DISPLAY_NAME", "ICON_ID", "DEFAULT_PARAM_PREFIX"
            ,"DEFAULT_OLD_PARAM_PREFIX", "ACTION_TYPE", "DISPLAY_NUMBER", "CONFIRM_TEXT", "HOT_KEY"
            ,"SHOW_SEPARATOR_BELOW", "DISPLAY_ON_TOOLBAR", "CHILD_FORM_CODE")
     Values ('INS_INS_MEDICAL_SERVICE', 'INS', '', 'Создать', '47', '', '', '1', '110', '', '', 'N', 'Y', '');

Insert Into FORM_ACTIONS
            ("FORM_CODE", "ACTION_CODE", "PROCEDURE_NAME", "ACTION_DISPLAY_NAME", "ICON_ID", "DEFAULT_PARAM_PREFIX"
            ,"DEFAULT_OLD_PARAM_PREFIX", "ACTION_TYPE", "DISPLAY_NUMBER", "CONFIRM_TEXT", "HOT_KEY"
            ,"SHOW_SEPARATOR_BELOW", "DISPLAY_ON_TOOLBAR", "CHILD_FORM_CODE")
     Values ('INS_INS_MEDICAL_SERVICE', 'REFR', '', 'Обновить', '15', '', '', '4', '10', '', '', 'N', 'Y', '');

Insert Into FORM_ACTIONS
            ("FORM_CODE", "ACTION_CODE", "PROCEDURE_NAME", "ACTION_DISPLAY_NAME", "ICON_ID", "DEFAULT_PARAM_PREFIX"
            ,"DEFAULT_OLD_PARAM_PREFIX", "ACTION_TYPE", "DISPLAY_NUMBER", "CONFIRM_TEXT", "HOT_KEY"
            ,"SHOW_SEPARATOR_BELOW", "DISPLAY_ON_TOOLBAR", "CHILD_FORM_CODE")
     Values ('INS_INS_MEDICAL_SERVICE', 'UPD', 'INS_INS_MEDICAL_SERVICE_PKG.p_ins_upd', 'Сохранить', '46', '', '', '2'
            ,'120', 'Вы уверенны?', '', 'N', 'Y', '');
/*  Form: INS_INS_MEDICAL_SERVICE. Entity: FORM_COLUMNS$.  */

Insert Into FORM_COLUMNS$
            ("COL_NUM", "COL_TYPE", "COL_MAX_LEN", "COL_NAME", "COL_NAME_LEN", "COL_PRECISION", "COL_SCALE"
            ,"FORM_CODE", "PIMARY_KEY_FLAG", "DEFAULT_COLUMN_WIDTH", "COLUMN_DESCRIPTION")
     Values ('2', 'NUMBER', '22', 'ACCOUNT_LINE_ID', '15', '0', '-127', 'INS_INS_MEDICAL_SERVICE', '', '*'
            ,'**ACCOUNT_LINE_ID');

Insert Into FORM_COLUMNS$
            ("COL_NUM", "COL_TYPE", "COL_MAX_LEN", "COL_NAME", "COL_NAME_LEN", "COL_PRECISION", "COL_SCALE"
            ,"FORM_CODE", "PIMARY_KEY_FLAG", "DEFAULT_COLUMN_WIDTH", "COLUMN_DESCRIPTION")
     Values ('4', 'NUMBER', '22', 'AMOUNT', '6', '19', '2', 'INS_INS_MEDICAL_SERVICE', '', '*', '**AMOUNT');

Insert Into FORM_COLUMNS$
            ("COL_NUM", "COL_TYPE", "COL_MAX_LEN", "COL_NAME", "COL_NAME_LEN", "COL_PRECISION", "COL_SCALE"
            ,"FORM_CODE", "PIMARY_KEY_FLAG", "DEFAULT_COLUMN_WIDTH", "COLUMN_DESCRIPTION")
     Values ('8', 'DATE', '7', 'CREATED', '7', '0', '0', 'INS_INS_MEDICAL_SERVICE', '', '*'
            ,'*Creation date of the change set');

Insert Into FORM_COLUMNS$
            ("COL_NUM", "COL_TYPE", "COL_MAX_LEN", "COL_NAME", "COL_NAME_LEN", "COL_PRECISION", "COL_SCALE"
            ,"FORM_CODE", "PIMARY_KEY_FLAG", "DEFAULT_COLUMN_WIDTH", "COLUMN_DESCRIPTION")
     Values ('7', 'NUMBER', '22', 'CREATED_BY', '10', '0', '-127', 'INS_INS_MEDICAL_SERVICE', '', '*'
            ,'*Auditing; user that created the record.');

Insert Into FORM_COLUMNS$
            ("COL_NUM", "COL_TYPE", "COL_MAX_LEN", "COL_NAME", "COL_NAME_LEN", "COL_PRECISION", "COL_SCALE"
            ,"FORM_CODE", "PIMARY_KEY_FLAG", "DEFAULT_COLUMN_WIDTH", "COLUMN_DESCRIPTION")
     Values ('3', 'NUMBER', '22', 'MEDICAL_SERVICE_CODE', '20', '10', '0', 'INS_INS_MEDICAL_SERVICE', '', '*'
            ,'**MEDICAL_SERVICE_CODE');

Insert Into FORM_COLUMNS$
            ("COL_NUM", "COL_TYPE", "COL_MAX_LEN", "COL_NAME", "COL_NAME_LEN", "COL_PRECISION", "COL_SCALE"
            ,"FORM_CODE", "PIMARY_KEY_FLAG", "DEFAULT_COLUMN_WIDTH", "COLUMN_DESCRIPTION")
     Values ('1', 'NUMBER', '22', 'MEDICAL_SERVICE_ID', '18', '0', '-127', 'INS_INS_MEDICAL_SERVICE', '', '*'
            ,'**MEDICAL_SERVICE_ID');

Insert Into FORM_COLUMNS$
            ("COL_NUM", "COL_TYPE", "COL_MAX_LEN", "COL_NAME", "COL_NAME_LEN", "COL_PRECISION", "COL_SCALE"
            ,"FORM_CODE", "PIMARY_KEY_FLAG", "DEFAULT_COLUMN_WIDTH", "COLUMN_DESCRIPTION")
     Values ('11', 'NUMBER', '22', 'ORIG_REF_ID', '11', '10', '0', 'INS_INS_MEDICAL_SERVICE', '', '*', '**ORIG_REF_ID');

Insert Into FORM_COLUMNS$
            ("COL_NUM", "COL_TYPE", "COL_MAX_LEN", "COL_NAME", "COL_NAME_LEN", "COL_PRECISION", "COL_SCALE"
            ,"FORM_CODE", "PIMARY_KEY_FLAG", "DEFAULT_COLUMN_WIDTH", "COLUMN_DESCRIPTION")
     Values ('6', 'VARCHAR2', '192', 'ORIG_SERVICE_REF_ID', '19', '0', '0', 'INS_INS_MEDICAL_SERVICE', '', '*'
            ,'**ORIG_SERVICE_REF_ID');

Insert Into FORM_COLUMNS$
            ("COL_NUM", "COL_TYPE", "COL_MAX_LEN", "COL_NAME", "COL_NAME_LEN", "COL_PRECISION", "COL_SCALE"
            ,"FORM_CODE", "PIMARY_KEY_FLAG", "DEFAULT_COLUMN_WIDTH", "COLUMN_DESCRIPTION")
     Values ('5', 'DATE', '7', 'POSTED_DATE', '11', '0', '0', 'INS_INS_MEDICAL_SERVICE', '', '*', '**POSTED_DATE');

Insert Into FORM_COLUMNS$
            ("COL_NUM", "COL_TYPE", "COL_MAX_LEN", "COL_NAME", "COL_NAME_LEN", "COL_PRECISION", "COL_SCALE"
            ,"FORM_CODE", "PIMARY_KEY_FLAG", "DEFAULT_COLUMN_WIDTH", "COLUMN_DESCRIPTION")
     Values ('10', 'DATE', '7', 'UPDATED', '7', '0', '0', 'INS_INS_MEDICAL_SERVICE', '', '*', '**UPDATED');

Insert Into FORM_COLUMNS$
            ("COL_NUM", "COL_TYPE", "COL_MAX_LEN", "COL_NAME", "COL_NAME_LEN", "COL_PRECISION", "COL_SCALE"
            ,"FORM_CODE", "PIMARY_KEY_FLAG", "DEFAULT_COLUMN_WIDTH", "COLUMN_DESCRIPTION")
     Values ('9', 'NUMBER', '22', 'UPDATED_BY', '10', '0', '-127', 'INS_INS_MEDICAL_SERVICE', '', '*', '**UPDATED_BY');
/*  Form: INS_INS_MEDICAL_SERVICE. Entity: FORM_COLUMNS.  */

Insert Into FORM_COLUMNS
            ("FORM_CODE", "COLUMN_CODE", "COLUMN_USER_NAME", "COLUMN_DISPLAY_SIZE", "COLUMN_DATA_TYPE"
            ,"COLUMN_DISPLAY_NUMBER", "PIMARY_KEY_FLAG", "SHOW_ON_GRID", "TREE_INITIALIZATION_VALUE", "TREE_FIELD_TYPE"
            ,"EDITOR_TAB_CODE", "FIELD_TYPE", "COLUMN_DESCRIPTION", "IS_FROZEN_FLAG", "SHOW_HOVER_FLAG", "LOOKUP_CODE"
            ,"HOVER_COLUMN_CODE", "EDITOR_HEIGHT", "LOOKUP_FIELD_TYPE", "HELP_TEXT", "TEXT_MASK", "VALIDATION_REGEXP"
            ,"DEFAULT_ORDERBY_NUMBER", "DEFAULT_VALUE", "EDITOR_TITLE_ORIENTATION", "EDITOR_END_ROW_FLAG"
            ,"EDITOR_COLS_SPAN", "LOOKUP_DISPLAY_VALUE", "EDITOR_ON_ENTER_KEY_ACTION")
     Values ('INS_INS_MEDICAL_SERVICE', 'ACCOUNT_LINE_ID', '', '*', 'N', '1002', 'N', 'N', '', '', '', ''
            ,'**ACCOUNT_LINE_ID', 'N', 'N', '', '', '', '', '', '', '', '', '', 'L', 'Y', '*', '', '');

Insert Into FORM_COLUMNS
            ("FORM_CODE", "COLUMN_CODE", "COLUMN_USER_NAME", "COLUMN_DISPLAY_SIZE", "COLUMN_DATA_TYPE"
            ,"COLUMN_DISPLAY_NUMBER", "PIMARY_KEY_FLAG", "SHOW_ON_GRID", "TREE_INITIALIZATION_VALUE", "TREE_FIELD_TYPE"
            ,"EDITOR_TAB_CODE", "FIELD_TYPE", "COLUMN_DESCRIPTION", "IS_FROZEN_FLAG", "SHOW_HOVER_FLAG", "LOOKUP_CODE"
            ,"HOVER_COLUMN_CODE", "EDITOR_HEIGHT", "LOOKUP_FIELD_TYPE", "HELP_TEXT", "TEXT_MASK", "VALIDATION_REGEXP"
            ,"DEFAULT_ORDERBY_NUMBER", "DEFAULT_VALUE", "EDITOR_TITLE_ORIENTATION", "EDITOR_END_ROW_FLAG"
            ,"EDITOR_COLS_SPAN", "LOOKUP_DISPLAY_VALUE", "EDITOR_ON_ENTER_KEY_ACTION")
     Values ('INS_INS_MEDICAL_SERVICE', 'AMOUNT', 'Сумма', '*', 'N', '1004', 'N', 'Y', '', '', '', '', '**AMOUNT', 'N'
            ,'N', '', '', '', '', '', '', '', '', '', 'L', 'Y', '*', '', '');

Insert Into FORM_COLUMNS
            ("FORM_CODE", "COLUMN_CODE", "COLUMN_USER_NAME", "COLUMN_DISPLAY_SIZE", "COLUMN_DATA_TYPE"
            ,"COLUMN_DISPLAY_NUMBER", "PIMARY_KEY_FLAG", "SHOW_ON_GRID", "TREE_INITIALIZATION_VALUE", "TREE_FIELD_TYPE"
            ,"EDITOR_TAB_CODE", "FIELD_TYPE", "COLUMN_DESCRIPTION", "IS_FROZEN_FLAG", "SHOW_HOVER_FLAG", "LOOKUP_CODE"
            ,"HOVER_COLUMN_CODE", "EDITOR_HEIGHT", "LOOKUP_FIELD_TYPE", "HELP_TEXT", "TEXT_MASK", "VALIDATION_REGEXP"
            ,"DEFAULT_ORDERBY_NUMBER", "DEFAULT_VALUE", "EDITOR_TITLE_ORIENTATION", "EDITOR_END_ROW_FLAG"
            ,"EDITOR_COLS_SPAN", "LOOKUP_DISPLAY_VALUE", "EDITOR_ON_ENTER_KEY_ACTION")
     Values ('INS_INS_MEDICAL_SERVICE', 'CREATED', 'Creation date of the change set', '*', 'DATE', '1008', 'N', 'N', ''
            ,'', '', '', '*Creation date of the change set', 'N', 'N', '', '', '', '', '', '', '', '', '', 'L', 'Y'
            ,'*', '', '');

Insert Into FORM_COLUMNS
            ("FORM_CODE", "COLUMN_CODE", "COLUMN_USER_NAME", "COLUMN_DISPLAY_SIZE", "COLUMN_DATA_TYPE"
            ,"COLUMN_DISPLAY_NUMBER", "PIMARY_KEY_FLAG", "SHOW_ON_GRID", "TREE_INITIALIZATION_VALUE", "TREE_FIELD_TYPE"
            ,"EDITOR_TAB_CODE", "FIELD_TYPE", "COLUMN_DESCRIPTION", "IS_FROZEN_FLAG", "SHOW_HOVER_FLAG", "LOOKUP_CODE"
            ,"HOVER_COLUMN_CODE", "EDITOR_HEIGHT", "LOOKUP_FIELD_TYPE", "HELP_TEXT", "TEXT_MASK", "VALIDATION_REGEXP"
            ,"DEFAULT_ORDERBY_NUMBER", "DEFAULT_VALUE", "EDITOR_TITLE_ORIENTATION", "EDITOR_END_ROW_FLAG"
            ,"EDITOR_COLS_SPAN", "LOOKUP_DISPLAY_VALUE", "EDITOR_ON_ENTER_KEY_ACTION")
     Values ('INS_INS_MEDICAL_SERVICE', 'CREATED_BY', 'Auditing; user that created the record.', '*', 'N', '1007', 'N'
            ,'N', '', '', '', '', '*Auditing; user that created the record.', 'N', 'N', '', '', '', '', '', '', '', ''
            ,'', 'L', 'Y', '*', '', '');

Insert Into FORM_COLUMNS
            ("FORM_CODE", "COLUMN_CODE", "COLUMN_USER_NAME", "COLUMN_DISPLAY_SIZE", "COLUMN_DATA_TYPE"
            ,"COLUMN_DISPLAY_NUMBER", "PIMARY_KEY_FLAG", "SHOW_ON_GRID", "TREE_INITIALIZATION_VALUE", "TREE_FIELD_TYPE"
            ,"EDITOR_TAB_CODE", "FIELD_TYPE", "COLUMN_DESCRIPTION", "IS_FROZEN_FLAG", "SHOW_HOVER_FLAG", "LOOKUP_CODE"
            ,"HOVER_COLUMN_CODE", "EDITOR_HEIGHT", "LOOKUP_FIELD_TYPE", "HELP_TEXT", "TEXT_MASK", "VALIDATION_REGEXP"
            ,"DEFAULT_ORDERBY_NUMBER", "DEFAULT_VALUE", "EDITOR_TITLE_ORIENTATION", "EDITOR_END_ROW_FLAG"
            ,"EDITOR_COLS_SPAN", "LOOKUP_DISPLAY_VALUE", "EDITOR_ON_ENTER_KEY_ACTION")
     Values ('INS_INS_MEDICAL_SERVICE', 'MEDICAL_SERVICE_CODE', 'Услуга', '*', 'S', '1003', 'N', 'Y', '', '', '', '8'
            ,'**MEDICAL_SERVICE_CODE', 'N', 'N', 'INS_MEDICAL_SERVICE', '', '', '', '', '', '', '', '', 'L', 'Y', '*'
            ,'', '');

Insert Into FORM_COLUMNS
            ("FORM_CODE", "COLUMN_CODE", "COLUMN_USER_NAME", "COLUMN_DISPLAY_SIZE", "COLUMN_DATA_TYPE"
            ,"COLUMN_DISPLAY_NUMBER", "PIMARY_KEY_FLAG", "SHOW_ON_GRID", "TREE_INITIALIZATION_VALUE", "TREE_FIELD_TYPE"
            ,"EDITOR_TAB_CODE", "FIELD_TYPE", "COLUMN_DESCRIPTION", "IS_FROZEN_FLAG", "SHOW_HOVER_FLAG", "LOOKUP_CODE"
            ,"HOVER_COLUMN_CODE", "EDITOR_HEIGHT", "LOOKUP_FIELD_TYPE", "HELP_TEXT", "TEXT_MASK", "VALIDATION_REGEXP"
            ,"DEFAULT_ORDERBY_NUMBER", "DEFAULT_VALUE", "EDITOR_TITLE_ORIENTATION", "EDITOR_END_ROW_FLAG"
            ,"EDITOR_COLS_SPAN", "LOOKUP_DISPLAY_VALUE", "EDITOR_ON_ENTER_KEY_ACTION")
     Values ('INS_INS_MEDICAL_SERVICE', 'MEDICAL_SERVICE_ID', '', '*', 'N', '1001', 'N', 'N', '', '', '', ''
            ,'**MEDICAL_SERVICE_ID', 'N', 'N', '', '', '', '', '', '', '', '', '', 'L', 'Y', '*', '', '');

Insert Into FORM_COLUMNS
            ("FORM_CODE", "COLUMN_CODE", "COLUMN_USER_NAME", "COLUMN_DISPLAY_SIZE", "COLUMN_DATA_TYPE"
            ,"COLUMN_DISPLAY_NUMBER", "PIMARY_KEY_FLAG", "SHOW_ON_GRID", "TREE_INITIALIZATION_VALUE", "TREE_FIELD_TYPE"
            ,"EDITOR_TAB_CODE", "FIELD_TYPE", "COLUMN_DESCRIPTION", "IS_FROZEN_FLAG", "SHOW_HOVER_FLAG", "LOOKUP_CODE"
            ,"HOVER_COLUMN_CODE", "EDITOR_HEIGHT", "LOOKUP_FIELD_TYPE", "HELP_TEXT", "TEXT_MASK", "VALIDATION_REGEXP"
            ,"DEFAULT_ORDERBY_NUMBER", "DEFAULT_VALUE", "EDITOR_TITLE_ORIENTATION", "EDITOR_END_ROW_FLAG"
            ,"EDITOR_COLS_SPAN", "LOOKUP_DISPLAY_VALUE", "EDITOR_ON_ENTER_KEY_ACTION")
     Values ('INS_INS_MEDICAL_SERVICE', 'ORIG_REF_ID', '', '*', 'N', '1011', 'N', 'N', '', '', '', '', '**ORIG_REF_ID'
            ,'N', 'N', '', '', '', '', '', '', '', '', '', 'L', 'Y', '*', '', '');

Insert Into FORM_COLUMNS
            ("FORM_CODE", "COLUMN_CODE", "COLUMN_USER_NAME", "COLUMN_DISPLAY_SIZE", "COLUMN_DATA_TYPE"
            ,"COLUMN_DISPLAY_NUMBER", "PIMARY_KEY_FLAG", "SHOW_ON_GRID", "TREE_INITIALIZATION_VALUE", "TREE_FIELD_TYPE"
            ,"EDITOR_TAB_CODE", "FIELD_TYPE", "COLUMN_DESCRIPTION", "IS_FROZEN_FLAG", "SHOW_HOVER_FLAG", "LOOKUP_CODE"
            ,"HOVER_COLUMN_CODE", "EDITOR_HEIGHT", "LOOKUP_FIELD_TYPE", "HELP_TEXT", "TEXT_MASK", "VALIDATION_REGEXP"
            ,"DEFAULT_ORDERBY_NUMBER", "DEFAULT_VALUE", "EDITOR_TITLE_ORIENTATION", "EDITOR_END_ROW_FLAG"
            ,"EDITOR_COLS_SPAN", "LOOKUP_DISPLAY_VALUE", "EDITOR_ON_ENTER_KEY_ACTION")
     Values ('INS_INS_MEDICAL_SERVICE', 'ORIG_SERVICE_REF_ID', '', '*', 'S', '1006', 'N', 'N', '', '', '', ''
            ,'**ORIG_SERVICE_REF_ID', 'N', 'N', '', '', '', '', '', '', '', '', '', 'L', 'Y', '*', '', '');

Insert Into FORM_COLUMNS
            ("FORM_CODE", "COLUMN_CODE", "COLUMN_USER_NAME", "COLUMN_DISPLAY_SIZE", "COLUMN_DATA_TYPE"
            ,"COLUMN_DISPLAY_NUMBER", "PIMARY_KEY_FLAG", "SHOW_ON_GRID", "TREE_INITIALIZATION_VALUE", "TREE_FIELD_TYPE"
            ,"EDITOR_TAB_CODE", "FIELD_TYPE", "COLUMN_DESCRIPTION", "IS_FROZEN_FLAG", "SHOW_HOVER_FLAG", "LOOKUP_CODE"
            ,"HOVER_COLUMN_CODE", "EDITOR_HEIGHT", "LOOKUP_FIELD_TYPE", "HELP_TEXT", "TEXT_MASK", "VALIDATION_REGEXP"
            ,"DEFAULT_ORDERBY_NUMBER", "DEFAULT_VALUE", "EDITOR_TITLE_ORIENTATION", "EDITOR_END_ROW_FLAG"
            ,"EDITOR_COLS_SPAN", "LOOKUP_DISPLAY_VALUE", "EDITOR_ON_ENTER_KEY_ACTION")
     Values ('INS_INS_MEDICAL_SERVICE', 'POSTED_DATE', 'Дата', '*', 'D', '1005', 'N', 'Y', '', '', '', ''
            ,'**POSTED_DATE', 'N', 'N', '', '', '', '', '', '', '', '', '', 'L', 'Y', '*', '', '');

Insert Into FORM_COLUMNS
            ("FORM_CODE", "COLUMN_CODE", "COLUMN_USER_NAME", "COLUMN_DISPLAY_SIZE", "COLUMN_DATA_TYPE"
            ,"COLUMN_DISPLAY_NUMBER", "PIMARY_KEY_FLAG", "SHOW_ON_GRID", "TREE_INITIALIZATION_VALUE", "TREE_FIELD_TYPE"
            ,"EDITOR_TAB_CODE", "FIELD_TYPE", "COLUMN_DESCRIPTION", "IS_FROZEN_FLAG", "SHOW_HOVER_FLAG", "LOOKUP_CODE"
            ,"HOVER_COLUMN_CODE", "EDITOR_HEIGHT", "LOOKUP_FIELD_TYPE", "HELP_TEXT", "TEXT_MASK", "VALIDATION_REGEXP"
            ,"DEFAULT_ORDERBY_NUMBER", "DEFAULT_VALUE", "EDITOR_TITLE_ORIENTATION", "EDITOR_END_ROW_FLAG"
            ,"EDITOR_COLS_SPAN", "LOOKUP_DISPLAY_VALUE", "EDITOR_ON_ENTER_KEY_ACTION")
     Values ('INS_INS_MEDICAL_SERVICE', 'UPDATED', '', '*', 'DATE', '1010', 'N', 'N', '', '', '', '', '**UPDATED', 'N'
            ,'N', '', '', '', '', '', '', '', '', '', 'L', 'Y', '*', '', '');

Insert Into FORM_COLUMNS
            ("FORM_CODE", "COLUMN_CODE", "COLUMN_USER_NAME", "COLUMN_DISPLAY_SIZE", "COLUMN_DATA_TYPE"
            ,"COLUMN_DISPLAY_NUMBER", "PIMARY_KEY_FLAG", "SHOW_ON_GRID", "TREE_INITIALIZATION_VALUE", "TREE_FIELD_TYPE"
            ,"EDITOR_TAB_CODE", "FIELD_TYPE", "COLUMN_DESCRIPTION", "IS_FROZEN_FLAG", "SHOW_HOVER_FLAG", "LOOKUP_CODE"
            ,"HOVER_COLUMN_CODE", "EDITOR_HEIGHT", "LOOKUP_FIELD_TYPE", "HELP_TEXT", "TEXT_MASK", "VALIDATION_REGEXP"
            ,"DEFAULT_ORDERBY_NUMBER", "DEFAULT_VALUE", "EDITOR_TITLE_ORIENTATION", "EDITOR_END_ROW_FLAG"
            ,"EDITOR_COLS_SPAN", "LOOKUP_DISPLAY_VALUE", "EDITOR_ON_ENTER_KEY_ACTION")
     Values ('INS_INS_MEDICAL_SERVICE', 'UPDATED_BY', '', '*', 'N', '1009', 'N', 'N', '', '', '', '', '**UPDATED_BY'
            ,'N', 'N', '', '', '', '', '', '', '', '', '', 'L', 'Y', '*', '', '');

Alter Table forms Enable VALIDATE Constraint forms_form_actions_fk;
Alter Table FORMS Enable All Triggers;

/*****************INS_INS_MED_COMPANY_REP_DET*********************/
Alter Table FORMS Disable All Triggers;
Alter Table forms Disable Constraint forms_form_actions_fk;
Delete From FORM_COLUMNS
      Where form_code = 'INS_INS_MED_COMPANY_REP_DET';
Delete From FORM_COLUMNS$
      Where form_code = 'INS_INS_MED_COMPANY_REP_DET';
Delete From FORM_ACTIONS
      Where form_code = 'INS_INS_MED_COMPANY_REP_DET';
Delete From FORM_TABS
      Where form_code = 'INS_INS_MED_COMPANY_REP_DET';
Delete From FORMS
      Where form_code = 'INS_INS_MED_COMPANY_REP_DET';
/*  Form: INS_INS_MED_COMPANY_REP_DET. Entity: FORMS.  */

Insert Into FORMS
            ("FORM_CODE", "HOT_KEY", "SQL_TEXT", "FORM_NAME", "FORM_TYPE", "SHOW_TREE_ROOT_NODE", "ICON_ID"
            ,"FORM_WIDTH", "FORM_HEIGHT", "BOTTOM_TABS_ORIENTATION", "SIDE_TABS_ORIENTATION", "SHOW_BOTTOM_TOOLBAR"
            ,"OBJECT_VERSION_NUMBER", "DEFAULT_COLUMN_WIDTH", "DESCRIPTION", "DOUBLE_CLICK_ACTION_CODE", "LOOKUP_WIDTH"
            ,"APPS_CODE", "EXPORT_ORDER")
     Values ('INS_INS_MED_COMPANY_REP_DET', ''
            ,'Select med_company_name, ins_company_name, card_no, fio, client_company_name, posting_date, account_num, med_cat_name
      ,amount, amount_w_discnt
  From Table (ins.INS_MED_COMPANY_REP.get_report_table (                                                               --
                                                        :company_type_id
                                                       ,:med_company_id
                                                       ,:ins_company_id
                                                       ,:start_date
                                                       ,:end_date
                                                       ,:account_num
                                                       )
             )
'
            ,'', 'G', 'Y', '', '*', '*', '', '', 'Y', '17', '*', '', '', '', 'INS', '100');
/*  Form: INS_INS_MED_COMPANY_REP_DET. Entity: FORM_TABS.  */
/*  Form: INS_INS_MED_COMPANY_REP_DET. Entity: FORM_ACTIONS.  */

Insert Into FORM_ACTIONS
            ("FORM_CODE", "ACTION_CODE", "PROCEDURE_NAME", "ACTION_DISPLAY_NAME", "ICON_ID", "DEFAULT_PARAM_PREFIX"
            ,"DEFAULT_OLD_PARAM_PREFIX", "ACTION_TYPE", "DISPLAY_NUMBER", "CONFIRM_TEXT", "HOT_KEY"
            ,"SHOW_SEPARATOR_BELOW", "DISPLAY_ON_TOOLBAR", "CHILD_FORM_CODE")
     Values ('INS_INS_MED_COMPANY_REP_DET', 'REFR', '', 'Обновить', '15', '', '', '4', '10', '', '', 'N', 'Y', '');
/*  Form: INS_INS_MED_COMPANY_REP_DET. Entity: FORM_COLUMNS$.  */

Insert Into FORM_COLUMNS$
            ("COL_NUM", "COL_TYPE", "COL_MAX_LEN", "COL_NAME", "COL_NAME_LEN", "COL_PRECISION", "COL_SCALE"
            ,"FORM_CODE", "PIMARY_KEY_FLAG", "DEFAULT_COLUMN_WIDTH", "COLUMN_DESCRIPTION")
     Values ('7', 'VARCHAR2', '800', 'ACCOUNT_NUM', '11', '0', '0', 'INS_INS_MED_COMPANY_REP_DET', '', '*'
            ,'**ACCOUNT_NUM');

Insert Into FORM_COLUMNS$
            ("COL_NUM", "COL_TYPE", "COL_MAX_LEN", "COL_NAME", "COL_NAME_LEN", "COL_PRECISION", "COL_SCALE"
            ,"FORM_CODE", "PIMARY_KEY_FLAG", "DEFAULT_COLUMN_WIDTH", "COLUMN_DESCRIPTION")
     Values ('9', 'NUMBER', '22', 'AMOUNT', '6', '0', '0', 'INS_INS_MED_COMPANY_REP_DET', '', '*', '**AMOUNT');

Insert Into FORM_COLUMNS$
            ("COL_NUM", "COL_TYPE", "COL_MAX_LEN", "COL_NAME", "COL_NAME_LEN", "COL_PRECISION", "COL_SCALE"
            ,"FORM_CODE", "PIMARY_KEY_FLAG", "DEFAULT_COLUMN_WIDTH", "COLUMN_DESCRIPTION")
     Values ('10', 'NUMBER', '22', 'AMOUNT_W_DISCNT', '15', '0', '0', 'INS_INS_MED_COMPANY_REP_DET', '', '*'
            ,'**AMOUNT_W_DISCNT');

Insert Into FORM_COLUMNS$
            ("COL_NUM", "COL_TYPE", "COL_MAX_LEN", "COL_NAME", "COL_NAME_LEN", "COL_PRECISION", "COL_SCALE"
            ,"FORM_CODE", "PIMARY_KEY_FLAG", "DEFAULT_COLUMN_WIDTH", "COLUMN_DESCRIPTION")
     Values ('3', 'VARCHAR2', '800', 'CARD_NO', '7', '0', '0', 'INS_INS_MED_COMPANY_REP_DET', '', '*', '*в) № Карты');

Insert Into FORM_COLUMNS$
            ("COL_NUM", "COL_TYPE", "COL_MAX_LEN", "COL_NAME", "COL_NAME_LEN", "COL_PRECISION", "COL_SCALE"
            ,"FORM_CODE", "PIMARY_KEY_FLAG", "DEFAULT_COLUMN_WIDTH", "COLUMN_DESCRIPTION")
     Values ('5', 'VARCHAR2', '800', 'CLIENT_COMPANY_NAME', '19', '0', '0', 'INS_INS_MED_COMPANY_REP_DET', '', '*'
            ,'**CLIENT_COMPANY_NAME');

Insert Into FORM_COLUMNS$
            ("COL_NUM", "COL_TYPE", "COL_MAX_LEN", "COL_NAME", "COL_NAME_LEN", "COL_PRECISION", "COL_SCALE"
            ,"FORM_CODE", "PIMARY_KEY_FLAG", "DEFAULT_COLUMN_WIDTH", "COLUMN_DESCRIPTION")
     Values ('4', 'VARCHAR2', '800', 'FIO', '3', '0', '0', 'INS_INS_MED_COMPANY_REP_DET', '', '*', '*ФИО');

Insert Into FORM_COLUMNS$
            ("COL_NUM", "COL_TYPE", "COL_MAX_LEN", "COL_NAME", "COL_NAME_LEN", "COL_PRECISION", "COL_SCALE"
            ,"FORM_CODE", "PIMARY_KEY_FLAG", "DEFAULT_COLUMN_WIDTH", "COLUMN_DESCRIPTION")
     Values ('2', 'VARCHAR2', '800', 'INS_COMPANY_NAME', '16', '0', '0', 'INS_INS_MED_COMPANY_REP_DET', '', '*'
            ,'**INS_COMPANY_NAME');

Insert Into FORM_COLUMNS$
            ("COL_NUM", "COL_TYPE", "COL_MAX_LEN", "COL_NAME", "COL_NAME_LEN", "COL_PRECISION", "COL_SCALE"
            ,"FORM_CODE", "PIMARY_KEY_FLAG", "DEFAULT_COLUMN_WIDTH", "COLUMN_DESCRIPTION")
     Values ('8', 'VARCHAR2', '800', 'MED_CAT_NAME', '12', '0', '0', 'INS_INS_MED_COMPANY_REP_DET', '', '*'
            ,'**MED_CAT_NAME');

Insert Into FORM_COLUMNS$
            ("COL_NUM", "COL_TYPE", "COL_MAX_LEN", "COL_NAME", "COL_NAME_LEN", "COL_PRECISION", "COL_SCALE"
            ,"FORM_CODE", "PIMARY_KEY_FLAG", "DEFAULT_COLUMN_WIDTH", "COLUMN_DESCRIPTION")
     Values ('1', 'VARCHAR2', '800', 'MED_COMPANY_NAME', '16', '0', '0', 'INS_INS_MED_COMPANY_REP_DET', '', '*'
            ,'**MED_COMPANY_NAME');

Insert Into FORM_COLUMNS$
            ("COL_NUM", "COL_TYPE", "COL_MAX_LEN", "COL_NAME", "COL_NAME_LEN", "COL_PRECISION", "COL_SCALE"
            ,"FORM_CODE", "PIMARY_KEY_FLAG", "DEFAULT_COLUMN_WIDTH", "COLUMN_DESCRIPTION")
     Values ('6', 'DATE', '21', 'POSTING_DATE', '12', '0', '0', 'INS_INS_MED_COMPANY_REP_DET', '', '*'
            ,'**POSTING_DATE');
/*  Form: INS_INS_MED_COMPANY_REP_DET. Entity: FORM_COLUMNS.  */

Insert Into FORM_COLUMNS
            ("FORM_CODE", "COLUMN_CODE", "COLUMN_USER_NAME", "COLUMN_DISPLAY_SIZE", "COLUMN_DATA_TYPE"
            ,"COLUMN_DISPLAY_NUMBER", "PIMARY_KEY_FLAG", "SHOW_ON_GRID", "TREE_INITIALIZATION_VALUE", "TREE_FIELD_TYPE"
            ,"EDITOR_TAB_CODE", "FIELD_TYPE", "COLUMN_DESCRIPTION", "IS_FROZEN_FLAG", "SHOW_HOVER_FLAG", "LOOKUP_CODE"
            ,"HOVER_COLUMN_CODE", "EDITOR_HEIGHT", "LOOKUP_FIELD_TYPE", "HELP_TEXT", "TEXT_MASK", "VALIDATION_REGEXP"
            ,"DEFAULT_ORDERBY_NUMBER", "DEFAULT_VALUE", "EDITOR_TITLE_ORIENTATION", "EDITOR_END_ROW_FLAG"
            ,"EDITOR_COLS_SPAN", "LOOKUP_DISPLAY_VALUE", "EDITOR_ON_ENTER_KEY_ACTION")
     Values ('INS_INS_MED_COMPANY_REP_DET', 'ACCOUNT_NUM', 'Счет', '*', 'S', '1007', 'N', 'Y', '', '', '', ''
            ,'**ACCOUNT_NUM', 'N', 'N', '', '', '', '', '', '', '', '', '', 'L', 'Y', '*', '', '');

Insert Into FORM_COLUMNS
            ("FORM_CODE", "COLUMN_CODE", "COLUMN_USER_NAME", "COLUMN_DISPLAY_SIZE", "COLUMN_DATA_TYPE"
            ,"COLUMN_DISPLAY_NUMBER", "PIMARY_KEY_FLAG", "SHOW_ON_GRID", "TREE_INITIALIZATION_VALUE", "TREE_FIELD_TYPE"
            ,"EDITOR_TAB_CODE", "FIELD_TYPE", "COLUMN_DESCRIPTION", "IS_FROZEN_FLAG", "SHOW_HOVER_FLAG", "LOOKUP_CODE"
            ,"HOVER_COLUMN_CODE", "EDITOR_HEIGHT", "LOOKUP_FIELD_TYPE", "HELP_TEXT", "TEXT_MASK", "VALIDATION_REGEXP"
            ,"DEFAULT_ORDERBY_NUMBER", "DEFAULT_VALUE", "EDITOR_TITLE_ORIENTATION", "EDITOR_END_ROW_FLAG"
            ,"EDITOR_COLS_SPAN", "LOOKUP_DISPLAY_VALUE", "EDITOR_ON_ENTER_KEY_ACTION")
     Values ('INS_INS_MED_COMPANY_REP_DET', 'AMOUNT', 'Сумма', '*', 'N', '1009', 'N', 'Y', '', '', '', '', '**AMOUNT'
            ,'N', 'N', '', '', '', '', '', '', '', '', '', 'L', 'Y', '*', '', '');

Insert Into FORM_COLUMNS
            ("FORM_CODE", "COLUMN_CODE", "COLUMN_USER_NAME", "COLUMN_DISPLAY_SIZE", "COLUMN_DATA_TYPE"
            ,"COLUMN_DISPLAY_NUMBER", "PIMARY_KEY_FLAG", "SHOW_ON_GRID", "TREE_INITIALIZATION_VALUE", "TREE_FIELD_TYPE"
            ,"EDITOR_TAB_CODE", "FIELD_TYPE", "COLUMN_DESCRIPTION", "IS_FROZEN_FLAG", "SHOW_HOVER_FLAG", "LOOKUP_CODE"
            ,"HOVER_COLUMN_CODE", "EDITOR_HEIGHT", "LOOKUP_FIELD_TYPE", "HELP_TEXT", "TEXT_MASK", "VALIDATION_REGEXP"
            ,"DEFAULT_ORDERBY_NUMBER", "DEFAULT_VALUE", "EDITOR_TITLE_ORIENTATION", "EDITOR_END_ROW_FLAG"
            ,"EDITOR_COLS_SPAN", "LOOKUP_DISPLAY_VALUE", "EDITOR_ON_ENTER_KEY_ACTION")
     Values ('INS_INS_MED_COMPANY_REP_DET', 'AMOUNT_W_DISCNT', 'Сумма со скидкой', '*', 'N', '1010', 'N', 'Y', '', ''
            ,'', '', '**AMOUNT_W_DISCNT', 'N', 'N', '', '', '', '', '', '', '', '', '', 'L', 'Y', '*', '', '');

Insert Into FORM_COLUMNS
            ("FORM_CODE", "COLUMN_CODE", "COLUMN_USER_NAME", "COLUMN_DISPLAY_SIZE", "COLUMN_DATA_TYPE"
            ,"COLUMN_DISPLAY_NUMBER", "PIMARY_KEY_FLAG", "SHOW_ON_GRID", "TREE_INITIALIZATION_VALUE", "TREE_FIELD_TYPE"
            ,"EDITOR_TAB_CODE", "FIELD_TYPE", "COLUMN_DESCRIPTION", "IS_FROZEN_FLAG", "SHOW_HOVER_FLAG", "LOOKUP_CODE"
            ,"HOVER_COLUMN_CODE", "EDITOR_HEIGHT", "LOOKUP_FIELD_TYPE", "HELP_TEXT", "TEXT_MASK", "VALIDATION_REGEXP"
            ,"DEFAULT_ORDERBY_NUMBER", "DEFAULT_VALUE", "EDITOR_TITLE_ORIENTATION", "EDITOR_END_ROW_FLAG"
            ,"EDITOR_COLS_SPAN", "LOOKUP_DISPLAY_VALUE", "EDITOR_ON_ENTER_KEY_ACTION")
     Values ('INS_INS_MED_COMPANY_REP_DET', 'CARD_NO', '№ Карты', '*', 'S', '1003', 'N', 'Y', '', '', '', ''
            ,'*в) № Карты', 'N', 'N', '', '', '', '', '', '', '', '', '', 'L', 'Y', '*', '', '');

Insert Into FORM_COLUMNS
            ("FORM_CODE", "COLUMN_CODE", "COLUMN_USER_NAME", "COLUMN_DISPLAY_SIZE", "COLUMN_DATA_TYPE"
            ,"COLUMN_DISPLAY_NUMBER", "PIMARY_KEY_FLAG", "SHOW_ON_GRID", "TREE_INITIALIZATION_VALUE", "TREE_FIELD_TYPE"
            ,"EDITOR_TAB_CODE", "FIELD_TYPE", "COLUMN_DESCRIPTION", "IS_FROZEN_FLAG", "SHOW_HOVER_FLAG", "LOOKUP_CODE"
            ,"HOVER_COLUMN_CODE", "EDITOR_HEIGHT", "LOOKUP_FIELD_TYPE", "HELP_TEXT", "TEXT_MASK", "VALIDATION_REGEXP"
            ,"DEFAULT_ORDERBY_NUMBER", "DEFAULT_VALUE", "EDITOR_TITLE_ORIENTATION", "EDITOR_END_ROW_FLAG"
            ,"EDITOR_COLS_SPAN", "LOOKUP_DISPLAY_VALUE", "EDITOR_ON_ENTER_KEY_ACTION")
     Values ('INS_INS_MED_COMPANY_REP_DET', 'CLIENT_COMPANY_NAME', 'Клиент', '*', 'S', '1005', 'N', 'Y', '', '', '', ''
            ,'**CLIENT_COMPANY_NAME', 'N', 'N', '', '', '', '', '', '', '', '', '', 'L', 'Y', '*', '', '');

Insert Into FORM_COLUMNS
            ("FORM_CODE", "COLUMN_CODE", "COLUMN_USER_NAME", "COLUMN_DISPLAY_SIZE", "COLUMN_DATA_TYPE"
            ,"COLUMN_DISPLAY_NUMBER", "PIMARY_KEY_FLAG", "SHOW_ON_GRID", "TREE_INITIALIZATION_VALUE", "TREE_FIELD_TYPE"
            ,"EDITOR_TAB_CODE", "FIELD_TYPE", "COLUMN_DESCRIPTION", "IS_FROZEN_FLAG", "SHOW_HOVER_FLAG", "LOOKUP_CODE"
            ,"HOVER_COLUMN_CODE", "EDITOR_HEIGHT", "LOOKUP_FIELD_TYPE", "HELP_TEXT", "TEXT_MASK", "VALIDATION_REGEXP"
            ,"DEFAULT_ORDERBY_NUMBER", "DEFAULT_VALUE", "EDITOR_TITLE_ORIENTATION", "EDITOR_END_ROW_FLAG"
            ,"EDITOR_COLS_SPAN", "LOOKUP_DISPLAY_VALUE", "EDITOR_ON_ENTER_KEY_ACTION")
     Values ('INS_INS_MED_COMPANY_REP_DET', 'INS_COMPANY_NAME', 'Страховая', '*', 'S', '1002', 'N', 'Y', '', '', '', ''
            ,'**INS_COMPANY_NAME', 'N', 'N', '', '', '', '', '', '', '', '', '', 'L', 'Y', '*', '', '');

Insert Into FORM_COLUMNS
            ("FORM_CODE", "COLUMN_CODE", "COLUMN_USER_NAME", "COLUMN_DISPLAY_SIZE", "COLUMN_DATA_TYPE"
            ,"COLUMN_DISPLAY_NUMBER", "PIMARY_KEY_FLAG", "SHOW_ON_GRID", "TREE_INITIALIZATION_VALUE", "TREE_FIELD_TYPE"
            ,"EDITOR_TAB_CODE", "FIELD_TYPE", "COLUMN_DESCRIPTION", "IS_FROZEN_FLAG", "SHOW_HOVER_FLAG", "LOOKUP_CODE"
            ,"HOVER_COLUMN_CODE", "EDITOR_HEIGHT", "LOOKUP_FIELD_TYPE", "HELP_TEXT", "TEXT_MASK", "VALIDATION_REGEXP"
            ,"DEFAULT_ORDERBY_NUMBER", "DEFAULT_VALUE", "EDITOR_TITLE_ORIENTATION", "EDITOR_END_ROW_FLAG"
            ,"EDITOR_COLS_SPAN", "LOOKUP_DISPLAY_VALUE", "EDITOR_ON_ENTER_KEY_ACTION")
     Values ('INS_INS_MED_COMPANY_REP_DET', 'MED_CAT_NAME', 'Категория', '*', 'S', '1008', 'N', 'Y', '', '', '', ''
            ,'**MED_CAT_NAME', 'N', 'N', '', '', '', '', '', '', '', '', '', 'L', 'Y', '*', '', '');

Insert Into FORM_COLUMNS
            ("FORM_CODE", "COLUMN_CODE", "COLUMN_USER_NAME", "COLUMN_DISPLAY_SIZE", "COLUMN_DATA_TYPE"
            ,"COLUMN_DISPLAY_NUMBER", "PIMARY_KEY_FLAG", "SHOW_ON_GRID", "TREE_INITIALIZATION_VALUE", "TREE_FIELD_TYPE"
            ,"EDITOR_TAB_CODE", "FIELD_TYPE", "COLUMN_DESCRIPTION", "IS_FROZEN_FLAG", "SHOW_HOVER_FLAG", "LOOKUP_CODE"
            ,"HOVER_COLUMN_CODE", "EDITOR_HEIGHT", "LOOKUP_FIELD_TYPE", "HELP_TEXT", "TEXT_MASK", "VALIDATION_REGEXP"
            ,"DEFAULT_ORDERBY_NUMBER", "DEFAULT_VALUE", "EDITOR_TITLE_ORIENTATION", "EDITOR_END_ROW_FLAG"
            ,"EDITOR_COLS_SPAN", "LOOKUP_DISPLAY_VALUE", "EDITOR_ON_ENTER_KEY_ACTION")
     Values ('INS_INS_MED_COMPANY_REP_DET', 'MED_COMPANY_NAME', 'Мед. учрежд.', '*', 'S', '1001', 'N', 'Y', '', '', ''
            ,'', '**MED_COMPANY_NAME', 'N', 'N', '', '', '', '', '', '', '', '', '', 'L', 'Y', '*', '', '');

Insert Into FORM_COLUMNS
            ("FORM_CODE", "COLUMN_CODE", "COLUMN_USER_NAME", "COLUMN_DISPLAY_SIZE", "COLUMN_DATA_TYPE"
            ,"COLUMN_DISPLAY_NUMBER", "PIMARY_KEY_FLAG", "SHOW_ON_GRID", "TREE_INITIALIZATION_VALUE", "TREE_FIELD_TYPE"
            ,"EDITOR_TAB_CODE", "FIELD_TYPE", "COLUMN_DESCRIPTION", "IS_FROZEN_FLAG", "SHOW_HOVER_FLAG", "LOOKUP_CODE"
            ,"HOVER_COLUMN_CODE", "EDITOR_HEIGHT", "LOOKUP_FIELD_TYPE", "HELP_TEXT", "TEXT_MASK", "VALIDATION_REGEXP"
            ,"DEFAULT_ORDERBY_NUMBER", "DEFAULT_VALUE", "EDITOR_TITLE_ORIENTATION", "EDITOR_END_ROW_FLAG"
            ,"EDITOR_COLS_SPAN", "LOOKUP_DISPLAY_VALUE", "EDITOR_ON_ENTER_KEY_ACTION")
     Values ('INS_INS_MED_COMPANY_REP_DET', 'POSTING_DATE', 'Дата введ.', '*', 'D', '1006', 'N', 'Y', '', '', '', ''
            ,'**POSTING_DATE', 'N', 'N', '', '', '', '', '', '', '', '', '', 'L', 'Y', '*', '', '');

Alter Table forms Enable VALIDATE Constraint forms_form_actions_fk;
Alter Table FORMS Enable All Triggers;

/*****************INS_INS_PROGRAM*********************/
Alter Table FORMS Disable All Triggers;
Alter Table forms Disable Constraint forms_form_actions_fk;
Delete From FORM_COLUMNS
      Where form_code = 'INS_INS_PROGRAM';
Delete From FORM_COLUMNS$
      Where form_code = 'INS_INS_PROGRAM';
Delete From FORM_ACTIONS
      Where form_code = 'INS_INS_PROGRAM';
Delete From FORM_TABS
      Where form_code = 'INS_INS_PROGRAM';
Delete From FORMS
      Where form_code = 'INS_INS_PROGRAM';
/*  Form: INS_INS_PROGRAM. Entity: FORMS.  */

Insert Into FORMS
            ("FORM_CODE", "HOT_KEY", "SQL_TEXT", "FORM_NAME", "FORM_TYPE", "SHOW_TREE_ROOT_NODE", "ICON_ID"
            ,"FORM_WIDTH", "FORM_HEIGHT", "BOTTOM_TABS_ORIENTATION", "SIDE_TABS_ORIENTATION", "SHOW_BOTTOM_TOOLBAR"
            ,"OBJECT_VERSION_NUMBER", "DEFAULT_COLUMN_WIDTH", "DESCRIPTION", "DOUBLE_CLICK_ACTION_CODE", "LOOKUP_WIDTH"
            ,"APPS_CODE", "EXPORT_ORDER")
     Values ('INS_INS_PROGRAM', '', 'select * from ins.ins_program p where p.contract_id = :id', 'Программы', 'G', 'Y'
            ,'', '*', '30%', '', '', 'N', '25', '*', '', '', '', 'INS', '100');
/*  Form: INS_INS_PROGRAM. Entity: FORM_TABS.  */

Insert Into FORM_TABS
            ("FORM_CODE", "TAB_CODE", "CHILD_FORM_CODE", "TAB_POSITION", "TAB_NAME", "NUMBER_OF_COLUMNS", "ICON_ID"
            ,"TAB_TYPE", "TAB_DISPLAY_NUMBER")
     Values ('INS_INS_PROGRAM', 'PROGRAM_CATEGORY', 'INS_PROGRAM_CATEGORY', 'B', '', '', '10', '2', '');
/*  Form: INS_INS_PROGRAM. Entity: FORM_ACTIONS.  */

Insert Into FORM_ACTIONS
            ("FORM_CODE", "ACTION_CODE", "PROCEDURE_NAME", "ACTION_DISPLAY_NAME", "ICON_ID", "DEFAULT_PARAM_PREFIX"
            ,"DEFAULT_OLD_PARAM_PREFIX", "ACTION_TYPE", "DISPLAY_NUMBER", "CONFIRM_TEXT", "HOT_KEY"
            ,"SHOW_SEPARATOR_BELOW", "DISPLAY_ON_TOOLBAR", "CHILD_FORM_CODE")
     Values ('INS_INS_PROGRAM', 'DEL', 'INS_PROGRAM_PKG.p_delete', 'Удалить', '48', '', '', '3', '130'
            ,'Вы уверенны что хотите удалить запись?', '', 'N', 'Y', '');

Insert Into FORM_ACTIONS
            ("FORM_CODE", "ACTION_CODE", "PROCEDURE_NAME", "ACTION_DISPLAY_NAME", "ICON_ID", "DEFAULT_PARAM_PREFIX"
            ,"DEFAULT_OLD_PARAM_PREFIX", "ACTION_TYPE", "DISPLAY_NUMBER", "CONFIRM_TEXT", "HOT_KEY"
            ,"SHOW_SEPARATOR_BELOW", "DISPLAY_ON_TOOLBAR", "CHILD_FORM_CODE")
     Values ('INS_INS_PROGRAM', 'EDIT', '', 'Редактировать', '50', '', '', '8', '115', 'Вы уверенны?', '', 'N', 'Y', '');

Insert Into FORM_ACTIONS
            ("FORM_CODE", "ACTION_CODE", "PROCEDURE_NAME", "ACTION_DISPLAY_NAME", "ICON_ID", "DEFAULT_PARAM_PREFIX"
            ,"DEFAULT_OLD_PARAM_PREFIX", "ACTION_TYPE", "DISPLAY_NUMBER", "CONFIRM_TEXT", "HOT_KEY"
            ,"SHOW_SEPARATOR_BELOW", "DISPLAY_ON_TOOLBAR", "CHILD_FORM_CODE")
     Values ('INS_INS_PROGRAM', 'INS', '', 'Создать', '47', '', '', '1', '110', '', '', 'N', 'Y', '');

Insert Into FORM_ACTIONS
            ("FORM_CODE", "ACTION_CODE", "PROCEDURE_NAME", "ACTION_DISPLAY_NAME", "ICON_ID", "DEFAULT_PARAM_PREFIX"
            ,"DEFAULT_OLD_PARAM_PREFIX", "ACTION_TYPE", "DISPLAY_NUMBER", "CONFIRM_TEXT", "HOT_KEY"
            ,"SHOW_SEPARATOR_BELOW", "DISPLAY_ON_TOOLBAR", "CHILD_FORM_CODE")
     Values ('INS_INS_PROGRAM', 'REFR', '', 'Обновить', '15', '', '', '4', '10', '', '', 'N', 'Y', '');

Insert Into FORM_ACTIONS
            ("FORM_CODE", "ACTION_CODE", "PROCEDURE_NAME", "ACTION_DISPLAY_NAME", "ICON_ID", "DEFAULT_PARAM_PREFIX"
            ,"DEFAULT_OLD_PARAM_PREFIX", "ACTION_TYPE", "DISPLAY_NUMBER", "CONFIRM_TEXT", "HOT_KEY"
            ,"SHOW_SEPARATOR_BELOW", "DISPLAY_ON_TOOLBAR", "CHILD_FORM_CODE")
     Values ('INS_INS_PROGRAM', 'UPD', 'INS_PROGRAM_PKG.p_ins_upd', 'Сохранить', '46', '', '', '2', '120'
            ,'Вы уверенны?', '', 'N', 'Y', '');
/*  Form: INS_INS_PROGRAM. Entity: FORM_COLUMNS$.  */

Insert Into FORM_COLUMNS$
            ("COL_NUM", "COL_TYPE", "COL_MAX_LEN", "COL_NAME", "COL_NAME_LEN", "COL_PRECISION", "COL_SCALE"
            ,"FORM_CODE", "PIMARY_KEY_FLAG", "DEFAULT_COLUMN_WIDTH", "COLUMN_DESCRIPTION")
     Values ('4', 'NUMBER', '22', 'AMOUNT', '6', '19', '2', 'INS_INS_PROGRAM', '', '*', '**AMOUNT');

Insert Into FORM_COLUMNS$
            ("COL_NUM", "COL_TYPE", "COL_MAX_LEN", "COL_NAME", "COL_NAME_LEN", "COL_PRECISION", "COL_SCALE"
            ,"FORM_CODE", "PIMARY_KEY_FLAG", "DEFAULT_COLUMN_WIDTH", "COLUMN_DESCRIPTION")
     Values ('2', 'NUMBER', '22', 'CONTRACT_ID', '11', '0', '-127', 'INS_INS_PROGRAM', '', '*', '**CONTRACT_ID');

Insert Into FORM_COLUMNS$
            ("COL_NUM", "COL_TYPE", "COL_MAX_LEN", "COL_NAME", "COL_NAME_LEN", "COL_PRECISION", "COL_SCALE"
            ,"FORM_CODE", "PIMARY_KEY_FLAG", "DEFAULT_COLUMN_WIDTH", "COLUMN_DESCRIPTION")
     Values ('8', 'DATE', '7', 'CREATED', '7', '0', '0', 'INS_INS_PROGRAM', '', '*', '*Creation date of the change set');

Insert Into FORM_COLUMNS$
            ("COL_NUM", "COL_TYPE", "COL_MAX_LEN", "COL_NAME", "COL_NAME_LEN", "COL_PRECISION", "COL_SCALE"
            ,"FORM_CODE", "PIMARY_KEY_FLAG", "DEFAULT_COLUMN_WIDTH", "COLUMN_DESCRIPTION")
     Values ('7', 'NUMBER', '22', 'CREATED_BY', '10', '0', '-127', 'INS_INS_PROGRAM', '', '*'
            ,'*Auditing; user that created the record.');

Insert Into FORM_COLUMNS$
            ("COL_NUM", "COL_TYPE", "COL_MAX_LEN", "COL_NAME", "COL_NAME_LEN", "COL_PRECISION", "COL_SCALE"
            ,"FORM_CODE", "PIMARY_KEY_FLAG", "DEFAULT_COLUMN_WIDTH", "COLUMN_DESCRIPTION")
     Values ('1', 'NUMBER', '22', 'ID', '2', '0', '-127', 'INS_INS_PROGRAM', '', '*', '*2 - идентификатор записи;');

Insert Into FORM_COLUMNS$
            ("COL_NUM", "COL_TYPE", "COL_MAX_LEN", "COL_NAME", "COL_NAME_LEN", "COL_PRECISION", "COL_SCALE"
            ,"FORM_CODE", "PIMARY_KEY_FLAG", "DEFAULT_COLUMN_WIDTH", "COLUMN_DESCRIPTION")
     Values ('6', 'NUMBER', '22', 'ISUNION', '7', '10', '0', 'INS_INS_PROGRAM', '', '*', '**ISUNION');

Insert Into FORM_COLUMNS$
            ("COL_NUM", "COL_TYPE", "COL_MAX_LEN", "COL_NAME", "COL_NAME_LEN", "COL_PRECISION", "COL_SCALE"
            ,"FORM_CODE", "PIMARY_KEY_FLAG", "DEFAULT_COLUMN_WIDTH", "COLUMN_DESCRIPTION")
     Values ('11', 'NUMBER', '22', 'ORIG_REF_ID', '11', '10', '0', 'INS_INS_PROGRAM', '', '*', '**ORIG_REF_ID');

Insert Into FORM_COLUMNS$
            ("COL_NUM", "COL_TYPE", "COL_MAX_LEN", "COL_NAME", "COL_NAME_LEN", "COL_PRECISION", "COL_SCALE"
            ,"FORM_CODE", "PIMARY_KEY_FLAG", "DEFAULT_COLUMN_WIDTH", "COLUMN_DESCRIPTION")
     Values ('5', 'NUMBER', '22', 'PREMIUM', '7', '19', '2', 'INS_INS_PROGRAM', '', '*', '**PREMIUM');

Insert Into FORM_COLUMNS$
            ("COL_NUM", "COL_TYPE", "COL_MAX_LEN", "COL_NAME", "COL_NAME_LEN", "COL_PRECISION", "COL_SCALE"
            ,"FORM_CODE", "PIMARY_KEY_FLAG", "DEFAULT_COLUMN_WIDTH", "COLUMN_DESCRIPTION")
     Values ('3', 'VARCHAR2', '768', 'PROGRAM_CODE', '12', '0', '0', 'INS_INS_PROGRAM', '', '*', '**PROGRAM_CODE');

Insert Into FORM_COLUMNS$
            ("COL_NUM", "COL_TYPE", "COL_MAX_LEN", "COL_NAME", "COL_NAME_LEN", "COL_PRECISION", "COL_SCALE"
            ,"FORM_CODE", "PIMARY_KEY_FLAG", "DEFAULT_COLUMN_WIDTH", "COLUMN_DESCRIPTION")
     Values ('10', 'DATE', '7', 'UPDATED', '7', '0', '0', 'INS_INS_PROGRAM', '', '*', '**UPDATED');

Insert Into FORM_COLUMNS$
            ("COL_NUM", "COL_TYPE", "COL_MAX_LEN", "COL_NAME", "COL_NAME_LEN", "COL_PRECISION", "COL_SCALE"
            ,"FORM_CODE", "PIMARY_KEY_FLAG", "DEFAULT_COLUMN_WIDTH", "COLUMN_DESCRIPTION")
     Values ('9', 'NUMBER', '22', 'UPDATED_BY', '10', '0', '-127', 'INS_INS_PROGRAM', '', '*', '**UPDATED_BY');
/*  Form: INS_INS_PROGRAM. Entity: FORM_COLUMNS.  */

Insert Into FORM_COLUMNS
            ("FORM_CODE", "COLUMN_CODE", "COLUMN_USER_NAME", "COLUMN_DISPLAY_SIZE", "COLUMN_DATA_TYPE"
            ,"COLUMN_DISPLAY_NUMBER", "PIMARY_KEY_FLAG", "SHOW_ON_GRID", "TREE_INITIALIZATION_VALUE", "TREE_FIELD_TYPE"
            ,"EDITOR_TAB_CODE", "FIELD_TYPE", "COLUMN_DESCRIPTION", "IS_FROZEN_FLAG", "SHOW_HOVER_FLAG", "LOOKUP_CODE"
            ,"HOVER_COLUMN_CODE", "EDITOR_HEIGHT", "LOOKUP_FIELD_TYPE", "HELP_TEXT", "TEXT_MASK", "VALIDATION_REGEXP"
            ,"DEFAULT_ORDERBY_NUMBER", "DEFAULT_VALUE", "EDITOR_TITLE_ORIENTATION", "EDITOR_END_ROW_FLAG"
            ,"EDITOR_COLS_SPAN", "LOOKUP_DISPLAY_VALUE", "EDITOR_ON_ENTER_KEY_ACTION")
     Values ('INS_INS_PROGRAM', 'AMOUNT', 'Страх.сумма', '*', 'N', '1004', 'N', 'Y', '', '', '', '', '**AMOUNT', 'N'
            ,'N', '', '', '', '', '', '', '', '', '', 'L', 'Y', '*', '', '');

Insert Into FORM_COLUMNS
            ("FORM_CODE", "COLUMN_CODE", "COLUMN_USER_NAME", "COLUMN_DISPLAY_SIZE", "COLUMN_DATA_TYPE"
            ,"COLUMN_DISPLAY_NUMBER", "PIMARY_KEY_FLAG", "SHOW_ON_GRID", "TREE_INITIALIZATION_VALUE", "TREE_FIELD_TYPE"
            ,"EDITOR_TAB_CODE", "FIELD_TYPE", "COLUMN_DESCRIPTION", "IS_FROZEN_FLAG", "SHOW_HOVER_FLAG", "LOOKUP_CODE"
            ,"HOVER_COLUMN_CODE", "EDITOR_HEIGHT", "LOOKUP_FIELD_TYPE", "HELP_TEXT", "TEXT_MASK", "VALIDATION_REGEXP"
            ,"DEFAULT_ORDERBY_NUMBER", "DEFAULT_VALUE", "EDITOR_TITLE_ORIENTATION", "EDITOR_END_ROW_FLAG"
            ,"EDITOR_COLS_SPAN", "LOOKUP_DISPLAY_VALUE", "EDITOR_ON_ENTER_KEY_ACTION")
     Values ('INS_INS_PROGRAM', 'CONTRACT_ID', '', '*', 'N', '1002', 'N', 'N', '', '', '', '', '**CONTRACT_ID', 'N'
            ,'N', '', '', '', '', '', '', '', '', ':ID', 'L', 'Y', '*', '', '');

Insert Into FORM_COLUMNS
            ("FORM_CODE", "COLUMN_CODE", "COLUMN_USER_NAME", "COLUMN_DISPLAY_SIZE", "COLUMN_DATA_TYPE"
            ,"COLUMN_DISPLAY_NUMBER", "PIMARY_KEY_FLAG", "SHOW_ON_GRID", "TREE_INITIALIZATION_VALUE", "TREE_FIELD_TYPE"
            ,"EDITOR_TAB_CODE", "FIELD_TYPE", "COLUMN_DESCRIPTION", "IS_FROZEN_FLAG", "SHOW_HOVER_FLAG", "LOOKUP_CODE"
            ,"HOVER_COLUMN_CODE", "EDITOR_HEIGHT", "LOOKUP_FIELD_TYPE", "HELP_TEXT", "TEXT_MASK", "VALIDATION_REGEXP"
            ,"DEFAULT_ORDERBY_NUMBER", "DEFAULT_VALUE", "EDITOR_TITLE_ORIENTATION", "EDITOR_END_ROW_FLAG"
            ,"EDITOR_COLS_SPAN", "LOOKUP_DISPLAY_VALUE", "EDITOR_ON_ENTER_KEY_ACTION")
     Values ('INS_INS_PROGRAM', 'CREATED', 'Creation date of the change set', '*', 'DATE', '1008', 'N', 'N', '', '', ''
            ,'', '*Creation date of the change set', 'N', 'N', '', '', '', '', '', '', '', '', '', 'L', 'Y', '*', ''
            ,'');

Insert Into FORM_COLUMNS
            ("FORM_CODE", "COLUMN_CODE", "COLUMN_USER_NAME", "COLUMN_DISPLAY_SIZE", "COLUMN_DATA_TYPE"
            ,"COLUMN_DISPLAY_NUMBER", "PIMARY_KEY_FLAG", "SHOW_ON_GRID", "TREE_INITIALIZATION_VALUE", "TREE_FIELD_TYPE"
            ,"EDITOR_TAB_CODE", "FIELD_TYPE", "COLUMN_DESCRIPTION", "IS_FROZEN_FLAG", "SHOW_HOVER_FLAG", "LOOKUP_CODE"
            ,"HOVER_COLUMN_CODE", "EDITOR_HEIGHT", "LOOKUP_FIELD_TYPE", "HELP_TEXT", "TEXT_MASK", "VALIDATION_REGEXP"
            ,"DEFAULT_ORDERBY_NUMBER", "DEFAULT_VALUE", "EDITOR_TITLE_ORIENTATION", "EDITOR_END_ROW_FLAG"
            ,"EDITOR_COLS_SPAN", "LOOKUP_DISPLAY_VALUE", "EDITOR_ON_ENTER_KEY_ACTION")
     Values ('INS_INS_PROGRAM', 'CREATED_BY', 'Auditing; user that created the record.', '*', 'N', '1007', 'N', 'N', ''
            ,'', '', '', '*Auditing; user that created the record.', 'N', 'N', '', '', '', '', '', '', '', '', '', 'L'
            ,'Y', '*', '', '');

Insert Into FORM_COLUMNS
            ("FORM_CODE", "COLUMN_CODE", "COLUMN_USER_NAME", "COLUMN_DISPLAY_SIZE", "COLUMN_DATA_TYPE"
            ,"COLUMN_DISPLAY_NUMBER", "PIMARY_KEY_FLAG", "SHOW_ON_GRID", "TREE_INITIALIZATION_VALUE", "TREE_FIELD_TYPE"
            ,"EDITOR_TAB_CODE", "FIELD_TYPE", "COLUMN_DESCRIPTION", "IS_FROZEN_FLAG", "SHOW_HOVER_FLAG", "LOOKUP_CODE"
            ,"HOVER_COLUMN_CODE", "EDITOR_HEIGHT", "LOOKUP_FIELD_TYPE", "HELP_TEXT", "TEXT_MASK", "VALIDATION_REGEXP"
            ,"DEFAULT_ORDERBY_NUMBER", "DEFAULT_VALUE", "EDITOR_TITLE_ORIENTATION", "EDITOR_END_ROW_FLAG"
            ,"EDITOR_COLS_SPAN", "LOOKUP_DISPLAY_VALUE", "EDITOR_ON_ENTER_KEY_ACTION")
     Values ('INS_INS_PROGRAM', 'ID', '2 - идентификатор записи;', '*', 'N', '1001', 'Y', 'N', '', '', '', ''
            ,'*2 - идентификатор записи;', 'N', 'N', '', '', '', '', '', '', '', '', '', 'L', 'Y', '*', '', '');

Insert Into FORM_COLUMNS
            ("FORM_CODE", "COLUMN_CODE", "COLUMN_USER_NAME", "COLUMN_DISPLAY_SIZE", "COLUMN_DATA_TYPE"
            ,"COLUMN_DISPLAY_NUMBER", "PIMARY_KEY_FLAG", "SHOW_ON_GRID", "TREE_INITIALIZATION_VALUE", "TREE_FIELD_TYPE"
            ,"EDITOR_TAB_CODE", "FIELD_TYPE", "COLUMN_DESCRIPTION", "IS_FROZEN_FLAG", "SHOW_HOVER_FLAG", "LOOKUP_CODE"
            ,"HOVER_COLUMN_CODE", "EDITOR_HEIGHT", "LOOKUP_FIELD_TYPE", "HELP_TEXT", "TEXT_MASK", "VALIDATION_REGEXP"
            ,"DEFAULT_ORDERBY_NUMBER", "DEFAULT_VALUE", "EDITOR_TITLE_ORIENTATION", "EDITOR_END_ROW_FLAG"
            ,"EDITOR_COLS_SPAN", "LOOKUP_DISPLAY_VALUE", "EDITOR_ON_ENTER_KEY_ACTION")
     Values ('INS_INS_PROGRAM', 'ISUNION', 'В объединении', '*', 'B', '1006', 'N', 'Y', '', '', '', '', '**ISUNION'
            ,'N', 'N', '', '', '', '', '', '', '', '', '', 'L', 'Y', '*', '', '');

Insert Into FORM_COLUMNS
            ("FORM_CODE", "COLUMN_CODE", "COLUMN_USER_NAME", "COLUMN_DISPLAY_SIZE", "COLUMN_DATA_TYPE"
            ,"COLUMN_DISPLAY_NUMBER", "PIMARY_KEY_FLAG", "SHOW_ON_GRID", "TREE_INITIALIZATION_VALUE", "TREE_FIELD_TYPE"
            ,"EDITOR_TAB_CODE", "FIELD_TYPE", "COLUMN_DESCRIPTION", "IS_FROZEN_FLAG", "SHOW_HOVER_FLAG", "LOOKUP_CODE"
            ,"HOVER_COLUMN_CODE", "EDITOR_HEIGHT", "LOOKUP_FIELD_TYPE", "HELP_TEXT", "TEXT_MASK", "VALIDATION_REGEXP"
            ,"DEFAULT_ORDERBY_NUMBER", "DEFAULT_VALUE", "EDITOR_TITLE_ORIENTATION", "EDITOR_END_ROW_FLAG"
            ,"EDITOR_COLS_SPAN", "LOOKUP_DISPLAY_VALUE", "EDITOR_ON_ENTER_KEY_ACTION")
     Values ('INS_INS_PROGRAM', 'ORIG_REF_ID', '', '*', 'N', '1001', 'N', 'N', '', '', '', '', '**ORIG_REF_ID', 'N'
            ,'N', '', '', '', '', '', '', '', '', '', 'L', 'Y', '*', '', '');

Insert Into FORM_COLUMNS
            ("FORM_CODE", "COLUMN_CODE", "COLUMN_USER_NAME", "COLUMN_DISPLAY_SIZE", "COLUMN_DATA_TYPE"
            ,"COLUMN_DISPLAY_NUMBER", "PIMARY_KEY_FLAG", "SHOW_ON_GRID", "TREE_INITIALIZATION_VALUE", "TREE_FIELD_TYPE"
            ,"EDITOR_TAB_CODE", "FIELD_TYPE", "COLUMN_DESCRIPTION", "IS_FROZEN_FLAG", "SHOW_HOVER_FLAG", "LOOKUP_CODE"
            ,"HOVER_COLUMN_CODE", "EDITOR_HEIGHT", "LOOKUP_FIELD_TYPE", "HELP_TEXT", "TEXT_MASK", "VALIDATION_REGEXP"
            ,"DEFAULT_ORDERBY_NUMBER", "DEFAULT_VALUE", "EDITOR_TITLE_ORIENTATION", "EDITOR_END_ROW_FLAG"
            ,"EDITOR_COLS_SPAN", "LOOKUP_DISPLAY_VALUE", "EDITOR_ON_ENTER_KEY_ACTION")
     Values ('INS_INS_PROGRAM', 'PREMIUM', 'Страх.премия', '*', 'N', '1005', 'N', 'Y', '', '', '', '', '**PREMIUM', 'N'
            ,'N', '', '', '', '', '', '', '', '', '', 'L', 'Y', '*', '', '');

Insert Into FORM_COLUMNS
            ("FORM_CODE", "COLUMN_CODE", "COLUMN_USER_NAME", "COLUMN_DISPLAY_SIZE", "COLUMN_DATA_TYPE"
            ,"COLUMN_DISPLAY_NUMBER", "PIMARY_KEY_FLAG", "SHOW_ON_GRID", "TREE_INITIALIZATION_VALUE", "TREE_FIELD_TYPE"
            ,"EDITOR_TAB_CODE", "FIELD_TYPE", "COLUMN_DESCRIPTION", "IS_FROZEN_FLAG", "SHOW_HOVER_FLAG", "LOOKUP_CODE"
            ,"HOVER_COLUMN_CODE", "EDITOR_HEIGHT", "LOOKUP_FIELD_TYPE", "HELP_TEXT", "TEXT_MASK", "VALIDATION_REGEXP"
            ,"DEFAULT_ORDERBY_NUMBER", "DEFAULT_VALUE", "EDITOR_TITLE_ORIENTATION", "EDITOR_END_ROW_FLAG"
            ,"EDITOR_COLS_SPAN", "LOOKUP_DISPLAY_VALUE", "EDITOR_ON_ENTER_KEY_ACTION")
     Values ('INS_INS_PROGRAM', 'PROGRAM_CODE', 'Программа', '*', 'S', '1003', 'N', 'Y', '', '', '', '8'
            ,'**PROGRAM_CODE', 'N', 'N', 'INS_PROGRAM', '', '', '', '', '', '', '', '', 'L', 'Y', '*', '', '');

Insert Into FORM_COLUMNS
            ("FORM_CODE", "COLUMN_CODE", "COLUMN_USER_NAME", "COLUMN_DISPLAY_SIZE", "COLUMN_DATA_TYPE"
            ,"COLUMN_DISPLAY_NUMBER", "PIMARY_KEY_FLAG", "SHOW_ON_GRID", "TREE_INITIALIZATION_VALUE", "TREE_FIELD_TYPE"
            ,"EDITOR_TAB_CODE", "FIELD_TYPE", "COLUMN_DESCRIPTION", "IS_FROZEN_FLAG", "SHOW_HOVER_FLAG", "LOOKUP_CODE"
            ,"HOVER_COLUMN_CODE", "EDITOR_HEIGHT", "LOOKUP_FIELD_TYPE", "HELP_TEXT", "TEXT_MASK", "VALIDATION_REGEXP"
            ,"DEFAULT_ORDERBY_NUMBER", "DEFAULT_VALUE", "EDITOR_TITLE_ORIENTATION", "EDITOR_END_ROW_FLAG"
            ,"EDITOR_COLS_SPAN", "LOOKUP_DISPLAY_VALUE", "EDITOR_ON_ENTER_KEY_ACTION")
     Values ('INS_INS_PROGRAM', 'UPDATED', '', '*', 'DATE', '1010', 'N', 'N', '', '', '', '', '**UPDATED', 'N', 'N', ''
            ,'', '', '', '', '', '', '', '', 'L', 'Y', '*', '', '');

Insert Into FORM_COLUMNS
            ("FORM_CODE", "COLUMN_CODE", "COLUMN_USER_NAME", "COLUMN_DISPLAY_SIZE", "COLUMN_DATA_TYPE"
            ,"COLUMN_DISPLAY_NUMBER", "PIMARY_KEY_FLAG", "SHOW_ON_GRID", "TREE_INITIALIZATION_VALUE", "TREE_FIELD_TYPE"
            ,"EDITOR_TAB_CODE", "FIELD_TYPE", "COLUMN_DESCRIPTION", "IS_FROZEN_FLAG", "SHOW_HOVER_FLAG", "LOOKUP_CODE"
            ,"HOVER_COLUMN_CODE", "EDITOR_HEIGHT", "LOOKUP_FIELD_TYPE", "HELP_TEXT", "TEXT_MASK", "VALIDATION_REGEXP"
            ,"DEFAULT_ORDERBY_NUMBER", "DEFAULT_VALUE", "EDITOR_TITLE_ORIENTATION", "EDITOR_END_ROW_FLAG"
            ,"EDITOR_COLS_SPAN", "LOOKUP_DISPLAY_VALUE", "EDITOR_ON_ENTER_KEY_ACTION")
     Values ('INS_INS_PROGRAM', 'UPDATED_BY', '', '*', 'N', '1009', 'N', 'N', '', '', '', '', '**UPDATED_BY', 'N', 'N'
            ,'', '', '', '', '', '', '', '', '', 'L', 'Y', '*', '', '');

Alter Table forms Enable VALIDATE Constraint forms_form_actions_fk;
Alter Table FORMS Enable All Triggers;

/*****************INS_INS_PROGRAM_MED_SERVICE*********************/
Alter Table FORMS Disable All Triggers;
Alter Table forms Disable Constraint forms_form_actions_fk;
Delete From FORM_COLUMNS
      Where form_code = 'INS_INS_PROGRAM_MED_SERVICE';
Delete From FORM_COLUMNS$
      Where form_code = 'INS_INS_PROGRAM_MED_SERVICE';
Delete From FORM_ACTIONS
      Where form_code = 'INS_INS_PROGRAM_MED_SERVICE';
Delete From FORM_TABS
      Where form_code = 'INS_INS_PROGRAM_MED_SERVICE';
Delete From FORMS
      Where form_code = 'INS_INS_PROGRAM_MED_SERVICE';
/*  Form: INS_INS_PROGRAM_MED_SERVICE. Entity: FORMS.  */

Insert Into FORMS
            ("FORM_CODE", "HOT_KEY", "SQL_TEXT", "FORM_NAME", "FORM_TYPE", "SHOW_TREE_ROOT_NODE", "ICON_ID"
            ,"FORM_WIDTH", "FORM_HEIGHT", "BOTTOM_TABS_ORIENTATION", "SIDE_TABS_ORIENTATION", "SHOW_BOTTOM_TOOLBAR"
            ,"OBJECT_VERSION_NUMBER", "DEFAULT_COLUMN_WIDTH", "DESCRIPTION", "DOUBLE_CLICK_ACTION_CODE", "LOOKUP_WIDTH"
            ,"APPS_CODE", "EXPORT_ORDER")
     Values ('INS_INS_PROGRAM_MED_SERVICE', ''
            ,'Select *
  From ins.ins_program_med_service a
 Where a.contract_id = :contract_id
   And a.program_code = :program_code
   And a.category_code = :category_code
'
            ,'Медицинские услуги', 'G', 'Y', '', '*', '*', '', '', 'N', '25', '*', '', '', '', 'INS', '100');
/*  Form: INS_INS_PROGRAM_MED_SERVICE. Entity: FORM_TABS.  */
/*  Form: INS_INS_PROGRAM_MED_SERVICE. Entity: FORM_ACTIONS.  */

Insert Into FORM_ACTIONS
            ("FORM_CODE", "ACTION_CODE", "PROCEDURE_NAME", "ACTION_DISPLAY_NAME", "ICON_ID", "DEFAULT_PARAM_PREFIX"
            ,"DEFAULT_OLD_PARAM_PREFIX", "ACTION_TYPE", "DISPLAY_NUMBER", "CONFIRM_TEXT", "HOT_KEY"
            ,"SHOW_SEPARATOR_BELOW", "DISPLAY_ON_TOOLBAR", "CHILD_FORM_CODE")
     Values ('INS_INS_PROGRAM_MED_SERVICE', 'DEL', 'INS_PROGRAM_MED_SERVICE_PKG.p_delete', 'Удалить', '48', '', '', '3'
            ,'130', 'Вы уверенны что хотите удалить запись?', '', 'N', 'Y', '');

Insert Into FORM_ACTIONS
            ("FORM_CODE", "ACTION_CODE", "PROCEDURE_NAME", "ACTION_DISPLAY_NAME", "ICON_ID", "DEFAULT_PARAM_PREFIX"
            ,"DEFAULT_OLD_PARAM_PREFIX", "ACTION_TYPE", "DISPLAY_NUMBER", "CONFIRM_TEXT", "HOT_KEY"
            ,"SHOW_SEPARATOR_BELOW", "DISPLAY_ON_TOOLBAR", "CHILD_FORM_CODE")
     Values ('INS_INS_PROGRAM_MED_SERVICE', 'EDIT', '', 'Редактировать', '50', '', '', '8', '115', 'Вы уверенны?', ''
            ,'N', 'Y', '');

Insert Into FORM_ACTIONS
            ("FORM_CODE", "ACTION_CODE", "PROCEDURE_NAME", "ACTION_DISPLAY_NAME", "ICON_ID", "DEFAULT_PARAM_PREFIX"
            ,"DEFAULT_OLD_PARAM_PREFIX", "ACTION_TYPE", "DISPLAY_NUMBER", "CONFIRM_TEXT", "HOT_KEY"
            ,"SHOW_SEPARATOR_BELOW", "DISPLAY_ON_TOOLBAR", "CHILD_FORM_CODE")
     Values ('INS_INS_PROGRAM_MED_SERVICE', 'INS', '', 'Создать', '47', '', '', '1', '110', '', '', 'N', 'Y', '');

Insert Into FORM_ACTIONS
            ("FORM_CODE", "ACTION_CODE", "PROCEDURE_NAME", "ACTION_DISPLAY_NAME", "ICON_ID", "DEFAULT_PARAM_PREFIX"
            ,"DEFAULT_OLD_PARAM_PREFIX", "ACTION_TYPE", "DISPLAY_NUMBER", "CONFIRM_TEXT", "HOT_KEY"
            ,"SHOW_SEPARATOR_BELOW", "DISPLAY_ON_TOOLBAR", "CHILD_FORM_CODE")
     Values ('INS_INS_PROGRAM_MED_SERVICE', 'REFR', '', 'Обновить', '15', '', '', '4', '10', '', '', 'N', 'Y', '');

Insert Into FORM_ACTIONS
            ("FORM_CODE", "ACTION_CODE", "PROCEDURE_NAME", "ACTION_DISPLAY_NAME", "ICON_ID", "DEFAULT_PARAM_PREFIX"
            ,"DEFAULT_OLD_PARAM_PREFIX", "ACTION_TYPE", "DISPLAY_NUMBER", "CONFIRM_TEXT", "HOT_KEY"
            ,"SHOW_SEPARATOR_BELOW", "DISPLAY_ON_TOOLBAR", "CHILD_FORM_CODE")
     Values ('INS_INS_PROGRAM_MED_SERVICE', 'UPD', 'INS_PROGRAM_MED_SERVICE_PKG.p_ins_upd', 'Сохранить', '46', '', ''
            ,'2', '120', 'Вы уверенны?', '', 'N', 'Y', '');
/*  Form: INS_INS_PROGRAM_MED_SERVICE. Entity: FORM_COLUMNS$.  */

Insert Into FORM_COLUMNS$
            ("COL_NUM", "COL_TYPE", "COL_MAX_LEN", "COL_NAME", "COL_NAME_LEN", "COL_PRECISION", "COL_SCALE"
            ,"FORM_CODE", "PIMARY_KEY_FLAG", "DEFAULT_COLUMN_WIDTH", "COLUMN_DESCRIPTION")
     Values ('4', 'VARCHAR2', '768', 'CATEGORY_CODE', '13', '0', '0', 'INS_INS_PROGRAM_MED_SERVICE', '', '*'
            ,'**CATEGORY_CODE');

Insert Into FORM_COLUMNS$
            ("COL_NUM", "COL_TYPE", "COL_MAX_LEN", "COL_NAME", "COL_NAME_LEN", "COL_PRECISION", "COL_SCALE"
            ,"FORM_CODE", "PIMARY_KEY_FLAG", "DEFAULT_COLUMN_WIDTH", "COLUMN_DESCRIPTION")
     Values ('2', 'NUMBER', '22', 'CONTRACT_ID', '11', '0', '-127', 'INS_INS_PROGRAM_MED_SERVICE', '', '*'
            ,'**CONTRACT_ID');

Insert Into FORM_COLUMNS$
            ("COL_NUM", "COL_TYPE", "COL_MAX_LEN", "COL_NAME", "COL_NAME_LEN", "COL_PRECISION", "COL_SCALE"
            ,"FORM_CODE", "PIMARY_KEY_FLAG", "DEFAULT_COLUMN_WIDTH", "COLUMN_DESCRIPTION")
     Values ('7', 'DATE', '7', 'CREATED', '7', '0', '0', 'INS_INS_PROGRAM_MED_SERVICE', '', '*'
            ,'*Creation date of the change set');

Insert Into FORM_COLUMNS$
            ("COL_NUM", "COL_TYPE", "COL_MAX_LEN", "COL_NAME", "COL_NAME_LEN", "COL_PRECISION", "COL_SCALE"
            ,"FORM_CODE", "PIMARY_KEY_FLAG", "DEFAULT_COLUMN_WIDTH", "COLUMN_DESCRIPTION")
     Values ('6', 'NUMBER', '22', 'CREATED_BY', '10', '0', '-127', 'INS_INS_PROGRAM_MED_SERVICE', '', '*'
            ,'*Auditing; user that created the record.');

Insert Into FORM_COLUMNS$
            ("COL_NUM", "COL_TYPE", "COL_MAX_LEN", "COL_NAME", "COL_NAME_LEN", "COL_PRECISION", "COL_SCALE"
            ,"FORM_CODE", "PIMARY_KEY_FLAG", "DEFAULT_COLUMN_WIDTH", "COLUMN_DESCRIPTION")
     Values ('1', 'NUMBER', '22', 'ID', '2', '0', '-127', 'INS_INS_PROGRAM_MED_SERVICE', '', '*'
            ,'*2 - идентификатор записи;');

Insert Into FORM_COLUMNS$
            ("COL_NUM", "COL_TYPE", "COL_MAX_LEN", "COL_NAME", "COL_NAME_LEN", "COL_PRECISION", "COL_SCALE"
            ,"FORM_CODE", "PIMARY_KEY_FLAG", "DEFAULT_COLUMN_WIDTH", "COLUMN_DESCRIPTION")
     Values ('5', 'VARCHAR2', '1020', 'MEDICAL_SERVICE_CODE', '20', '0', '0', 'INS_INS_PROGRAM_MED_SERVICE', '', '*'
            ,'**MEDICAL_SERVICE_CODE');

Insert Into FORM_COLUMNS$
            ("COL_NUM", "COL_TYPE", "COL_MAX_LEN", "COL_NAME", "COL_NAME_LEN", "COL_PRECISION", "COL_SCALE"
            ,"FORM_CODE", "PIMARY_KEY_FLAG", "DEFAULT_COLUMN_WIDTH", "COLUMN_DESCRIPTION")
     Values ('10', 'NUMBER', '22', 'ORIG_REF_ID', '11', '10', '0', 'INS_INS_PROGRAM_MED_SERVICE', '', '*'
            ,'**ORIG_REF_ID');

Insert Into FORM_COLUMNS$
            ("COL_NUM", "COL_TYPE", "COL_MAX_LEN", "COL_NAME", "COL_NAME_LEN", "COL_PRECISION", "COL_SCALE"
            ,"FORM_CODE", "PIMARY_KEY_FLAG", "DEFAULT_COLUMN_WIDTH", "COLUMN_DESCRIPTION")
     Values ('3', 'VARCHAR2', '1020', 'PROGRAM_CODE', '12', '0', '0', 'INS_INS_PROGRAM_MED_SERVICE', '', '*'
            ,'**PROGRAM_CODE');

Insert Into FORM_COLUMNS$
            ("COL_NUM", "COL_TYPE", "COL_MAX_LEN", "COL_NAME", "COL_NAME_LEN", "COL_PRECISION", "COL_SCALE"
            ,"FORM_CODE", "PIMARY_KEY_FLAG", "DEFAULT_COLUMN_WIDTH", "COLUMN_DESCRIPTION")
     Values ('9', 'DATE', '7', 'UPDATED', '7', '0', '0', 'INS_INS_PROGRAM_MED_SERVICE', '', '*', '**UPDATED');

Insert Into FORM_COLUMNS$
            ("COL_NUM", "COL_TYPE", "COL_MAX_LEN", "COL_NAME", "COL_NAME_LEN", "COL_PRECISION", "COL_SCALE"
            ,"FORM_CODE", "PIMARY_KEY_FLAG", "DEFAULT_COLUMN_WIDTH", "COLUMN_DESCRIPTION")
     Values ('8', 'NUMBER', '22', 'UPDATED_BY', '10', '0', '-127', 'INS_INS_PROGRAM_MED_SERVICE', '', '*'
            ,'**UPDATED_BY');
/*  Form: INS_INS_PROGRAM_MED_SERVICE. Entity: FORM_COLUMNS.  */

Insert Into FORM_COLUMNS
            ("FORM_CODE", "COLUMN_CODE", "COLUMN_USER_NAME", "COLUMN_DISPLAY_SIZE", "COLUMN_DATA_TYPE"
            ,"COLUMN_DISPLAY_NUMBER", "PIMARY_KEY_FLAG", "SHOW_ON_GRID", "TREE_INITIALIZATION_VALUE", "TREE_FIELD_TYPE"
            ,"EDITOR_TAB_CODE", "FIELD_TYPE", "COLUMN_DESCRIPTION", "IS_FROZEN_FLAG", "SHOW_HOVER_FLAG", "LOOKUP_CODE"
            ,"HOVER_COLUMN_CODE", "EDITOR_HEIGHT", "LOOKUP_FIELD_TYPE", "HELP_TEXT", "TEXT_MASK", "VALIDATION_REGEXP"
            ,"DEFAULT_ORDERBY_NUMBER", "DEFAULT_VALUE", "EDITOR_TITLE_ORIENTATION", "EDITOR_END_ROW_FLAG"
            ,"EDITOR_COLS_SPAN", "LOOKUP_DISPLAY_VALUE", "EDITOR_ON_ENTER_KEY_ACTION")
     Values ('INS_INS_PROGRAM_MED_SERVICE', 'CATEGORY_CODE', '', '*', 'S', '1004', 'N', 'N', '', '', '', ''
            ,'**CATEGORY_CODE', 'N', 'N', '', '', '', '', '', '', '', '', ':CATEGORY_CODE', 'L', 'Y', '*', '', '');

Insert Into FORM_COLUMNS
            ("FORM_CODE", "COLUMN_CODE", "COLUMN_USER_NAME", "COLUMN_DISPLAY_SIZE", "COLUMN_DATA_TYPE"
            ,"COLUMN_DISPLAY_NUMBER", "PIMARY_KEY_FLAG", "SHOW_ON_GRID", "TREE_INITIALIZATION_VALUE", "TREE_FIELD_TYPE"
            ,"EDITOR_TAB_CODE", "FIELD_TYPE", "COLUMN_DESCRIPTION", "IS_FROZEN_FLAG", "SHOW_HOVER_FLAG", "LOOKUP_CODE"
            ,"HOVER_COLUMN_CODE", "EDITOR_HEIGHT", "LOOKUP_FIELD_TYPE", "HELP_TEXT", "TEXT_MASK", "VALIDATION_REGEXP"
            ,"DEFAULT_ORDERBY_NUMBER", "DEFAULT_VALUE", "EDITOR_TITLE_ORIENTATION", "EDITOR_END_ROW_FLAG"
            ,"EDITOR_COLS_SPAN", "LOOKUP_DISPLAY_VALUE", "EDITOR_ON_ENTER_KEY_ACTION")
     Values ('INS_INS_PROGRAM_MED_SERVICE', 'CONTRACT_ID', '', '*', 'N', '1002', 'N', 'N', '', '', '', ''
            ,'**CONTRACT_ID', 'N', 'N', '', '', '', '', '', '', '', '', ':contract_id', 'L', 'Y', '*', '', '');

Insert Into FORM_COLUMNS
            ("FORM_CODE", "COLUMN_CODE", "COLUMN_USER_NAME", "COLUMN_DISPLAY_SIZE", "COLUMN_DATA_TYPE"
            ,"COLUMN_DISPLAY_NUMBER", "PIMARY_KEY_FLAG", "SHOW_ON_GRID", "TREE_INITIALIZATION_VALUE", "TREE_FIELD_TYPE"
            ,"EDITOR_TAB_CODE", "FIELD_TYPE", "COLUMN_DESCRIPTION", "IS_FROZEN_FLAG", "SHOW_HOVER_FLAG", "LOOKUP_CODE"
            ,"HOVER_COLUMN_CODE", "EDITOR_HEIGHT", "LOOKUP_FIELD_TYPE", "HELP_TEXT", "TEXT_MASK", "VALIDATION_REGEXP"
            ,"DEFAULT_ORDERBY_NUMBER", "DEFAULT_VALUE", "EDITOR_TITLE_ORIENTATION", "EDITOR_END_ROW_FLAG"
            ,"EDITOR_COLS_SPAN", "LOOKUP_DISPLAY_VALUE", "EDITOR_ON_ENTER_KEY_ACTION")
     Values ('INS_INS_PROGRAM_MED_SERVICE', 'CREATED', 'Creation date of the change set', '*', 'DATE', '1007', 'N', 'N'
            ,'', '', '', '', '*Creation date of the change set', 'N', 'N', '', '', '', '', '', '', '', '', '', 'L', 'Y'
            ,'*', '', '');

Insert Into FORM_COLUMNS
            ("FORM_CODE", "COLUMN_CODE", "COLUMN_USER_NAME", "COLUMN_DISPLAY_SIZE", "COLUMN_DATA_TYPE"
            ,"COLUMN_DISPLAY_NUMBER", "PIMARY_KEY_FLAG", "SHOW_ON_GRID", "TREE_INITIALIZATION_VALUE", "TREE_FIELD_TYPE"
            ,"EDITOR_TAB_CODE", "FIELD_TYPE", "COLUMN_DESCRIPTION", "IS_FROZEN_FLAG", "SHOW_HOVER_FLAG", "LOOKUP_CODE"
            ,"HOVER_COLUMN_CODE", "EDITOR_HEIGHT", "LOOKUP_FIELD_TYPE", "HELP_TEXT", "TEXT_MASK", "VALIDATION_REGEXP"
            ,"DEFAULT_ORDERBY_NUMBER", "DEFAULT_VALUE", "EDITOR_TITLE_ORIENTATION", "EDITOR_END_ROW_FLAG"
            ,"EDITOR_COLS_SPAN", "LOOKUP_DISPLAY_VALUE", "EDITOR_ON_ENTER_KEY_ACTION")
     Values ('INS_INS_PROGRAM_MED_SERVICE', 'CREATED_BY', 'Auditing; user that created the record.', '*', 'N', '1006'
            ,'N', 'N', '', '', '', '', '*Auditing; user that created the record.', 'N', 'N', '', '', '', '', '', '', ''
            ,'', '', 'L', 'Y', '*', '', '');

Insert Into FORM_COLUMNS
            ("FORM_CODE", "COLUMN_CODE", "COLUMN_USER_NAME", "COLUMN_DISPLAY_SIZE", "COLUMN_DATA_TYPE"
            ,"COLUMN_DISPLAY_NUMBER", "PIMARY_KEY_FLAG", "SHOW_ON_GRID", "TREE_INITIALIZATION_VALUE", "TREE_FIELD_TYPE"
            ,"EDITOR_TAB_CODE", "FIELD_TYPE", "COLUMN_DESCRIPTION", "IS_FROZEN_FLAG", "SHOW_HOVER_FLAG", "LOOKUP_CODE"
            ,"HOVER_COLUMN_CODE", "EDITOR_HEIGHT", "LOOKUP_FIELD_TYPE", "HELP_TEXT", "TEXT_MASK", "VALIDATION_REGEXP"
            ,"DEFAULT_ORDERBY_NUMBER", "DEFAULT_VALUE", "EDITOR_TITLE_ORIENTATION", "EDITOR_END_ROW_FLAG"
            ,"EDITOR_COLS_SPAN", "LOOKUP_DISPLAY_VALUE", "EDITOR_ON_ENTER_KEY_ACTION")
     Values ('INS_INS_PROGRAM_MED_SERVICE', 'ID', '2 - идентификатор записи;', '*', 'N', '1001', 'Y', 'N', '', '', ''
            ,'', '*2 - идентификатор записи;', 'N', 'N', '', '', '', '', '', '', '', '', '', 'L', 'Y', '*', '', '');

Insert Into FORM_COLUMNS
            ("FORM_CODE", "COLUMN_CODE", "COLUMN_USER_NAME", "COLUMN_DISPLAY_SIZE", "COLUMN_DATA_TYPE"
            ,"COLUMN_DISPLAY_NUMBER", "PIMARY_KEY_FLAG", "SHOW_ON_GRID", "TREE_INITIALIZATION_VALUE", "TREE_FIELD_TYPE"
            ,"EDITOR_TAB_CODE", "FIELD_TYPE", "COLUMN_DESCRIPTION", "IS_FROZEN_FLAG", "SHOW_HOVER_FLAG", "LOOKUP_CODE"
            ,"HOVER_COLUMN_CODE", "EDITOR_HEIGHT", "LOOKUP_FIELD_TYPE", "HELP_TEXT", "TEXT_MASK", "VALIDATION_REGEXP"
            ,"DEFAULT_ORDERBY_NUMBER", "DEFAULT_VALUE", "EDITOR_TITLE_ORIENTATION", "EDITOR_END_ROW_FLAG"
            ,"EDITOR_COLS_SPAN", "LOOKUP_DISPLAY_VALUE", "EDITOR_ON_ENTER_KEY_ACTION")
     Values ('INS_INS_PROGRAM_MED_SERVICE', 'MEDICAL_SERVICE_CODE', 'Медицинские услуги', '*', 'S', '1005', 'N', 'Y'
            ,'', '', '', '8', '**MEDICAL_SERVICE_CODE', 'N', 'N', 'INS_MEDICAL_SERVICE', '', '', '', '', '', '', '', ''
            ,'L', 'Y', '*', '', '');

Insert Into FORM_COLUMNS
            ("FORM_CODE", "COLUMN_CODE", "COLUMN_USER_NAME", "COLUMN_DISPLAY_SIZE", "COLUMN_DATA_TYPE"
            ,"COLUMN_DISPLAY_NUMBER", "PIMARY_KEY_FLAG", "SHOW_ON_GRID", "TREE_INITIALIZATION_VALUE", "TREE_FIELD_TYPE"
            ,"EDITOR_TAB_CODE", "FIELD_TYPE", "COLUMN_DESCRIPTION", "IS_FROZEN_FLAG", "SHOW_HOVER_FLAG", "LOOKUP_CODE"
            ,"HOVER_COLUMN_CODE", "EDITOR_HEIGHT", "LOOKUP_FIELD_TYPE", "HELP_TEXT", "TEXT_MASK", "VALIDATION_REGEXP"
            ,"DEFAULT_ORDERBY_NUMBER", "DEFAULT_VALUE", "EDITOR_TITLE_ORIENTATION", "EDITOR_END_ROW_FLAG"
            ,"EDITOR_COLS_SPAN", "LOOKUP_DISPLAY_VALUE", "EDITOR_ON_ENTER_KEY_ACTION")
     Values ('INS_INS_PROGRAM_MED_SERVICE', 'ORIG_REF_ID', '', '*', 'N', '1010', 'N', 'N', '', '', '', ''
            ,'**ORIG_REF_ID', 'N', 'N', '', '', '', '', '', '', '', '', '', 'L', 'Y', '*', '', '');

Insert Into FORM_COLUMNS
            ("FORM_CODE", "COLUMN_CODE", "COLUMN_USER_NAME", "COLUMN_DISPLAY_SIZE", "COLUMN_DATA_TYPE"
            ,"COLUMN_DISPLAY_NUMBER", "PIMARY_KEY_FLAG", "SHOW_ON_GRID", "TREE_INITIALIZATION_VALUE", "TREE_FIELD_TYPE"
            ,"EDITOR_TAB_CODE", "FIELD_TYPE", "COLUMN_DESCRIPTION", "IS_FROZEN_FLAG", "SHOW_HOVER_FLAG", "LOOKUP_CODE"
            ,"HOVER_COLUMN_CODE", "EDITOR_HEIGHT", "LOOKUP_FIELD_TYPE", "HELP_TEXT", "TEXT_MASK", "VALIDATION_REGEXP"
            ,"DEFAULT_ORDERBY_NUMBER", "DEFAULT_VALUE", "EDITOR_TITLE_ORIENTATION", "EDITOR_END_ROW_FLAG"
            ,"EDITOR_COLS_SPAN", "LOOKUP_DISPLAY_VALUE", "EDITOR_ON_ENTER_KEY_ACTION")
     Values ('INS_INS_PROGRAM_MED_SERVICE', 'PROGRAM_CODE', '', '*', 'S', '1003', 'N', 'N', '', '', '', ''
            ,'**PROGRAM_CODE', 'N', 'N', '', '', '', '', '', '', '', '', ':PROGRAM_CODE', 'L', 'Y', '*', '', '');

Insert Into FORM_COLUMNS
            ("FORM_CODE", "COLUMN_CODE", "COLUMN_USER_NAME", "COLUMN_DISPLAY_SIZE", "COLUMN_DATA_TYPE"
            ,"COLUMN_DISPLAY_NUMBER", "PIMARY_KEY_FLAG", "SHOW_ON_GRID", "TREE_INITIALIZATION_VALUE", "TREE_FIELD_TYPE"
            ,"EDITOR_TAB_CODE", "FIELD_TYPE", "COLUMN_DESCRIPTION", "IS_FROZEN_FLAG", "SHOW_HOVER_FLAG", "LOOKUP_CODE"
            ,"HOVER_COLUMN_CODE", "EDITOR_HEIGHT", "LOOKUP_FIELD_TYPE", "HELP_TEXT", "TEXT_MASK", "VALIDATION_REGEXP"
            ,"DEFAULT_ORDERBY_NUMBER", "DEFAULT_VALUE", "EDITOR_TITLE_ORIENTATION", "EDITOR_END_ROW_FLAG"
            ,"EDITOR_COLS_SPAN", "LOOKUP_DISPLAY_VALUE", "EDITOR_ON_ENTER_KEY_ACTION")
     Values ('INS_INS_PROGRAM_MED_SERVICE', 'UPDATED', '', '*', 'DATE', '1009', 'N', 'N', '', '', '', '', '**UPDATED'
            ,'N', 'N', '', '', '', '', '', '', '', '', '', 'L', 'Y', '*', '', '');

Insert Into FORM_COLUMNS
            ("FORM_CODE", "COLUMN_CODE", "COLUMN_USER_NAME", "COLUMN_DISPLAY_SIZE", "COLUMN_DATA_TYPE"
            ,"COLUMN_DISPLAY_NUMBER", "PIMARY_KEY_FLAG", "SHOW_ON_GRID", "TREE_INITIALIZATION_VALUE", "TREE_FIELD_TYPE"
            ,"EDITOR_TAB_CODE", "FIELD_TYPE", "COLUMN_DESCRIPTION", "IS_FROZEN_FLAG", "SHOW_HOVER_FLAG", "LOOKUP_CODE"
            ,"HOVER_COLUMN_CODE", "EDITOR_HEIGHT", "LOOKUP_FIELD_TYPE", "HELP_TEXT", "TEXT_MASK", "VALIDATION_REGEXP"
            ,"DEFAULT_ORDERBY_NUMBER", "DEFAULT_VALUE", "EDITOR_TITLE_ORIENTATION", "EDITOR_END_ROW_FLAG"
            ,"EDITOR_COLS_SPAN", "LOOKUP_DISPLAY_VALUE", "EDITOR_ON_ENTER_KEY_ACTION")
     Values ('INS_INS_PROGRAM_MED_SERVICE', 'UPDATED_BY', '', '*', 'N', '1008', 'N', 'N', '', '', '', ''
            ,'**UPDATED_BY', 'N', 'N', '', '', '', '', '', '', '', '', '', 'L', 'Y', '*', '', '');

Alter Table forms Enable VALIDATE Constraint forms_form_actions_fk;
Alter Table FORMS Enable All Triggers;

/*****************INS_INS_SERVICE_DIAGNOSIS*********************/
Alter Table FORMS Disable All Triggers;
Alter Table forms Disable Constraint forms_form_actions_fk;
Delete From FORM_COLUMNS
      Where form_code = 'INS_INS_SERVICE_DIAGNOSIS';
Delete From FORM_COLUMNS$
      Where form_code = 'INS_INS_SERVICE_DIAGNOSIS';
Delete From FORM_ACTIONS
      Where form_code = 'INS_INS_SERVICE_DIAGNOSIS';
Delete From FORM_TABS
      Where form_code = 'INS_INS_SERVICE_DIAGNOSIS';
Delete From FORMS
      Where form_code = 'INS_INS_SERVICE_DIAGNOSIS';
/*  Form: INS_INS_SERVICE_DIAGNOSIS. Entity: FORMS.  */

Insert Into FORMS
            ("FORM_CODE", "HOT_KEY", "SQL_TEXT", "FORM_NAME", "FORM_TYPE", "SHOW_TREE_ROOT_NODE", "ICON_ID"
            ,"FORM_WIDTH", "FORM_HEIGHT", "BOTTOM_TABS_ORIENTATION", "SIDE_TABS_ORIENTATION", "SHOW_BOTTOM_TOOLBAR"
            ,"OBJECT_VERSION_NUMBER", "DEFAULT_COLUMN_WIDTH", "DESCRIPTION", "DOUBLE_CLICK_ACTION_CODE", "LOOKUP_WIDTH"
            ,"APPS_CODE", "EXPORT_ORDER")
     Values ('INS_INS_SERVICE_DIAGNOSIS', ''
            ,'select * from ins.ins_service_diagnosis t where t.account_line_id=:account_line_id', 'Диагноз', 'G', 'Y'
            ,'', '*', '*', '', '', 'Y', '14', '*', '', '', '', 'INS', '100');
/*  Form: INS_INS_SERVICE_DIAGNOSIS. Entity: FORM_TABS.  */
/*  Form: INS_INS_SERVICE_DIAGNOSIS. Entity: FORM_ACTIONS.  */

Insert Into FORM_ACTIONS
            ("FORM_CODE", "ACTION_CODE", "PROCEDURE_NAME", "ACTION_DISPLAY_NAME", "ICON_ID", "DEFAULT_PARAM_PREFIX"
            ,"DEFAULT_OLD_PARAM_PREFIX", "ACTION_TYPE", "DISPLAY_NUMBER", "CONFIRM_TEXT", "HOT_KEY"
            ,"SHOW_SEPARATOR_BELOW", "DISPLAY_ON_TOOLBAR", "CHILD_FORM_CODE")
     Values ('INS_INS_SERVICE_DIAGNOSIS', 'DEL', 'INS_INS_SERVICE_DIAGNOSIS_PKG.p_delete', 'Удалить', '48', '', '', '3'
            ,'130', 'Вы уверенны что хотите удалить запись?', '', 'N', 'Y', '');

Insert Into FORM_ACTIONS
            ("FORM_CODE", "ACTION_CODE", "PROCEDURE_NAME", "ACTION_DISPLAY_NAME", "ICON_ID", "DEFAULT_PARAM_PREFIX"
            ,"DEFAULT_OLD_PARAM_PREFIX", "ACTION_TYPE", "DISPLAY_NUMBER", "CONFIRM_TEXT", "HOT_KEY"
            ,"SHOW_SEPARATOR_BELOW", "DISPLAY_ON_TOOLBAR", "CHILD_FORM_CODE")
     Values ('INS_INS_SERVICE_DIAGNOSIS', 'EDIT', '', 'Редактировать', '50', '', '', '8', '115', 'Вы уверенны?', ''
            ,'N', 'Y', '');

Insert Into FORM_ACTIONS
            ("FORM_CODE", "ACTION_CODE", "PROCEDURE_NAME", "ACTION_DISPLAY_NAME", "ICON_ID", "DEFAULT_PARAM_PREFIX"
            ,"DEFAULT_OLD_PARAM_PREFIX", "ACTION_TYPE", "DISPLAY_NUMBER", "CONFIRM_TEXT", "HOT_KEY"
            ,"SHOW_SEPARATOR_BELOW", "DISPLAY_ON_TOOLBAR", "CHILD_FORM_CODE")
     Values ('INS_INS_SERVICE_DIAGNOSIS', 'INS', '', 'Создать', '47', '', '', '1', '110', '', '', 'N', 'Y', '');

Insert Into FORM_ACTIONS
            ("FORM_CODE", "ACTION_CODE", "PROCEDURE_NAME", "ACTION_DISPLAY_NAME", "ICON_ID", "DEFAULT_PARAM_PREFIX"
            ,"DEFAULT_OLD_PARAM_PREFIX", "ACTION_TYPE", "DISPLAY_NUMBER", "CONFIRM_TEXT", "HOT_KEY"
            ,"SHOW_SEPARATOR_BELOW", "DISPLAY_ON_TOOLBAR", "CHILD_FORM_CODE")
     Values ('INS_INS_SERVICE_DIAGNOSIS', 'REFR', '', 'Обновить', '15', '', '', '4', '10', '', '', 'N', 'Y', '');

Insert Into FORM_ACTIONS
            ("FORM_CODE", "ACTION_CODE", "PROCEDURE_NAME", "ACTION_DISPLAY_NAME", "ICON_ID", "DEFAULT_PARAM_PREFIX"
            ,"DEFAULT_OLD_PARAM_PREFIX", "ACTION_TYPE", "DISPLAY_NUMBER", "CONFIRM_TEXT", "HOT_KEY"
            ,"SHOW_SEPARATOR_BELOW", "DISPLAY_ON_TOOLBAR", "CHILD_FORM_CODE")
     Values ('INS_INS_SERVICE_DIAGNOSIS', 'UPD', 'INS_INS_SERVICE_DIAGNOSIS_PKG.p_ins_upd', 'Сохранить', '46', '', ''
            ,'2', '120', 'Вы уверенны?', '', 'N', 'Y', '');
/*  Form: INS_INS_SERVICE_DIAGNOSIS. Entity: FORM_COLUMNS$.  */

Insert Into FORM_COLUMNS$
            ("COL_NUM", "COL_TYPE", "COL_MAX_LEN", "COL_NAME", "COL_NAME_LEN", "COL_PRECISION", "COL_SCALE"
            ,"FORM_CODE", "PIMARY_KEY_FLAG", "DEFAULT_COLUMN_WIDTH", "COLUMN_DESCRIPTION")
     Values ('2', 'NUMBER', '22', 'ACCOUNT_LINE_ID', '15', '0', '-127', 'INS_INS_SERVICE_DIAGNOSIS', '', '*'
            ,'**ACCOUNT_LINE_ID');

Insert Into FORM_COLUMNS$
            ("COL_NUM", "COL_TYPE", "COL_MAX_LEN", "COL_NAME", "COL_NAME_LEN", "COL_PRECISION", "COL_SCALE"
            ,"FORM_CODE", "PIMARY_KEY_FLAG", "DEFAULT_COLUMN_WIDTH", "COLUMN_DESCRIPTION")
     Values ('6', 'DATE', '7', 'CREATED', '7', '0', '0', 'INS_INS_SERVICE_DIAGNOSIS', '', '*'
            ,'*Creation date of the change set');

Insert Into FORM_COLUMNS$
            ("COL_NUM", "COL_TYPE", "COL_MAX_LEN", "COL_NAME", "COL_NAME_LEN", "COL_PRECISION", "COL_SCALE"
            ,"FORM_CODE", "PIMARY_KEY_FLAG", "DEFAULT_COLUMN_WIDTH", "COLUMN_DESCRIPTION")
     Values ('5', 'NUMBER', '22', 'CREATED_BY', '10', '0', '-127', 'INS_INS_SERVICE_DIAGNOSIS', '', '*'
            ,'*Auditing; user that created the record.');

Insert Into FORM_COLUMNS$
            ("COL_NUM", "COL_TYPE", "COL_MAX_LEN", "COL_NAME", "COL_NAME_LEN", "COL_PRECISION", "COL_SCALE"
            ,"FORM_CODE", "PIMARY_KEY_FLAG", "DEFAULT_COLUMN_WIDTH", "COLUMN_DESCRIPTION")
     Values ('3', 'NUMBER', '22', 'DIAGNOSIS_CODE', '14', '10', '0', 'INS_INS_SERVICE_DIAGNOSIS', '', '*'
            ,'**DIAGNOSIS_CODE');

Insert Into FORM_COLUMNS$
            ("COL_NUM", "COL_TYPE", "COL_MAX_LEN", "COL_NAME", "COL_NAME_LEN", "COL_PRECISION", "COL_SCALE"
            ,"FORM_CODE", "PIMARY_KEY_FLAG", "DEFAULT_COLUMN_WIDTH", "COLUMN_DESCRIPTION")
     Values ('4', 'VARCHAR2', '192', 'ORIG_DIAGNOSIS_ID', '17', '0', '0', 'INS_INS_SERVICE_DIAGNOSIS', '', '*'
            ,'**ORIG_DIAGNOSIS_ID');

Insert Into FORM_COLUMNS$
            ("COL_NUM", "COL_TYPE", "COL_MAX_LEN", "COL_NAME", "COL_NAME_LEN", "COL_PRECISION", "COL_SCALE"
            ,"FORM_CODE", "PIMARY_KEY_FLAG", "DEFAULT_COLUMN_WIDTH", "COLUMN_DESCRIPTION")
     Values ('9', 'NUMBER', '22', 'ORIG_REF_ID', '11', '10', '0', 'INS_INS_SERVICE_DIAGNOSIS', '', '*', '**ORIG_REF_ID');

Insert Into FORM_COLUMNS$
            ("COL_NUM", "COL_TYPE", "COL_MAX_LEN", "COL_NAME", "COL_NAME_LEN", "COL_PRECISION", "COL_SCALE"
            ,"FORM_CODE", "PIMARY_KEY_FLAG", "DEFAULT_COLUMN_WIDTH", "COLUMN_DESCRIPTION")
     Values ('1', 'NUMBER', '22', 'SERVICE_DIAGNOSIS_ID', '20', '0', '-127', 'INS_INS_SERVICE_DIAGNOSIS', '', '*'
            ,'**SERVICE_DIAGNOSIS_ID');

Insert Into FORM_COLUMNS$
            ("COL_NUM", "COL_TYPE", "COL_MAX_LEN", "COL_NAME", "COL_NAME_LEN", "COL_PRECISION", "COL_SCALE"
            ,"FORM_CODE", "PIMARY_KEY_FLAG", "DEFAULT_COLUMN_WIDTH", "COLUMN_DESCRIPTION")
     Values ('8', 'DATE', '7', 'UPDATED', '7', '0', '0', 'INS_INS_SERVICE_DIAGNOSIS', '', '*', '**UPDATED');

Insert Into FORM_COLUMNS$
            ("COL_NUM", "COL_TYPE", "COL_MAX_LEN", "COL_NAME", "COL_NAME_LEN", "COL_PRECISION", "COL_SCALE"
            ,"FORM_CODE", "PIMARY_KEY_FLAG", "DEFAULT_COLUMN_WIDTH", "COLUMN_DESCRIPTION")
     Values ('7', 'NUMBER', '22', 'UPDATED_BY', '10', '0', '-127', 'INS_INS_SERVICE_DIAGNOSIS', '', '*', '**UPDATED_BY');
/*  Form: INS_INS_SERVICE_DIAGNOSIS. Entity: FORM_COLUMNS.  */

Insert Into FORM_COLUMNS
            ("FORM_CODE", "COLUMN_CODE", "COLUMN_USER_NAME", "COLUMN_DISPLAY_SIZE", "COLUMN_DATA_TYPE"
            ,"COLUMN_DISPLAY_NUMBER", "PIMARY_KEY_FLAG", "SHOW_ON_GRID", "TREE_INITIALIZATION_VALUE", "TREE_FIELD_TYPE"
            ,"EDITOR_TAB_CODE", "FIELD_TYPE", "COLUMN_DESCRIPTION", "IS_FROZEN_FLAG", "SHOW_HOVER_FLAG", "LOOKUP_CODE"
            ,"HOVER_COLUMN_CODE", "EDITOR_HEIGHT", "LOOKUP_FIELD_TYPE", "HELP_TEXT", "TEXT_MASK", "VALIDATION_REGEXP"
            ,"DEFAULT_ORDERBY_NUMBER", "DEFAULT_VALUE", "EDITOR_TITLE_ORIENTATION", "EDITOR_END_ROW_FLAG"
            ,"EDITOR_COLS_SPAN", "LOOKUP_DISPLAY_VALUE", "EDITOR_ON_ENTER_KEY_ACTION")
     Values ('INS_INS_SERVICE_DIAGNOSIS', 'ACCOUNT_LINE_ID', '', '*', 'N', '1002', 'N', 'N', '', '', '', ''
            ,'**ACCOUNT_LINE_ID', 'N', 'N', '', '', '', '', '', '', '', '', '', 'L', 'Y', '*', '', '');

Insert Into FORM_COLUMNS
            ("FORM_CODE", "COLUMN_CODE", "COLUMN_USER_NAME", "COLUMN_DISPLAY_SIZE", "COLUMN_DATA_TYPE"
            ,"COLUMN_DISPLAY_NUMBER", "PIMARY_KEY_FLAG", "SHOW_ON_GRID", "TREE_INITIALIZATION_VALUE", "TREE_FIELD_TYPE"
            ,"EDITOR_TAB_CODE", "FIELD_TYPE", "COLUMN_DESCRIPTION", "IS_FROZEN_FLAG", "SHOW_HOVER_FLAG", "LOOKUP_CODE"
            ,"HOVER_COLUMN_CODE", "EDITOR_HEIGHT", "LOOKUP_FIELD_TYPE", "HELP_TEXT", "TEXT_MASK", "VALIDATION_REGEXP"
            ,"DEFAULT_ORDERBY_NUMBER", "DEFAULT_VALUE", "EDITOR_TITLE_ORIENTATION", "EDITOR_END_ROW_FLAG"
            ,"EDITOR_COLS_SPAN", "LOOKUP_DISPLAY_VALUE", "EDITOR_ON_ENTER_KEY_ACTION")
     Values ('INS_INS_SERVICE_DIAGNOSIS', 'CREATED', 'Creation date of the change set', '*', 'DATE', '1006', 'N', 'N'
            ,'', '', '', '', '*Creation date of the change set', 'N', 'N', '', '', '', '', '', '', '', '', '', 'L', 'Y'
            ,'*', '', '');

Insert Into FORM_COLUMNS
            ("FORM_CODE", "COLUMN_CODE", "COLUMN_USER_NAME", "COLUMN_DISPLAY_SIZE", "COLUMN_DATA_TYPE"
            ,"COLUMN_DISPLAY_NUMBER", "PIMARY_KEY_FLAG", "SHOW_ON_GRID", "TREE_INITIALIZATION_VALUE", "TREE_FIELD_TYPE"
            ,"EDITOR_TAB_CODE", "FIELD_TYPE", "COLUMN_DESCRIPTION", "IS_FROZEN_FLAG", "SHOW_HOVER_FLAG", "LOOKUP_CODE"
            ,"HOVER_COLUMN_CODE", "EDITOR_HEIGHT", "LOOKUP_FIELD_TYPE", "HELP_TEXT", "TEXT_MASK", "VALIDATION_REGEXP"
            ,"DEFAULT_ORDERBY_NUMBER", "DEFAULT_VALUE", "EDITOR_TITLE_ORIENTATION", "EDITOR_END_ROW_FLAG"
            ,"EDITOR_COLS_SPAN", "LOOKUP_DISPLAY_VALUE", "EDITOR_ON_ENTER_KEY_ACTION")
     Values ('INS_INS_SERVICE_DIAGNOSIS', 'CREATED_BY', 'Auditing; user that created the record.', '*', 'N', '1005'
            ,'N', 'N', '', '', '', '', '*Auditing; user that created the record.', 'N', 'N', '', '', '', '', '', '', ''
            ,'', '', 'L', 'Y', '*', '', '');

Insert Into FORM_COLUMNS
            ("FORM_CODE", "COLUMN_CODE", "COLUMN_USER_NAME", "COLUMN_DISPLAY_SIZE", "COLUMN_DATA_TYPE"
            ,"COLUMN_DISPLAY_NUMBER", "PIMARY_KEY_FLAG", "SHOW_ON_GRID", "TREE_INITIALIZATION_VALUE", "TREE_FIELD_TYPE"
            ,"EDITOR_TAB_CODE", "FIELD_TYPE", "COLUMN_DESCRIPTION", "IS_FROZEN_FLAG", "SHOW_HOVER_FLAG", "LOOKUP_CODE"
            ,"HOVER_COLUMN_CODE", "EDITOR_HEIGHT", "LOOKUP_FIELD_TYPE", "HELP_TEXT", "TEXT_MASK", "VALIDATION_REGEXP"
            ,"DEFAULT_ORDERBY_NUMBER", "DEFAULT_VALUE", "EDITOR_TITLE_ORIENTATION", "EDITOR_END_ROW_FLAG"
            ,"EDITOR_COLS_SPAN", "LOOKUP_DISPLAY_VALUE", "EDITOR_ON_ENTER_KEY_ACTION")
     Values ('INS_INS_SERVICE_DIAGNOSIS', 'DIAGNOSIS_CODE', 'Диагноз', '*', 'S', '1003', 'N', 'Y', '', '', '', '8'
            ,'**DIAGNOSIS_CODE', 'N', 'N', 'INS_DIAGNOSIS', '', '', '', '', '', '', '', '', 'L', 'Y', '*', '', '');

Insert Into FORM_COLUMNS
            ("FORM_CODE", "COLUMN_CODE", "COLUMN_USER_NAME", "COLUMN_DISPLAY_SIZE", "COLUMN_DATA_TYPE"
            ,"COLUMN_DISPLAY_NUMBER", "PIMARY_KEY_FLAG", "SHOW_ON_GRID", "TREE_INITIALIZATION_VALUE", "TREE_FIELD_TYPE"
            ,"EDITOR_TAB_CODE", "FIELD_TYPE", "COLUMN_DESCRIPTION", "IS_FROZEN_FLAG", "SHOW_HOVER_FLAG", "LOOKUP_CODE"
            ,"HOVER_COLUMN_CODE", "EDITOR_HEIGHT", "LOOKUP_FIELD_TYPE", "HELP_TEXT", "TEXT_MASK", "VALIDATION_REGEXP"
            ,"DEFAULT_ORDERBY_NUMBER", "DEFAULT_VALUE", "EDITOR_TITLE_ORIENTATION", "EDITOR_END_ROW_FLAG"
            ,"EDITOR_COLS_SPAN", "LOOKUP_DISPLAY_VALUE", "EDITOR_ON_ENTER_KEY_ACTION")
     Values ('INS_INS_SERVICE_DIAGNOSIS', 'ORIG_DIAGNOSIS_ID', '', '*', 'S', '1004', 'N', 'N', '', '', '', ''
            ,'**ORIG_DIAGNOSIS_ID', 'N', 'N', '', '', '', '', '', '', '', '', '', 'L', 'Y', '*', '', '');

Insert Into FORM_COLUMNS
            ("FORM_CODE", "COLUMN_CODE", "COLUMN_USER_NAME", "COLUMN_DISPLAY_SIZE", "COLUMN_DATA_TYPE"
            ,"COLUMN_DISPLAY_NUMBER", "PIMARY_KEY_FLAG", "SHOW_ON_GRID", "TREE_INITIALIZATION_VALUE", "TREE_FIELD_TYPE"
            ,"EDITOR_TAB_CODE", "FIELD_TYPE", "COLUMN_DESCRIPTION", "IS_FROZEN_FLAG", "SHOW_HOVER_FLAG", "LOOKUP_CODE"
            ,"HOVER_COLUMN_CODE", "EDITOR_HEIGHT", "LOOKUP_FIELD_TYPE", "HELP_TEXT", "TEXT_MASK", "VALIDATION_REGEXP"
            ,"DEFAULT_ORDERBY_NUMBER", "DEFAULT_VALUE", "EDITOR_TITLE_ORIENTATION", "EDITOR_END_ROW_FLAG"
            ,"EDITOR_COLS_SPAN", "LOOKUP_DISPLAY_VALUE", "EDITOR_ON_ENTER_KEY_ACTION")
     Values ('INS_INS_SERVICE_DIAGNOSIS', 'ORIG_REF_ID', '', '*', 'N', '1009', 'N', 'N', '', '', '', ''
            ,'**ORIG_REF_ID', 'N', 'N', '', '', '', '', '', '', '', '', '', 'L', 'Y', '*', '', '');

Insert Into FORM_COLUMNS
            ("FORM_CODE", "COLUMN_CODE", "COLUMN_USER_NAME", "COLUMN_DISPLAY_SIZE", "COLUMN_DATA_TYPE"
            ,"COLUMN_DISPLAY_NUMBER", "PIMARY_KEY_FLAG", "SHOW_ON_GRID", "TREE_INITIALIZATION_VALUE", "TREE_FIELD_TYPE"
            ,"EDITOR_TAB_CODE", "FIELD_TYPE", "COLUMN_DESCRIPTION", "IS_FROZEN_FLAG", "SHOW_HOVER_FLAG", "LOOKUP_CODE"
            ,"HOVER_COLUMN_CODE", "EDITOR_HEIGHT", "LOOKUP_FIELD_TYPE", "HELP_TEXT", "TEXT_MASK", "VALIDATION_REGEXP"
            ,"DEFAULT_ORDERBY_NUMBER", "DEFAULT_VALUE", "EDITOR_TITLE_ORIENTATION", "EDITOR_END_ROW_FLAG"
            ,"EDITOR_COLS_SPAN", "LOOKUP_DISPLAY_VALUE", "EDITOR_ON_ENTER_KEY_ACTION")
     Values ('INS_INS_SERVICE_DIAGNOSIS', 'SERVICE_DIAGNOSIS_ID', '', '*', 'N', '1001', 'Y', 'N', '', '', '', ''
            ,'**SERVICE_DIAGNOSIS_ID', 'N', 'N', '', '', '', '', '', '', '', '', '', 'L', 'Y', '*', '', '');

Insert Into FORM_COLUMNS
            ("FORM_CODE", "COLUMN_CODE", "COLUMN_USER_NAME", "COLUMN_DISPLAY_SIZE", "COLUMN_DATA_TYPE"
            ,"COLUMN_DISPLAY_NUMBER", "PIMARY_KEY_FLAG", "SHOW_ON_GRID", "TREE_INITIALIZATION_VALUE", "TREE_FIELD_TYPE"
            ,"EDITOR_TAB_CODE", "FIELD_TYPE", "COLUMN_DESCRIPTION", "IS_FROZEN_FLAG", "SHOW_HOVER_FLAG", "LOOKUP_CODE"
            ,"HOVER_COLUMN_CODE", "EDITOR_HEIGHT", "LOOKUP_FIELD_TYPE", "HELP_TEXT", "TEXT_MASK", "VALIDATION_REGEXP"
            ,"DEFAULT_ORDERBY_NUMBER", "DEFAULT_VALUE", "EDITOR_TITLE_ORIENTATION", "EDITOR_END_ROW_FLAG"
            ,"EDITOR_COLS_SPAN", "LOOKUP_DISPLAY_VALUE", "EDITOR_ON_ENTER_KEY_ACTION")
     Values ('INS_INS_SERVICE_DIAGNOSIS', 'UPDATED', '', '*', 'DATE', '1008', 'N', 'N', '', '', '', '', '**UPDATED'
            ,'N', 'N', '', '', '', '', '', '', '', '', '', 'L', 'Y', '*', '', '');

Insert Into FORM_COLUMNS
            ("FORM_CODE", "COLUMN_CODE", "COLUMN_USER_NAME", "COLUMN_DISPLAY_SIZE", "COLUMN_DATA_TYPE"
            ,"COLUMN_DISPLAY_NUMBER", "PIMARY_KEY_FLAG", "SHOW_ON_GRID", "TREE_INITIALIZATION_VALUE", "TREE_FIELD_TYPE"
            ,"EDITOR_TAB_CODE", "FIELD_TYPE", "COLUMN_DESCRIPTION", "IS_FROZEN_FLAG", "SHOW_HOVER_FLAG", "LOOKUP_CODE"
            ,"HOVER_COLUMN_CODE", "EDITOR_HEIGHT", "LOOKUP_FIELD_TYPE", "HELP_TEXT", "TEXT_MASK", "VALIDATION_REGEXP"
            ,"DEFAULT_ORDERBY_NUMBER", "DEFAULT_VALUE", "EDITOR_TITLE_ORIENTATION", "EDITOR_END_ROW_FLAG"
            ,"EDITOR_COLS_SPAN", "LOOKUP_DISPLAY_VALUE", "EDITOR_ON_ENTER_KEY_ACTION")
     Values ('INS_INS_SERVICE_DIAGNOSIS', 'UPDATED_BY', '', '*', 'N', '1007', 'N', 'N', '', '', '', '', '**UPDATED_BY'
            ,'N', 'N', '', '', '', '', '', '', '', '', '', 'L', 'Y', '*', '', '');

Alter Table forms Enable VALIDATE Constraint forms_form_actions_fk;
Alter Table FORMS Enable All Triggers;

/*****************INS_INS_VISITS*********************/
Alter Table FORMS Disable All Triggers;
Alter Table forms Disable Constraint forms_form_actions_fk;
Delete From FORM_COLUMNS
      Where form_code = 'INS_INS_VISITS';
Delete From FORM_COLUMNS$
      Where form_code = 'INS_INS_VISITS';
Delete From FORM_ACTIONS
      Where form_code = 'INS_INS_VISITS';
Delete From FORM_TABS
      Where form_code = 'INS_INS_VISITS';
Delete From FORMS
      Where form_code = 'INS_INS_VISITS';
/*  Form: INS_INS_VISITS. Entity: FORMS.  */

Insert Into FORMS
            ("FORM_CODE", "HOT_KEY", "SQL_TEXT", "FORM_NAME", "FORM_TYPE", "SHOW_TREE_ROOT_NODE", "ICON_ID"
            ,"FORM_WIDTH", "FORM_HEIGHT", "BOTTOM_TABS_ORIENTATION", "SIDE_TABS_ORIENTATION", "SHOW_BOTTOM_TOOLBAR"
            ,"OBJECT_VERSION_NUMBER", "DEFAULT_COLUMN_WIDTH", "DESCRIPTION", "DOUBLE_CLICK_ACTION_CODE", "LOOKUP_WIDTH"
            ,"APPS_CODE", "EXPORT_ORDER")
     Values ('INS_INS_VISITS', ''
            ,'Select DECODE (v.status_id, 1, 101, 2, 103, 3, 102) icon_id, v.*, b.card_no, b.fio
      , c.contract_no || '' '' || c.descr As contract, b.program_code, c.client_company_id, c.ins_company_id
      ,b.contract_start_date, b.contract_finish_date
  From ins.ins_visits v Join ins.ins_insured b On v.insured_id = b.Id
       Join ins.ins_contract c On b.contract_id = c.Id
 Where (   (    :p_$master_form_code In (''INS_INS_INSURED'')
            And v.insured_id = :insured_id)
        Or (NVL (:p_$master_form_code, ''XXXX'') Not In (''INS_INS_INSURED''))
       )
--'
            ,'Визиты', 'G', 'Y', '', '*', '35%', '', '', 'Y', '104', '*', '', '', '', 'INS', '100');
/*  Form: INS_INS_VISITS. Entity: FORM_TABS.  */

Insert Into FORM_TABS
            ("FORM_CODE", "TAB_CODE", "CHILD_FORM_CODE", "TAB_POSITION", "TAB_NAME", "NUMBER_OF_COLUMNS", "ICON_ID"
            ,"TAB_TYPE", "TAB_DISPLAY_NUMBER")
     Values ('INS_INS_VISITS', 'DETAIL', '', 'B', 'Детали', '8', '13', '1', '1');

Insert Into FORM_TABS
            ("FORM_CODE", "TAB_CODE", "CHILD_FORM_CODE", "TAB_POSITION", "TAB_NAME", "NUMBER_OF_COLUMNS", "ICON_ID"
            ,"TAB_TYPE", "TAB_DISPLAY_NUMBER")
     Values ('INS_INS_VISITS', 'RESULTS', 'INS_INS_VISIT_RESULTS', 'B', 'Результат', '', '101', '2', '2');
/*  Form: INS_INS_VISITS. Entity: FORM_ACTIONS.  */

Insert Into FORM_ACTIONS
            ("FORM_CODE", "ACTION_CODE", "PROCEDURE_NAME", "ACTION_DISPLAY_NAME", "ICON_ID", "DEFAULT_PARAM_PREFIX"
            ,"DEFAULT_OLD_PARAM_PREFIX", "ACTION_TYPE", "DISPLAY_NUMBER", "CONFIRM_TEXT", "HOT_KEY"
            ,"SHOW_SEPARATOR_BELOW", "DISPLAY_ON_TOOLBAR", "CHILD_FORM_CODE")
     Values ('INS_INS_VISITS', 'DEL', 'INS_INS_VISITS_PKG.p_delete', 'Удалить', '48', '', '', '3', '130'
            ,'Вы уверенны что хотите удалить запись?', '', 'N', 'Y', '');

Insert Into FORM_ACTIONS
            ("FORM_CODE", "ACTION_CODE", "PROCEDURE_NAME", "ACTION_DISPLAY_NAME", "ICON_ID", "DEFAULT_PARAM_PREFIX"
            ,"DEFAULT_OLD_PARAM_PREFIX", "ACTION_TYPE", "DISPLAY_NUMBER", "CONFIRM_TEXT", "HOT_KEY"
            ,"SHOW_SEPARATOR_BELOW", "DISPLAY_ON_TOOLBAR", "CHILD_FORM_CODE")
     Values ('INS_INS_VISITS', 'EDIT', '', 'Редактировать', '50', '', '', '8', '115', 'Вы уверенны?', '', 'N', 'Y', '');

Insert Into FORM_ACTIONS
            ("FORM_CODE", "ACTION_CODE", "PROCEDURE_NAME", "ACTION_DISPLAY_NAME", "ICON_ID", "DEFAULT_PARAM_PREFIX"
            ,"DEFAULT_OLD_PARAM_PREFIX", "ACTION_TYPE", "DISPLAY_NUMBER", "CONFIRM_TEXT", "HOT_KEY"
            ,"SHOW_SEPARATOR_BELOW", "DISPLAY_ON_TOOLBAR", "CHILD_FORM_CODE")
     Values ('INS_INS_VISITS', 'INS', '', 'Создать', '47', '', '', '1', '110', '', '', 'N', 'Y', '');

Insert Into FORM_ACTIONS
            ("FORM_CODE", "ACTION_CODE", "PROCEDURE_NAME", "ACTION_DISPLAY_NAME", "ICON_ID", "DEFAULT_PARAM_PREFIX"
            ,"DEFAULT_OLD_PARAM_PREFIX", "ACTION_TYPE", "DISPLAY_NUMBER", "CONFIRM_TEXT", "HOT_KEY"
            ,"SHOW_SEPARATOR_BELOW", "DISPLAY_ON_TOOLBAR", "CHILD_FORM_CODE")
     Values ('INS_INS_VISITS', 'REFR', '', 'Обновить', '15', '', '', '4', '10', '', '', 'N', 'Y', '');

Insert Into FORM_ACTIONS
            ("FORM_CODE", "ACTION_CODE", "PROCEDURE_NAME", "ACTION_DISPLAY_NAME", "ICON_ID", "DEFAULT_PARAM_PREFIX"
            ,"DEFAULT_OLD_PARAM_PREFIX", "ACTION_TYPE", "DISPLAY_NUMBER", "CONFIRM_TEXT", "HOT_KEY"
            ,"SHOW_SEPARATOR_BELOW", "DISPLAY_ON_TOOLBAR", "CHILD_FORM_CODE")
     Values ('INS_INS_VISITS', 'UPD', 'INS_INS_VISITS_PKG.p_ins_upd', 'Сохранить', '46', '', '', '2', '120'
            ,'Вы уверенны?', '', 'N', 'Y', '');
/*  Form: INS_INS_VISITS. Entity: FORM_COLUMNS$.  */

Insert Into FORM_COLUMNS$
            ("COL_NUM", "COL_TYPE", "COL_MAX_LEN", "COL_NAME", "COL_NAME_LEN", "COL_PRECISION", "COL_SCALE"
            ,"FORM_CODE", "PIMARY_KEY_FLAG", "DEFAULT_COLUMN_WIDTH", "COLUMN_DESCRIPTION")
     Values ('8', 'VARCHAR2', '3072', 'ADDRESS', '7', '0', '0', 'INS_INS_VISITS', '', '*', '*address of the subscriber');

Insert Into FORM_COLUMNS$
            ("COL_NUM", "COL_TYPE", "COL_MAX_LEN", "COL_NAME", "COL_NAME_LEN", "COL_PRECISION", "COL_SCALE"
            ,"FORM_CODE", "PIMARY_KEY_FLAG", "DEFAULT_COLUMN_WIDTH", "COLUMN_DESCRIPTION")
     Values ('7', 'VARCHAR2', '96', 'AGE', '3', '0', '0', 'INS_INS_VISITS', '', '*', '**AGE');

Insert Into FORM_COLUMNS$
            ("COL_NUM", "COL_TYPE", "COL_MAX_LEN", "COL_NAME", "COL_NAME_LEN", "COL_PRECISION", "COL_SCALE"
            ,"FORM_CODE", "PIMARY_KEY_FLAG", "DEFAULT_COLUMN_WIDTH", "COLUMN_DESCRIPTION")
     Values ('18', 'VARCHAR2', '96', 'CARD_NO', '7', '0', '0', 'INS_INS_VISITS', '', '*', '**CARD_NO');

Insert Into FORM_COLUMNS$
            ("COL_NUM", "COL_TYPE", "COL_MAX_LEN", "COL_NAME", "COL_NAME_LEN", "COL_PRECISION", "COL_SCALE"
            ,"FORM_CODE", "PIMARY_KEY_FLAG", "DEFAULT_COLUMN_WIDTH", "COLUMN_DESCRIPTION")
     Values ('22', 'NUMBER', '22', 'CLIENT_COMPANY_ID', '17', '0', '-127', 'INS_INS_VISITS', '', '*'
            ,'**CLIENT_COMPANY_ID');

Insert Into FORM_COLUMNS$
            ("COL_NUM", "COL_TYPE", "COL_MAX_LEN", "COL_NAME", "COL_NAME_LEN", "COL_PRECISION", "COL_SCALE"
            ,"FORM_CODE", "PIMARY_KEY_FLAG", "DEFAULT_COLUMN_WIDTH", "COLUMN_DESCRIPTION")
     Values ('12', 'VARCHAR2', '3072', 'COMMENTS', '8', '0', '0', 'INS_INS_VISITS', '', '*'
            ,'*An optional comment about this window group');

Insert Into FORM_COLUMNS$
            ("COL_NUM", "COL_TYPE", "COL_MAX_LEN", "COL_NAME", "COL_NAME_LEN", "COL_PRECISION", "COL_SCALE"
            ,"FORM_CODE", "PIMARY_KEY_FLAG", "DEFAULT_COLUMN_WIDTH", "COLUMN_DESCRIPTION")
     Values ('20', 'VARCHAR2', '865', 'CONTRACT', '8', '0', '0', 'INS_INS_VISITS', '', '*', '**CONTRACT');

Insert Into FORM_COLUMNS$
            ("COL_NUM", "COL_TYPE", "COL_MAX_LEN", "COL_NAME", "COL_NAME_LEN", "COL_PRECISION", "COL_SCALE"
            ,"FORM_CODE", "PIMARY_KEY_FLAG", "DEFAULT_COLUMN_WIDTH", "COLUMN_DESCRIPTION")
     Values ('25', 'DATE', '7', 'CONTRACT_FINISH_DATE', '20', '0', '0', 'INS_INS_VISITS', '', '*'
            ,'**CONTRACT_FINISH_DATE');

Insert Into FORM_COLUMNS$
            ("COL_NUM", "COL_TYPE", "COL_MAX_LEN", "COL_NAME", "COL_NAME_LEN", "COL_PRECISION", "COL_SCALE"
            ,"FORM_CODE", "PIMARY_KEY_FLAG", "DEFAULT_COLUMN_WIDTH", "COLUMN_DESCRIPTION")
     Values ('24', 'DATE', '7', 'CONTRACT_START_DATE', '19', '0', '0', 'INS_INS_VISITS', '', '*'
            ,'**CONTRACT_START_DATE');

Insert Into FORM_COLUMNS$
            ("COL_NUM", "COL_TYPE", "COL_MAX_LEN", "COL_NAME", "COL_NAME_LEN", "COL_PRECISION", "COL_SCALE"
            ,"FORM_CODE", "PIMARY_KEY_FLAG", "DEFAULT_COLUMN_WIDTH", "COLUMN_DESCRIPTION")
     Values ('14', 'DATE', '7', 'CREATED', '7', '0', '0', 'INS_INS_VISITS', '', '*', '*Creation date of the change set');

Insert Into FORM_COLUMNS$
            ("COL_NUM", "COL_TYPE", "COL_MAX_LEN", "COL_NAME", "COL_NAME_LEN", "COL_PRECISION", "COL_SCALE"
            ,"FORM_CODE", "PIMARY_KEY_FLAG", "DEFAULT_COLUMN_WIDTH", "COLUMN_DESCRIPTION")
     Values ('13', 'NUMBER', '22', 'CREATED_BY', '10', '0', '-127', 'INS_INS_VISITS', '', '*'
            ,'*Auditing; user that created the record.');

Insert Into FORM_COLUMNS$
            ("COL_NUM", "COL_TYPE", "COL_MAX_LEN", "COL_NAME", "COL_NAME_LEN", "COL_PRECISION", "COL_SCALE"
            ,"FORM_CODE", "PIMARY_KEY_FLAG", "DEFAULT_COLUMN_WIDTH", "COLUMN_DESCRIPTION")
     Values ('11', 'VARCHAR2', '768', 'DIAGNOSIS_TXT', '13', '0', '0', 'INS_INS_VISITS', '', '*', '**DIAGNOSIS_TXT');

Insert Into FORM_COLUMNS$
            ("COL_NUM", "COL_TYPE", "COL_MAX_LEN", "COL_NAME", "COL_NAME_LEN", "COL_PRECISION", "COL_SCALE"
            ,"FORM_CODE", "PIMARY_KEY_FLAG", "DEFAULT_COLUMN_WIDTH", "COLUMN_DESCRIPTION")
     Values ('19', 'VARCHAR2', '384', 'FIO', '3', '0', '0', 'INS_INS_VISITS', '', '*', '*ФИО');

Insert Into FORM_COLUMNS$
            ("COL_NUM", "COL_TYPE", "COL_MAX_LEN", "COL_NAME", "COL_NAME_LEN", "COL_PRECISION", "COL_SCALE"
            ,"FORM_CODE", "PIMARY_KEY_FLAG", "DEFAULT_COLUMN_WIDTH", "COLUMN_DESCRIPTION")
     Values ('1', 'NUMBER', '3', 'ICON_ID', '7', '0', '0', 'INS_INS_VISITS', '', '*', '**ICON_ID');

Insert Into FORM_COLUMNS$
            ("COL_NUM", "COL_TYPE", "COL_MAX_LEN", "COL_NAME", "COL_NAME_LEN", "COL_PRECISION", "COL_SCALE"
            ,"FORM_CODE", "PIMARY_KEY_FLAG", "DEFAULT_COLUMN_WIDTH", "COLUMN_DESCRIPTION")
     Values ('4', 'NUMBER', '22', 'INSURED_ID', '10', '0', '-127', 'INS_INS_VISITS', '', '*', '**INSURED_ID');

Insert Into FORM_COLUMNS$
            ("COL_NUM", "COL_TYPE", "COL_MAX_LEN", "COL_NAME", "COL_NAME_LEN", "COL_PRECISION", "COL_SCALE"
            ,"FORM_CODE", "PIMARY_KEY_FLAG", "DEFAULT_COLUMN_WIDTH", "COLUMN_DESCRIPTION")
     Values ('23', 'NUMBER', '22', 'INS_COMPANY_ID', '14', '0', '-127', 'INS_INS_VISITS', '', '*', '**INS_COMPANY_ID');

Insert Into FORM_COLUMNS$
            ("COL_NUM", "COL_TYPE", "COL_MAX_LEN", "COL_NAME", "COL_NAME_LEN", "COL_PRECISION", "COL_SCALE"
            ,"FORM_CODE", "PIMARY_KEY_FLAG", "DEFAULT_COLUMN_WIDTH", "COLUMN_DESCRIPTION")
     Values ('17', 'NUMBER', '22', 'ORIG_REF_ID', '11', '10', '0', 'INS_INS_VISITS', '', '*', '**ORIG_REF_ID');

Insert Into FORM_COLUMNS$
            ("COL_NUM", "COL_TYPE", "COL_MAX_LEN", "COL_NAME", "COL_NAME_LEN", "COL_PRECISION", "COL_SCALE"
            ,"FORM_CODE", "PIMARY_KEY_FLAG", "DEFAULT_COLUMN_WIDTH", "COLUMN_DESCRIPTION")
     Values ('9', 'VARCHAR2', '384', 'PHONE', '5', '0', '0', 'INS_INS_VISITS', '', '*', '**PHONE');

Insert Into FORM_COLUMNS$
            ("COL_NUM", "COL_TYPE", "COL_MAX_LEN", "COL_NAME", "COL_NAME_LEN", "COL_PRECISION", "COL_SCALE"
            ,"FORM_CODE", "PIMARY_KEY_FLAG", "DEFAULT_COLUMN_WIDTH", "COLUMN_DESCRIPTION")
     Values ('21', 'VARCHAR2', '1020', 'PROGRAM_CODE', '12', '0', '0', 'INS_INS_VISITS', '', '*', '**PROGRAM_CODE');

Insert Into FORM_COLUMNS$
            ("COL_NUM", "COL_TYPE", "COL_MAX_LEN", "COL_NAME", "COL_NAME_LEN", "COL_PRECISION", "COL_SCALE"
            ,"FORM_CODE", "PIMARY_KEY_FLAG", "DEFAULT_COLUMN_WIDTH", "COLUMN_DESCRIPTION")
     Values ('5', 'NUMBER', '22', 'STATUS_ID', '9', '10', '0', 'INS_INS_VISITS', '', '*', '**STATUS_ID');

Insert Into FORM_COLUMNS$
            ("COL_NUM", "COL_TYPE", "COL_MAX_LEN", "COL_NAME", "COL_NAME_LEN", "COL_PRECISION", "COL_SCALE"
            ,"FORM_CODE", "PIMARY_KEY_FLAG", "DEFAULT_COLUMN_WIDTH", "COLUMN_DESCRIPTION")
     Values ('16', 'DATE', '7', 'UPDATED', '7', '0', '0', 'INS_INS_VISITS', '', '*', '**UPDATED');

Insert Into FORM_COLUMNS$
            ("COL_NUM", "COL_TYPE", "COL_MAX_LEN", "COL_NAME", "COL_NAME_LEN", "COL_PRECISION", "COL_SCALE"
            ,"FORM_CODE", "PIMARY_KEY_FLAG", "DEFAULT_COLUMN_WIDTH", "COLUMN_DESCRIPTION")
     Values ('15', 'NUMBER', '22', 'UPDATED_BY', '10', '0', '-127', 'INS_INS_VISITS', '', '*', '**UPDATED_BY');

Insert Into FORM_COLUMNS$
            ("COL_NUM", "COL_TYPE", "COL_MAX_LEN", "COL_NAME", "COL_NAME_LEN", "COL_PRECISION", "COL_SCALE"
            ,"FORM_CODE", "PIMARY_KEY_FLAG", "DEFAULT_COLUMN_WIDTH", "COLUMN_DESCRIPTION")
     Values ('3', 'DATE', '7', 'VISIT_DATE', '10', '0', '0', 'INS_INS_VISITS', '', '*', '**VISIT_DATE');

Insert Into FORM_COLUMNS$
            ("COL_NUM", "COL_TYPE", "COL_MAX_LEN", "COL_NAME", "COL_NAME_LEN", "COL_PRECISION", "COL_SCALE"
            ,"FORM_CODE", "PIMARY_KEY_FLAG", "DEFAULT_COLUMN_WIDTH", "COLUMN_DESCRIPTION")
     Values ('2', 'NUMBER', '22', 'VISIT_ID', '8', '0', '-127', 'INS_INS_VISITS', '', '*', '**VISIT_ID');

Insert Into FORM_COLUMNS$
            ("COL_NUM", "COL_TYPE", "COL_MAX_LEN", "COL_NAME", "COL_NAME_LEN", "COL_PRECISION", "COL_SCALE"
            ,"FORM_CODE", "PIMARY_KEY_FLAG", "DEFAULT_COLUMN_WIDTH", "COLUMN_DESCRIPTION")
     Values ('10', 'VARCHAR2', '768', 'VISIT_REASON', '12', '0', '0', 'INS_INS_VISITS', '', '*', '**VISIT_REASON');

Insert Into FORM_COLUMNS$
            ("COL_NUM", "COL_TYPE", "COL_MAX_LEN", "COL_NAME", "COL_NAME_LEN", "COL_PRECISION", "COL_SCALE"
            ,"FORM_CODE", "PIMARY_KEY_FLAG", "DEFAULT_COLUMN_WIDTH", "COLUMN_DESCRIPTION")
     Values ('6', 'NUMBER', '22', 'VISIT_TYPE', '10', '10', '0', 'INS_INS_VISITS', '', '*', '**VISIT_TYPE');
/*  Form: INS_INS_VISITS. Entity: FORM_COLUMNS.  */

Insert Into FORM_COLUMNS
            ("FORM_CODE", "COLUMN_CODE", "COLUMN_USER_NAME", "COLUMN_DISPLAY_SIZE", "COLUMN_DATA_TYPE"
            ,"COLUMN_DISPLAY_NUMBER", "PIMARY_KEY_FLAG", "SHOW_ON_GRID", "TREE_INITIALIZATION_VALUE", "TREE_FIELD_TYPE"
            ,"EDITOR_TAB_CODE", "FIELD_TYPE", "COLUMN_DESCRIPTION", "IS_FROZEN_FLAG", "SHOW_HOVER_FLAG", "LOOKUP_CODE"
            ,"HOVER_COLUMN_CODE", "EDITOR_HEIGHT", "LOOKUP_FIELD_TYPE", "HELP_TEXT", "TEXT_MASK", "VALIDATION_REGEXP"
            ,"DEFAULT_ORDERBY_NUMBER", "DEFAULT_VALUE", "EDITOR_TITLE_ORIENTATION", "EDITOR_END_ROW_FLAG"
            ,"EDITOR_COLS_SPAN", "LOOKUP_DISPLAY_VALUE", "EDITOR_ON_ENTER_KEY_ACTION")
     Values ('INS_INS_VISITS', 'ADDRESS', 'Адрес', '*', 'S', '80', 'N', 'N', '', '', 'DETAIL', ''
            ,'*address of the subscriber', 'N', 'N', '', '', '', '', '', '', '', '', '', 'L', 'N', '2', '', '');

Insert Into FORM_COLUMNS
            ("FORM_CODE", "COLUMN_CODE", "COLUMN_USER_NAME", "COLUMN_DISPLAY_SIZE", "COLUMN_DATA_TYPE"
            ,"COLUMN_DISPLAY_NUMBER", "PIMARY_KEY_FLAG", "SHOW_ON_GRID", "TREE_INITIALIZATION_VALUE", "TREE_FIELD_TYPE"
            ,"EDITOR_TAB_CODE", "FIELD_TYPE", "COLUMN_DESCRIPTION", "IS_FROZEN_FLAG", "SHOW_HOVER_FLAG", "LOOKUP_CODE"
            ,"HOVER_COLUMN_CODE", "EDITOR_HEIGHT", "LOOKUP_FIELD_TYPE", "HELP_TEXT", "TEXT_MASK", "VALIDATION_REGEXP"
            ,"DEFAULT_ORDERBY_NUMBER", "DEFAULT_VALUE", "EDITOR_TITLE_ORIENTATION", "EDITOR_END_ROW_FLAG"
            ,"EDITOR_COLS_SPAN", "LOOKUP_DISPLAY_VALUE", "EDITOR_ON_ENTER_KEY_ACTION")
     Values ('INS_INS_VISITS', 'AGE', 'Возраст', '*', 'S', '60', 'N', 'N', '', '', 'DETAIL', '', '**AGE', 'N', 'N', ''
            ,'', '', '', '', '', '', '', '', 'L', 'N', '2', '', '');

Insert Into FORM_COLUMNS
            ("FORM_CODE", "COLUMN_CODE", "COLUMN_USER_NAME", "COLUMN_DISPLAY_SIZE", "COLUMN_DATA_TYPE"
            ,"COLUMN_DISPLAY_NUMBER", "PIMARY_KEY_FLAG", "SHOW_ON_GRID", "TREE_INITIALIZATION_VALUE", "TREE_FIELD_TYPE"
            ,"EDITOR_TAB_CODE", "FIELD_TYPE", "COLUMN_DESCRIPTION", "IS_FROZEN_FLAG", "SHOW_HOVER_FLAG", "LOOKUP_CODE"
            ,"HOVER_COLUMN_CODE", "EDITOR_HEIGHT", "LOOKUP_FIELD_TYPE", "HELP_TEXT", "TEXT_MASK", "VALIDATION_REGEXP"
            ,"DEFAULT_ORDERBY_NUMBER", "DEFAULT_VALUE", "EDITOR_TITLE_ORIENTATION", "EDITOR_END_ROW_FLAG"
            ,"EDITOR_COLS_SPAN", "LOOKUP_DISPLAY_VALUE", "EDITOR_ON_ENTER_KEY_ACTION")
     Values ('INS_INS_VISITS', 'CARD_NO', '№ карты', '*', 'S', '30', 'N', 'Y', '', '', 'DETAIL', '', '**CARD_NO', 'N'
            ,'N', '', '', '', '', '', '', '', '', '', 'L', 'N', '2', '', '');

Insert Into FORM_COLUMNS
            ("FORM_CODE", "COLUMN_CODE", "COLUMN_USER_NAME", "COLUMN_DISPLAY_SIZE", "COLUMN_DATA_TYPE"
            ,"COLUMN_DISPLAY_NUMBER", "PIMARY_KEY_FLAG", "SHOW_ON_GRID", "TREE_INITIALIZATION_VALUE", "TREE_FIELD_TYPE"
            ,"EDITOR_TAB_CODE", "FIELD_TYPE", "COLUMN_DESCRIPTION", "IS_FROZEN_FLAG", "SHOW_HOVER_FLAG", "LOOKUP_CODE"
            ,"HOVER_COLUMN_CODE", "EDITOR_HEIGHT", "LOOKUP_FIELD_TYPE", "HELP_TEXT", "TEXT_MASK", "VALIDATION_REGEXP"
            ,"DEFAULT_ORDERBY_NUMBER", "DEFAULT_VALUE", "EDITOR_TITLE_ORIENTATION", "EDITOR_END_ROW_FLAG"
            ,"EDITOR_COLS_SPAN", "LOOKUP_DISPLAY_VALUE", "EDITOR_ON_ENTER_KEY_ACTION")
     Values ('INS_INS_VISITS', 'CLIENT_COMPANY_ID', 'Компания', '*', 'N', '110', 'N', 'N', '', '', 'DETAIL', '9'
            ,'**CLIENT_COMPANY_ID', 'N', 'N', 'INS_COMPANY_LIST', '', '', '', '', '', '', '', '', 'L', 'Y', '2', '', '');

Insert Into FORM_COLUMNS
            ("FORM_CODE", "COLUMN_CODE", "COLUMN_USER_NAME", "COLUMN_DISPLAY_SIZE", "COLUMN_DATA_TYPE"
            ,"COLUMN_DISPLAY_NUMBER", "PIMARY_KEY_FLAG", "SHOW_ON_GRID", "TREE_INITIALIZATION_VALUE", "TREE_FIELD_TYPE"
            ,"EDITOR_TAB_CODE", "FIELD_TYPE", "COLUMN_DESCRIPTION", "IS_FROZEN_FLAG", "SHOW_HOVER_FLAG", "LOOKUP_CODE"
            ,"HOVER_COLUMN_CODE", "EDITOR_HEIGHT", "LOOKUP_FIELD_TYPE", "HELP_TEXT", "TEXT_MASK", "VALIDATION_REGEXP"
            ,"DEFAULT_ORDERBY_NUMBER", "DEFAULT_VALUE", "EDITOR_TITLE_ORIENTATION", "EDITOR_END_ROW_FLAG"
            ,"EDITOR_COLS_SPAN", "LOOKUP_DISPLAY_VALUE", "EDITOR_ON_ENTER_KEY_ACTION")
     Values ('INS_INS_VISITS', 'COMMENTS', 'Примечание', '*', 'S', '140', 'N', 'N', '', '', 'DETAIL', ''
            ,'*An optional comment about this window group', 'N', 'N', '', '', '', '', '', '', '', '', '', 'L', 'N'
            ,'2', '', '');

Insert Into FORM_COLUMNS
            ("FORM_CODE", "COLUMN_CODE", "COLUMN_USER_NAME", "COLUMN_DISPLAY_SIZE", "COLUMN_DATA_TYPE"
            ,"COLUMN_DISPLAY_NUMBER", "PIMARY_KEY_FLAG", "SHOW_ON_GRID", "TREE_INITIALIZATION_VALUE", "TREE_FIELD_TYPE"
            ,"EDITOR_TAB_CODE", "FIELD_TYPE", "COLUMN_DESCRIPTION", "IS_FROZEN_FLAG", "SHOW_HOVER_FLAG", "LOOKUP_CODE"
            ,"HOVER_COLUMN_CODE", "EDITOR_HEIGHT", "LOOKUP_FIELD_TYPE", "HELP_TEXT", "TEXT_MASK", "VALIDATION_REGEXP"
            ,"DEFAULT_ORDERBY_NUMBER", "DEFAULT_VALUE", "EDITOR_TITLE_ORIENTATION", "EDITOR_END_ROW_FLAG"
            ,"EDITOR_COLS_SPAN", "LOOKUP_DISPLAY_VALUE", "EDITOR_ON_ENTER_KEY_ACTION")
     Values ('INS_INS_VISITS', 'CONTRACT', 'Договор', '*', 'S', '70', 'N', 'Y', '', '', 'DETAIL', '', '**CONTRACT', 'N'
            ,'N', '', '', '', '', '', '', '', '', '', 'L', 'Y', '2', '', '');

Insert Into FORM_COLUMNS
            ("FORM_CODE", "COLUMN_CODE", "COLUMN_USER_NAME", "COLUMN_DISPLAY_SIZE", "COLUMN_DATA_TYPE"
            ,"COLUMN_DISPLAY_NUMBER", "PIMARY_KEY_FLAG", "SHOW_ON_GRID", "TREE_INITIALIZATION_VALUE", "TREE_FIELD_TYPE"
            ,"EDITOR_TAB_CODE", "FIELD_TYPE", "COLUMN_DESCRIPTION", "IS_FROZEN_FLAG", "SHOW_HOVER_FLAG", "LOOKUP_CODE"
            ,"HOVER_COLUMN_CODE", "EDITOR_HEIGHT", "LOOKUP_FIELD_TYPE", "HELP_TEXT", "TEXT_MASK", "VALIDATION_REGEXP"
            ,"DEFAULT_ORDERBY_NUMBER", "DEFAULT_VALUE", "EDITOR_TITLE_ORIENTATION", "EDITOR_END_ROW_FLAG"
            ,"EDITOR_COLS_SPAN", "LOOKUP_DISPLAY_VALUE", "EDITOR_ON_ENTER_KEY_ACTION")
     Values ('INS_INS_VISITS', 'CONTRACT_FINISH_DATE', '', '*', 'D', '170', 'N', 'N', '', '', 'DETAIL', ''
            ,'**CONTRACT_FINISH_DATE', 'N', 'N', '', '', '', '', '', '', '', '', '', 'L', 'N', '2', '', '');

Insert Into FORM_COLUMNS
            ("FORM_CODE", "COLUMN_CODE", "COLUMN_USER_NAME", "COLUMN_DISPLAY_SIZE", "COLUMN_DATA_TYPE"
            ,"COLUMN_DISPLAY_NUMBER", "PIMARY_KEY_FLAG", "SHOW_ON_GRID", "TREE_INITIALIZATION_VALUE", "TREE_FIELD_TYPE"
            ,"EDITOR_TAB_CODE", "FIELD_TYPE", "COLUMN_DESCRIPTION", "IS_FROZEN_FLAG", "SHOW_HOVER_FLAG", "LOOKUP_CODE"
            ,"HOVER_COLUMN_CODE", "EDITOR_HEIGHT", "LOOKUP_FIELD_TYPE", "HELP_TEXT", "TEXT_MASK", "VALIDATION_REGEXP"
            ,"DEFAULT_ORDERBY_NUMBER", "DEFAULT_VALUE", "EDITOR_TITLE_ORIENTATION", "EDITOR_END_ROW_FLAG"
            ,"EDITOR_COLS_SPAN", "LOOKUP_DISPLAY_VALUE", "EDITOR_ON_ENTER_KEY_ACTION")
     Values ('INS_INS_VISITS', 'CONTRACT_START_DATE', '', '*', 'D', '150', 'N', 'N', '', '', 'DETAIL', ''
            ,'**CONTRACT_START_DATE', 'N', 'N', '', '', '', '', '', '', '', '', '', 'L', 'Y', '2', '', '');

Insert Into FORM_COLUMNS
            ("FORM_CODE", "COLUMN_CODE", "COLUMN_USER_NAME", "COLUMN_DISPLAY_SIZE", "COLUMN_DATA_TYPE"
            ,"COLUMN_DISPLAY_NUMBER", "PIMARY_KEY_FLAG", "SHOW_ON_GRID", "TREE_INITIALIZATION_VALUE", "TREE_FIELD_TYPE"
            ,"EDITOR_TAB_CODE", "FIELD_TYPE", "COLUMN_DESCRIPTION", "IS_FROZEN_FLAG", "SHOW_HOVER_FLAG", "LOOKUP_CODE"
            ,"HOVER_COLUMN_CODE", "EDITOR_HEIGHT", "LOOKUP_FIELD_TYPE", "HELP_TEXT", "TEXT_MASK", "VALIDATION_REGEXP"
            ,"DEFAULT_ORDERBY_NUMBER", "DEFAULT_VALUE", "EDITOR_TITLE_ORIENTATION", "EDITOR_END_ROW_FLAG"
            ,"EDITOR_COLS_SPAN", "LOOKUP_DISPLAY_VALUE", "EDITOR_ON_ENTER_KEY_ACTION")
     Values ('INS_INS_VISITS', 'CREATED', 'Creation date of the change set', '*', 'DATE', '1013', 'N', 'N', '', '', ''
            ,'', '*Creation date of the change set', 'N', 'N', '', '', '', '', '', '', '', '', '', 'L', 'Y', '*', ''
            ,'');

Insert Into FORM_COLUMNS
            ("FORM_CODE", "COLUMN_CODE", "COLUMN_USER_NAME", "COLUMN_DISPLAY_SIZE", "COLUMN_DATA_TYPE"
            ,"COLUMN_DISPLAY_NUMBER", "PIMARY_KEY_FLAG", "SHOW_ON_GRID", "TREE_INITIALIZATION_VALUE", "TREE_FIELD_TYPE"
            ,"EDITOR_TAB_CODE", "FIELD_TYPE", "COLUMN_DESCRIPTION", "IS_FROZEN_FLAG", "SHOW_HOVER_FLAG", "LOOKUP_CODE"
            ,"HOVER_COLUMN_CODE", "EDITOR_HEIGHT", "LOOKUP_FIELD_TYPE", "HELP_TEXT", "TEXT_MASK", "VALIDATION_REGEXP"
            ,"DEFAULT_ORDERBY_NUMBER", "DEFAULT_VALUE", "EDITOR_TITLE_ORIENTATION", "EDITOR_END_ROW_FLAG"
            ,"EDITOR_COLS_SPAN", "LOOKUP_DISPLAY_VALUE", "EDITOR_ON_ENTER_KEY_ACTION")
     Values ('INS_INS_VISITS', 'CREATED_BY', 'Auditing; user that created the record.', '*', 'N', '1012', 'N', 'N', ''
            ,'', '', '', '*Auditing; user that created the record.', 'N', 'N', '', '', '', '', '', '', '', '', '', 'L'
            ,'Y', '*', '', '');

Insert Into FORM_COLUMNS
            ("FORM_CODE", "COLUMN_CODE", "COLUMN_USER_NAME", "COLUMN_DISPLAY_SIZE", "COLUMN_DATA_TYPE"
            ,"COLUMN_DISPLAY_NUMBER", "PIMARY_KEY_FLAG", "SHOW_ON_GRID", "TREE_INITIALIZATION_VALUE", "TREE_FIELD_TYPE"
            ,"EDITOR_TAB_CODE", "FIELD_TYPE", "COLUMN_DESCRIPTION", "IS_FROZEN_FLAG", "SHOW_HOVER_FLAG", "LOOKUP_CODE"
            ,"HOVER_COLUMN_CODE", "EDITOR_HEIGHT", "LOOKUP_FIELD_TYPE", "HELP_TEXT", "TEXT_MASK", "VALIDATION_REGEXP"
            ,"DEFAULT_ORDERBY_NUMBER", "DEFAULT_VALUE", "EDITOR_TITLE_ORIENTATION", "EDITOR_END_ROW_FLAG"
            ,"EDITOR_COLS_SPAN", "LOOKUP_DISPLAY_VALUE", "EDITOR_ON_ENTER_KEY_ACTION")
     Values ('INS_INS_VISITS', 'DIAGNOSIS_TXT', '', '*', 'S', '120', 'N', 'N', '', '', 'DETAIL', '', '**DIAGNOSIS_TXT'
            ,'N', 'N', '', '', '', '', '', '', '', '', '', 'L', 'N', '2', '', '');

Insert Into FORM_COLUMNS
            ("FORM_CODE", "COLUMN_CODE", "COLUMN_USER_NAME", "COLUMN_DISPLAY_SIZE", "COLUMN_DATA_TYPE"
            ,"COLUMN_DISPLAY_NUMBER", "PIMARY_KEY_FLAG", "SHOW_ON_GRID", "TREE_INITIALIZATION_VALUE", "TREE_FIELD_TYPE"
            ,"EDITOR_TAB_CODE", "FIELD_TYPE", "COLUMN_DESCRIPTION", "IS_FROZEN_FLAG", "SHOW_HOVER_FLAG", "LOOKUP_CODE"
            ,"HOVER_COLUMN_CODE", "EDITOR_HEIGHT", "LOOKUP_FIELD_TYPE", "HELP_TEXT", "TEXT_MASK", "VALIDATION_REGEXP"
            ,"DEFAULT_ORDERBY_NUMBER", "DEFAULT_VALUE", "EDITOR_TITLE_ORIENTATION", "EDITOR_END_ROW_FLAG"
            ,"EDITOR_COLS_SPAN", "LOOKUP_DISPLAY_VALUE", "EDITOR_ON_ENTER_KEY_ACTION")
     Values ('INS_INS_VISITS', 'FIO', 'ФИО', '*', 'S', '50', 'N', 'Y', '', '', 'DETAIL', '', '*ФИО', 'N', 'N', '', ''
            ,'', '', '', '', '', '', '', 'L', 'Y', '2', '', '');

Insert Into FORM_COLUMNS
            ("FORM_CODE", "COLUMN_CODE", "COLUMN_USER_NAME", "COLUMN_DISPLAY_SIZE", "COLUMN_DATA_TYPE"
            ,"COLUMN_DISPLAY_NUMBER", "PIMARY_KEY_FLAG", "SHOW_ON_GRID", "TREE_INITIALIZATION_VALUE", "TREE_FIELD_TYPE"
            ,"EDITOR_TAB_CODE", "FIELD_TYPE", "COLUMN_DESCRIPTION", "IS_FROZEN_FLAG", "SHOW_HOVER_FLAG", "LOOKUP_CODE"
            ,"HOVER_COLUMN_CODE", "EDITOR_HEIGHT", "LOOKUP_FIELD_TYPE", "HELP_TEXT", "TEXT_MASK", "VALIDATION_REGEXP"
            ,"DEFAULT_ORDERBY_NUMBER", "DEFAULT_VALUE", "EDITOR_TITLE_ORIENTATION", "EDITOR_END_ROW_FLAG"
            ,"EDITOR_COLS_SPAN", "LOOKUP_DISPLAY_VALUE", "EDITOR_ON_ENTER_KEY_ACTION")
     Values ('INS_INS_VISITS', 'ICON_ID', '*', '20', 'N', '5', 'N', 'Y', '', '', '', '3', '**ICON_ID', 'N', 'N', '', ''
            ,'', '', '', '', '', '', '', 'L', 'Y', '*', '', '');

Insert Into FORM_COLUMNS
            ("FORM_CODE", "COLUMN_CODE", "COLUMN_USER_NAME", "COLUMN_DISPLAY_SIZE", "COLUMN_DATA_TYPE"
            ,"COLUMN_DISPLAY_NUMBER", "PIMARY_KEY_FLAG", "SHOW_ON_GRID", "TREE_INITIALIZATION_VALUE", "TREE_FIELD_TYPE"
            ,"EDITOR_TAB_CODE", "FIELD_TYPE", "COLUMN_DESCRIPTION", "IS_FROZEN_FLAG", "SHOW_HOVER_FLAG", "LOOKUP_CODE"
            ,"HOVER_COLUMN_CODE", "EDITOR_HEIGHT", "LOOKUP_FIELD_TYPE", "HELP_TEXT", "TEXT_MASK", "VALIDATION_REGEXP"
            ,"DEFAULT_ORDERBY_NUMBER", "DEFAULT_VALUE", "EDITOR_TITLE_ORIENTATION", "EDITOR_END_ROW_FLAG"
            ,"EDITOR_COLS_SPAN", "LOOKUP_DISPLAY_VALUE", "EDITOR_ON_ENTER_KEY_ACTION")
     Values ('INS_INS_VISITS', 'INSURED_ID', '', '*', 'N', '1004', 'N', 'N', '', '', '', '', '**INSURED_ID', 'N', 'N'
            ,'', '', '', '', '', '', '', '', '', 'L', 'Y', '*', '', '');

Insert Into FORM_COLUMNS
            ("FORM_CODE", "COLUMN_CODE", "COLUMN_USER_NAME", "COLUMN_DISPLAY_SIZE", "COLUMN_DATA_TYPE"
            ,"COLUMN_DISPLAY_NUMBER", "PIMARY_KEY_FLAG", "SHOW_ON_GRID", "TREE_INITIALIZATION_VALUE", "TREE_FIELD_TYPE"
            ,"EDITOR_TAB_CODE", "FIELD_TYPE", "COLUMN_DESCRIPTION", "IS_FROZEN_FLAG", "SHOW_HOVER_FLAG", "LOOKUP_CODE"
            ,"HOVER_COLUMN_CODE", "EDITOR_HEIGHT", "LOOKUP_FIELD_TYPE", "HELP_TEXT", "TEXT_MASK", "VALIDATION_REGEXP"
            ,"DEFAULT_ORDERBY_NUMBER", "DEFAULT_VALUE", "EDITOR_TITLE_ORIENTATION", "EDITOR_END_ROW_FLAG"
            ,"EDITOR_COLS_SPAN", "LOOKUP_DISPLAY_VALUE", "EDITOR_ON_ENTER_KEY_ACTION")
     Values ('INS_INS_VISITS', 'INS_COMPANY_ID', 'Страх.компания', '*', 'N', '130', 'N', 'N', '', '', 'DETAIL', '9'
            ,'**INS_COMPANY_ID', 'N', 'N', 'INS_COMPANY_LIST', '', '', '', '', '', '', '', '', 'L', 'Y', '2', '', '');

Insert Into FORM_COLUMNS
            ("FORM_CODE", "COLUMN_CODE", "COLUMN_USER_NAME", "COLUMN_DISPLAY_SIZE", "COLUMN_DATA_TYPE"
            ,"COLUMN_DISPLAY_NUMBER", "PIMARY_KEY_FLAG", "SHOW_ON_GRID", "TREE_INITIALIZATION_VALUE", "TREE_FIELD_TYPE"
            ,"EDITOR_TAB_CODE", "FIELD_TYPE", "COLUMN_DESCRIPTION", "IS_FROZEN_FLAG", "SHOW_HOVER_FLAG", "LOOKUP_CODE"
            ,"HOVER_COLUMN_CODE", "EDITOR_HEIGHT", "LOOKUP_FIELD_TYPE", "HELP_TEXT", "TEXT_MASK", "VALIDATION_REGEXP"
            ,"DEFAULT_ORDERBY_NUMBER", "DEFAULT_VALUE", "EDITOR_TITLE_ORIENTATION", "EDITOR_END_ROW_FLAG"
            ,"EDITOR_COLS_SPAN", "LOOKUP_DISPLAY_VALUE", "EDITOR_ON_ENTER_KEY_ACTION")
     Values ('INS_INS_VISITS', 'ORIG_REF_ID', '', '*', 'N', '1016', 'N', 'N', '', '', '', '', '**ORIG_REF_ID', 'N', 'N'
            ,'', '', '', '', '', '', '', '', '', 'L', 'Y', '*', '', '');

Insert Into FORM_COLUMNS
            ("FORM_CODE", "COLUMN_CODE", "COLUMN_USER_NAME", "COLUMN_DISPLAY_SIZE", "COLUMN_DATA_TYPE"
            ,"COLUMN_DISPLAY_NUMBER", "PIMARY_KEY_FLAG", "SHOW_ON_GRID", "TREE_INITIALIZATION_VALUE", "TREE_FIELD_TYPE"
            ,"EDITOR_TAB_CODE", "FIELD_TYPE", "COLUMN_DESCRIPTION", "IS_FROZEN_FLAG", "SHOW_HOVER_FLAG", "LOOKUP_CODE"
            ,"HOVER_COLUMN_CODE", "EDITOR_HEIGHT", "LOOKUP_FIELD_TYPE", "HELP_TEXT", "TEXT_MASK", "VALIDATION_REGEXP"
            ,"DEFAULT_ORDERBY_NUMBER", "DEFAULT_VALUE", "EDITOR_TITLE_ORIENTATION", "EDITOR_END_ROW_FLAG"
            ,"EDITOR_COLS_SPAN", "LOOKUP_DISPLAY_VALUE", "EDITOR_ON_ENTER_KEY_ACTION")
     Values ('INS_INS_VISITS', 'PHONE', 'Телефон', '*', 'S', '100', 'N', 'N', '', '', 'DETAIL', '', '**PHONE', 'N', 'N'
            ,'', '', '', '', '', '', '', '', '', 'L', 'N', '2', '', '');

Insert Into FORM_COLUMNS
            ("FORM_CODE", "COLUMN_CODE", "COLUMN_USER_NAME", "COLUMN_DISPLAY_SIZE", "COLUMN_DATA_TYPE"
            ,"COLUMN_DISPLAY_NUMBER", "PIMARY_KEY_FLAG", "SHOW_ON_GRID", "TREE_INITIALIZATION_VALUE", "TREE_FIELD_TYPE"
            ,"EDITOR_TAB_CODE", "FIELD_TYPE", "COLUMN_DESCRIPTION", "IS_FROZEN_FLAG", "SHOW_HOVER_FLAG", "LOOKUP_CODE"
            ,"HOVER_COLUMN_CODE", "EDITOR_HEIGHT", "LOOKUP_FIELD_TYPE", "HELP_TEXT", "TEXT_MASK", "VALIDATION_REGEXP"
            ,"DEFAULT_ORDERBY_NUMBER", "DEFAULT_VALUE", "EDITOR_TITLE_ORIENTATION", "EDITOR_END_ROW_FLAG"
            ,"EDITOR_COLS_SPAN", "LOOKUP_DISPLAY_VALUE", "EDITOR_ON_ENTER_KEY_ACTION")
     Values ('INS_INS_VISITS', 'PROGRAM_CODE', 'Программа', '*', 'S', '90', 'N', 'Y', '', '', 'DETAIL', '8'
            ,'**PROGRAM_CODE', 'N', 'N', 'INS_PROGRAM', '', '', '', '', '', '', '', '', 'L', 'Y', '2', '', '');

Insert Into FORM_COLUMNS
            ("FORM_CODE", "COLUMN_CODE", "COLUMN_USER_NAME", "COLUMN_DISPLAY_SIZE", "COLUMN_DATA_TYPE"
            ,"COLUMN_DISPLAY_NUMBER", "PIMARY_KEY_FLAG", "SHOW_ON_GRID", "TREE_INITIALIZATION_VALUE", "TREE_FIELD_TYPE"
            ,"EDITOR_TAB_CODE", "FIELD_TYPE", "COLUMN_DESCRIPTION", "IS_FROZEN_FLAG", "SHOW_HOVER_FLAG", "LOOKUP_CODE"
            ,"HOVER_COLUMN_CODE", "EDITOR_HEIGHT", "LOOKUP_FIELD_TYPE", "HELP_TEXT", "TEXT_MASK", "VALIDATION_REGEXP"
            ,"DEFAULT_ORDERBY_NUMBER", "DEFAULT_VALUE", "EDITOR_TITLE_ORIENTATION", "EDITOR_END_ROW_FLAG"
            ,"EDITOR_COLS_SPAN", "LOOKUP_DISPLAY_VALUE", "EDITOR_ON_ENTER_KEY_ACTION")
     Values ('INS_INS_VISITS', 'STATUS_ID', 'Состояние', '*', 'S', '10', 'N', 'Y', '', '', 'DETAIL', '8', '**STATUS_ID'
            ,'N', 'N', 'INS_VISIT_STATUS', '', '', '', '', '', '', '', '', 'L', 'N', '2', '', '');

Insert Into FORM_COLUMNS
            ("FORM_CODE", "COLUMN_CODE", "COLUMN_USER_NAME", "COLUMN_DISPLAY_SIZE", "COLUMN_DATA_TYPE"
            ,"COLUMN_DISPLAY_NUMBER", "PIMARY_KEY_FLAG", "SHOW_ON_GRID", "TREE_INITIALIZATION_VALUE", "TREE_FIELD_TYPE"
            ,"EDITOR_TAB_CODE", "FIELD_TYPE", "COLUMN_DESCRIPTION", "IS_FROZEN_FLAG", "SHOW_HOVER_FLAG", "LOOKUP_CODE"
            ,"HOVER_COLUMN_CODE", "EDITOR_HEIGHT", "LOOKUP_FIELD_TYPE", "HELP_TEXT", "TEXT_MASK", "VALIDATION_REGEXP"
            ,"DEFAULT_ORDERBY_NUMBER", "DEFAULT_VALUE", "EDITOR_TITLE_ORIENTATION", "EDITOR_END_ROW_FLAG"
            ,"EDITOR_COLS_SPAN", "LOOKUP_DISPLAY_VALUE", "EDITOR_ON_ENTER_KEY_ACTION")
     Values ('INS_INS_VISITS', 'UPDATED', '', '*', 'DATE', '1015', 'N', 'N', '', '', '', '', '**UPDATED', 'N', 'N', ''
            ,'', '', '', '', '', '', '', '', 'L', 'Y', '*', '', '');

Insert Into FORM_COLUMNS
            ("FORM_CODE", "COLUMN_CODE", "COLUMN_USER_NAME", "COLUMN_DISPLAY_SIZE", "COLUMN_DATA_TYPE"
            ,"COLUMN_DISPLAY_NUMBER", "PIMARY_KEY_FLAG", "SHOW_ON_GRID", "TREE_INITIALIZATION_VALUE", "TREE_FIELD_TYPE"
            ,"EDITOR_TAB_CODE", "FIELD_TYPE", "COLUMN_DESCRIPTION", "IS_FROZEN_FLAG", "SHOW_HOVER_FLAG", "LOOKUP_CODE"
            ,"HOVER_COLUMN_CODE", "EDITOR_HEIGHT", "LOOKUP_FIELD_TYPE", "HELP_TEXT", "TEXT_MASK", "VALIDATION_REGEXP"
            ,"DEFAULT_ORDERBY_NUMBER", "DEFAULT_VALUE", "EDITOR_TITLE_ORIENTATION", "EDITOR_END_ROW_FLAG"
            ,"EDITOR_COLS_SPAN", "LOOKUP_DISPLAY_VALUE", "EDITOR_ON_ENTER_KEY_ACTION")
     Values ('INS_INS_VISITS', 'UPDATED_BY', '', '*', 'N', '1014', 'N', 'N', '', '', '', '', '**UPDATED_BY', 'N', 'N'
            ,'', '', '', '', '', '', '', '', '', 'L', 'Y', '*', '', '');

Insert Into FORM_COLUMNS
            ("FORM_CODE", "COLUMN_CODE", "COLUMN_USER_NAME", "COLUMN_DISPLAY_SIZE", "COLUMN_DATA_TYPE"
            ,"COLUMN_DISPLAY_NUMBER", "PIMARY_KEY_FLAG", "SHOW_ON_GRID", "TREE_INITIALIZATION_VALUE", "TREE_FIELD_TYPE"
            ,"EDITOR_TAB_CODE", "FIELD_TYPE", "COLUMN_DESCRIPTION", "IS_FROZEN_FLAG", "SHOW_HOVER_FLAG", "LOOKUP_CODE"
            ,"HOVER_COLUMN_CODE", "EDITOR_HEIGHT", "LOOKUP_FIELD_TYPE", "HELP_TEXT", "TEXT_MASK", "VALIDATION_REGEXP"
            ,"DEFAULT_ORDERBY_NUMBER", "DEFAULT_VALUE", "EDITOR_TITLE_ORIENTATION", "EDITOR_END_ROW_FLAG"
            ,"EDITOR_COLS_SPAN", "LOOKUP_DISPLAY_VALUE", "EDITOR_ON_ENTER_KEY_ACTION")
     Values ('INS_INS_VISITS', 'VISIT_DATE', 'Дата', '*', 'D', '20', 'N', 'Y', '', '', 'DETAIL', '', '**VISIT_DATE'
            ,'N', 'N', '', '', '', '', '', '', '', '', '', 'L', 'N', '2', '', '');

Insert Into FORM_COLUMNS
            ("FORM_CODE", "COLUMN_CODE", "COLUMN_USER_NAME", "COLUMN_DISPLAY_SIZE", "COLUMN_DATA_TYPE"
            ,"COLUMN_DISPLAY_NUMBER", "PIMARY_KEY_FLAG", "SHOW_ON_GRID", "TREE_INITIALIZATION_VALUE", "TREE_FIELD_TYPE"
            ,"EDITOR_TAB_CODE", "FIELD_TYPE", "COLUMN_DESCRIPTION", "IS_FROZEN_FLAG", "SHOW_HOVER_FLAG", "LOOKUP_CODE"
            ,"HOVER_COLUMN_CODE", "EDITOR_HEIGHT", "LOOKUP_FIELD_TYPE", "HELP_TEXT", "TEXT_MASK", "VALIDATION_REGEXP"
            ,"DEFAULT_ORDERBY_NUMBER", "DEFAULT_VALUE", "EDITOR_TITLE_ORIENTATION", "EDITOR_END_ROW_FLAG"
            ,"EDITOR_COLS_SPAN", "LOOKUP_DISPLAY_VALUE", "EDITOR_ON_ENTER_KEY_ACTION")
     Values ('INS_INS_VISITS', 'VISIT_ID', '', '*', 'N', '1002', 'Y', 'N', '', '', '', '', '**VISIT_ID', 'N', 'N', ''
            ,'', '', '', '', '', '', '', '', 'L', 'Y', '*', '', '');

Insert Into FORM_COLUMNS
            ("FORM_CODE", "COLUMN_CODE", "COLUMN_USER_NAME", "COLUMN_DISPLAY_SIZE", "COLUMN_DATA_TYPE"
            ,"COLUMN_DISPLAY_NUMBER", "PIMARY_KEY_FLAG", "SHOW_ON_GRID", "TREE_INITIALIZATION_VALUE", "TREE_FIELD_TYPE"
            ,"EDITOR_TAB_CODE", "FIELD_TYPE", "COLUMN_DESCRIPTION", "IS_FROZEN_FLAG", "SHOW_HOVER_FLAG", "LOOKUP_CODE"
            ,"HOVER_COLUMN_CODE", "EDITOR_HEIGHT", "LOOKUP_FIELD_TYPE", "HELP_TEXT", "TEXT_MASK", "VALIDATION_REGEXP"
            ,"DEFAULT_ORDERBY_NUMBER", "DEFAULT_VALUE", "EDITOR_TITLE_ORIENTATION", "EDITOR_END_ROW_FLAG"
            ,"EDITOR_COLS_SPAN", "LOOKUP_DISPLAY_VALUE", "EDITOR_ON_ENTER_KEY_ACTION")
     Values ('INS_INS_VISITS', 'VISIT_REASON', '', '*', 'S', '1010', 'N', 'N', '', '', '', '', '**VISIT_REASON', 'N'
            ,'N', '', '', '', '', '', '', '', '', '', 'L', 'Y', '*', '', '');

Insert Into FORM_COLUMNS
            ("FORM_CODE", "COLUMN_CODE", "COLUMN_USER_NAME", "COLUMN_DISPLAY_SIZE", "COLUMN_DATA_TYPE"
            ,"COLUMN_DISPLAY_NUMBER", "PIMARY_KEY_FLAG", "SHOW_ON_GRID", "TREE_INITIALIZATION_VALUE", "TREE_FIELD_TYPE"
            ,"EDITOR_TAB_CODE", "FIELD_TYPE", "COLUMN_DESCRIPTION", "IS_FROZEN_FLAG", "SHOW_HOVER_FLAG", "LOOKUP_CODE"
            ,"HOVER_COLUMN_CODE", "EDITOR_HEIGHT", "LOOKUP_FIELD_TYPE", "HELP_TEXT", "TEXT_MASK", "VALIDATION_REGEXP"
            ,"DEFAULT_ORDERBY_NUMBER", "DEFAULT_VALUE", "EDITOR_TITLE_ORIENTATION", "EDITOR_END_ROW_FLAG"
            ,"EDITOR_COLS_SPAN", "LOOKUP_DISPLAY_VALUE", "EDITOR_ON_ENTER_KEY_ACTION")
     Values ('INS_INS_VISITS', 'VISIT_TYPE', 'Тип', '*', 'S', '15', 'N', 'Y', '', '', '', '8', '**VISIT_TYPE', 'N', 'N'
            ,'INS_VISIT_TYPE', '', '', '', '', '', '', '', '', 'L', 'Y', '*', '', '');

Alter Table forms Enable VALIDATE Constraint forms_form_actions_fk;
Alter Table FORMS Enable All Triggers;

/*****************INS_INS_VISIT_RESULTS*********************/
Alter Table FORMS Disable All Triggers;
Alter Table forms Disable Constraint forms_form_actions_fk;
Delete From FORM_COLUMNS
      Where form_code = 'INS_INS_VISIT_RESULTS';
Delete From FORM_COLUMNS$
      Where form_code = 'INS_INS_VISIT_RESULTS';
Delete From FORM_ACTIONS
      Where form_code = 'INS_INS_VISIT_RESULTS';
Delete From FORM_TABS
      Where form_code = 'INS_INS_VISIT_RESULTS';
Delete From FORMS
      Where form_code = 'INS_INS_VISIT_RESULTS';
/*  Form: INS_INS_VISIT_RESULTS. Entity: FORMS.  */

Insert Into FORMS
            ("FORM_CODE", "HOT_KEY", "SQL_TEXT", "FORM_NAME", "FORM_TYPE", "SHOW_TREE_ROOT_NODE", "ICON_ID"
            ,"FORM_WIDTH", "FORM_HEIGHT", "BOTTOM_TABS_ORIENTATION", "SIDE_TABS_ORIENTATION", "SHOW_BOTTOM_TOOLBAR"
            ,"OBJECT_VERSION_NUMBER", "DEFAULT_COLUMN_WIDTH", "DESCRIPTION", "DOUBLE_CLICK_ACTION_CODE", "LOOKUP_WIDTH"
            ,"APPS_CODE", "EXPORT_ORDER")
     Values ('INS_INS_VISIT_RESULTS', '', 'Select *
  From ins.ins_visit_results vr
 Where vr.visit_id = :visit_id
',           '', 'G', 'Y', '', '*', '*', '', '', 'Y', '13', '*', '', '', '', 'INS', '100');
/*  Form: INS_INS_VISIT_RESULTS. Entity: FORM_TABS.  */
/*  Form: INS_INS_VISIT_RESULTS. Entity: FORM_ACTIONS.  */

Insert Into FORM_ACTIONS
            ("FORM_CODE", "ACTION_CODE", "PROCEDURE_NAME", "ACTION_DISPLAY_NAME", "ICON_ID", "DEFAULT_PARAM_PREFIX"
            ,"DEFAULT_OLD_PARAM_PREFIX", "ACTION_TYPE", "DISPLAY_NUMBER", "CONFIRM_TEXT", "HOT_KEY"
            ,"SHOW_SEPARATOR_BELOW", "DISPLAY_ON_TOOLBAR", "CHILD_FORM_CODE")
     Values ('INS_INS_VISIT_RESULTS', 'DEL', 'INS_INS_VISIT_RESULTS_PKG.p_delete', 'Удалить', '48', '', '', '3', '130'
            ,'Вы уверенны что хотите удалить запись?', '', 'N', 'Y', '');

Insert Into FORM_ACTIONS
            ("FORM_CODE", "ACTION_CODE", "PROCEDURE_NAME", "ACTION_DISPLAY_NAME", "ICON_ID", "DEFAULT_PARAM_PREFIX"
            ,"DEFAULT_OLD_PARAM_PREFIX", "ACTION_TYPE", "DISPLAY_NUMBER", "CONFIRM_TEXT", "HOT_KEY"
            ,"SHOW_SEPARATOR_BELOW", "DISPLAY_ON_TOOLBAR", "CHILD_FORM_CODE")
     Values ('INS_INS_VISIT_RESULTS', 'EDIT', '', 'Редактировать', '50', '', '', '8', '115', 'Вы уверенны?', '', 'N'
            ,'Y', '');

Insert Into FORM_ACTIONS
            ("FORM_CODE", "ACTION_CODE", "PROCEDURE_NAME", "ACTION_DISPLAY_NAME", "ICON_ID", "DEFAULT_PARAM_PREFIX"
            ,"DEFAULT_OLD_PARAM_PREFIX", "ACTION_TYPE", "DISPLAY_NUMBER", "CONFIRM_TEXT", "HOT_KEY"
            ,"SHOW_SEPARATOR_BELOW", "DISPLAY_ON_TOOLBAR", "CHILD_FORM_CODE")
     Values ('INS_INS_VISIT_RESULTS', 'INS', '', 'Создать', '47', '', '', '1', '110', '', '', 'N', 'Y', '');

Insert Into FORM_ACTIONS
            ("FORM_CODE", "ACTION_CODE", "PROCEDURE_NAME", "ACTION_DISPLAY_NAME", "ICON_ID", "DEFAULT_PARAM_PREFIX"
            ,"DEFAULT_OLD_PARAM_PREFIX", "ACTION_TYPE", "DISPLAY_NUMBER", "CONFIRM_TEXT", "HOT_KEY"
            ,"SHOW_SEPARATOR_BELOW", "DISPLAY_ON_TOOLBAR", "CHILD_FORM_CODE")
     Values ('INS_INS_VISIT_RESULTS', 'REFR', '', 'Обновить', '15', '', '', '4', '10', '', '', 'N', 'Y', '');

Insert Into FORM_ACTIONS
            ("FORM_CODE", "ACTION_CODE", "PROCEDURE_NAME", "ACTION_DISPLAY_NAME", "ICON_ID", "DEFAULT_PARAM_PREFIX"
            ,"DEFAULT_OLD_PARAM_PREFIX", "ACTION_TYPE", "DISPLAY_NUMBER", "CONFIRM_TEXT", "HOT_KEY"
            ,"SHOW_SEPARATOR_BELOW", "DISPLAY_ON_TOOLBAR", "CHILD_FORM_CODE")
     Values ('INS_INS_VISIT_RESULTS', 'UPD', 'INS_INS_VISIT_RESULTS_PKG.p_ins_upd', 'Сохранить', '46', '', '', '2'
            ,'120', 'Вы уверенны?', '', 'N', 'Y', '');
/*  Form: INS_INS_VISIT_RESULTS. Entity: FORM_COLUMNS$.  */

Insert Into FORM_COLUMNS$
            ("COL_NUM", "COL_TYPE", "COL_MAX_LEN", "COL_NAME", "COL_NAME_LEN", "COL_PRECISION", "COL_SCALE"
            ,"FORM_CODE", "PIMARY_KEY_FLAG", "DEFAULT_COLUMN_WIDTH", "COLUMN_DESCRIPTION")
     Values ('6', 'DATE', '7', 'CREATED', '7', '0', '0', 'INS_INS_VISIT_RESULTS', '', '*'
            ,'*Creation date of the change set');

Insert Into FORM_COLUMNS$
            ("COL_NUM", "COL_TYPE", "COL_MAX_LEN", "COL_NAME", "COL_NAME_LEN", "COL_PRECISION", "COL_SCALE"
            ,"FORM_CODE", "PIMARY_KEY_FLAG", "DEFAULT_COLUMN_WIDTH", "COLUMN_DESCRIPTION")
     Values ('5', 'NUMBER', '22', 'CREATED_BY', '10', '0', '-127', 'INS_INS_VISIT_RESULTS', '', '*'
            ,'*Auditing; user that created the record.');

Insert Into FORM_COLUMNS$
            ("COL_NUM", "COL_TYPE", "COL_MAX_LEN", "COL_NAME", "COL_NAME_LEN", "COL_PRECISION", "COL_SCALE"
            ,"FORM_CODE", "PIMARY_KEY_FLAG", "DEFAULT_COLUMN_WIDTH", "COLUMN_DESCRIPTION")
     Values ('9', 'NUMBER', '22', 'ORIG_REF_ID', '11', '10', '0', 'INS_INS_VISIT_RESULTS', '', '*', '**ORIG_REF_ID');

Insert Into FORM_COLUMNS$
            ("COL_NUM", "COL_TYPE", "COL_MAX_LEN", "COL_NAME", "COL_NAME_LEN", "COL_PRECISION", "COL_SCALE"
            ,"FORM_CODE", "PIMARY_KEY_FLAG", "DEFAULT_COLUMN_WIDTH", "COLUMN_DESCRIPTION")
     Values ('3', 'NUMBER', '22', 'RESULT_TYPE_ID', '14', '10', '0', 'INS_INS_VISIT_RESULTS', '', '*'
            ,'**RESULT_TYPE_ID');

Insert Into FORM_COLUMNS$
            ("COL_NUM", "COL_TYPE", "COL_MAX_LEN", "COL_NAME", "COL_NAME_LEN", "COL_PRECISION", "COL_SCALE"
            ,"FORM_CODE", "PIMARY_KEY_FLAG", "DEFAULT_COLUMN_WIDTH", "COLUMN_DESCRIPTION")
     Values ('8', 'DATE', '7', 'UPDATED', '7', '0', '0', 'INS_INS_VISIT_RESULTS', '', '*', '**UPDATED');

Insert Into FORM_COLUMNS$
            ("COL_NUM", "COL_TYPE", "COL_MAX_LEN", "COL_NAME", "COL_NAME_LEN", "COL_PRECISION", "COL_SCALE"
            ,"FORM_CODE", "PIMARY_KEY_FLAG", "DEFAULT_COLUMN_WIDTH", "COLUMN_DESCRIPTION")
     Values ('7', 'NUMBER', '22', 'UPDATED_BY', '10', '0', '-127', 'INS_INS_VISIT_RESULTS', '', '*', '**UPDATED_BY');

Insert Into FORM_COLUMNS$
            ("COL_NUM", "COL_TYPE", "COL_MAX_LEN", "COL_NAME", "COL_NAME_LEN", "COL_PRECISION", "COL_SCALE"
            ,"FORM_CODE", "PIMARY_KEY_FLAG", "DEFAULT_COLUMN_WIDTH", "COLUMN_DESCRIPTION")
     Values ('2', 'NUMBER', '22', 'VISIT_ID', '8', '0', '-127', 'INS_INS_VISIT_RESULTS', '', '*', '**VISIT_ID');

Insert Into FORM_COLUMNS$
            ("COL_NUM", "COL_TYPE", "COL_MAX_LEN", "COL_NAME", "COL_NAME_LEN", "COL_PRECISION", "COL_SCALE"
            ,"FORM_CODE", "PIMARY_KEY_FLAG", "DEFAULT_COLUMN_WIDTH", "COLUMN_DESCRIPTION")
     Values ('1', 'NUMBER', '22', 'VISIT_RESULT_ID', '15', '0', '-127', 'INS_INS_VISIT_RESULTS', '', '*'
            ,'**VISIT_RESULT_ID');

Insert Into FORM_COLUMNS$
            ("COL_NUM", "COL_TYPE", "COL_MAX_LEN", "COL_NAME", "COL_NAME_LEN", "COL_PRECISION", "COL_SCALE"
            ,"FORM_CODE", "PIMARY_KEY_FLAG", "DEFAULT_COLUMN_WIDTH", "COLUMN_DESCRIPTION")
     Values ('4', 'VARCHAR2', '15', 'VISIT_TIME', '10', '0', '0', 'INS_INS_VISIT_RESULTS', '', '*', '**VISIT_TIME');
/*  Form: INS_INS_VISIT_RESULTS. Entity: FORM_COLUMNS.  */

Insert Into FORM_COLUMNS
            ("FORM_CODE", "COLUMN_CODE", "COLUMN_USER_NAME", "COLUMN_DISPLAY_SIZE", "COLUMN_DATA_TYPE"
            ,"COLUMN_DISPLAY_NUMBER", "PIMARY_KEY_FLAG", "SHOW_ON_GRID", "TREE_INITIALIZATION_VALUE", "TREE_FIELD_TYPE"
            ,"EDITOR_TAB_CODE", "FIELD_TYPE", "COLUMN_DESCRIPTION", "IS_FROZEN_FLAG", "SHOW_HOVER_FLAG", "LOOKUP_CODE"
            ,"HOVER_COLUMN_CODE", "EDITOR_HEIGHT", "LOOKUP_FIELD_TYPE", "HELP_TEXT", "TEXT_MASK", "VALIDATION_REGEXP"
            ,"DEFAULT_ORDERBY_NUMBER", "DEFAULT_VALUE", "EDITOR_TITLE_ORIENTATION", "EDITOR_END_ROW_FLAG"
            ,"EDITOR_COLS_SPAN", "LOOKUP_DISPLAY_VALUE", "EDITOR_ON_ENTER_KEY_ACTION")
     Values ('INS_INS_VISIT_RESULTS', 'CREATED', 'Creation date of the change set', '*', 'DATE', '1006', 'N', 'N', ''
            ,'', '', '', '*Creation date of the change set', 'N', 'N', '', '', '', '', '', '', '', '', '', 'L', 'Y'
            ,'*', '', '');

Insert Into FORM_COLUMNS
            ("FORM_CODE", "COLUMN_CODE", "COLUMN_USER_NAME", "COLUMN_DISPLAY_SIZE", "COLUMN_DATA_TYPE"
            ,"COLUMN_DISPLAY_NUMBER", "PIMARY_KEY_FLAG", "SHOW_ON_GRID", "TREE_INITIALIZATION_VALUE", "TREE_FIELD_TYPE"
            ,"EDITOR_TAB_CODE", "FIELD_TYPE", "COLUMN_DESCRIPTION", "IS_FROZEN_FLAG", "SHOW_HOVER_FLAG", "LOOKUP_CODE"
            ,"HOVER_COLUMN_CODE", "EDITOR_HEIGHT", "LOOKUP_FIELD_TYPE", "HELP_TEXT", "TEXT_MASK", "VALIDATION_REGEXP"
            ,"DEFAULT_ORDERBY_NUMBER", "DEFAULT_VALUE", "EDITOR_TITLE_ORIENTATION", "EDITOR_END_ROW_FLAG"
            ,"EDITOR_COLS_SPAN", "LOOKUP_DISPLAY_VALUE", "EDITOR_ON_ENTER_KEY_ACTION")
     Values ('INS_INS_VISIT_RESULTS', 'CREATED_BY', 'Auditing; user that created the record.', '*', 'N', '1005', 'N'
            ,'N', '', '', '', '', '*Auditing; user that created the record.', 'N', 'N', '', '', '', '', '', '', '', ''
            ,'', 'L', 'Y', '*', '', '');

Insert Into FORM_COLUMNS
            ("FORM_CODE", "COLUMN_CODE", "COLUMN_USER_NAME", "COLUMN_DISPLAY_SIZE", "COLUMN_DATA_TYPE"
            ,"COLUMN_DISPLAY_NUMBER", "PIMARY_KEY_FLAG", "SHOW_ON_GRID", "TREE_INITIALIZATION_VALUE", "TREE_FIELD_TYPE"
            ,"EDITOR_TAB_CODE", "FIELD_TYPE", "COLUMN_DESCRIPTION", "IS_FROZEN_FLAG", "SHOW_HOVER_FLAG", "LOOKUP_CODE"
            ,"HOVER_COLUMN_CODE", "EDITOR_HEIGHT", "LOOKUP_FIELD_TYPE", "HELP_TEXT", "TEXT_MASK", "VALIDATION_REGEXP"
            ,"DEFAULT_ORDERBY_NUMBER", "DEFAULT_VALUE", "EDITOR_TITLE_ORIENTATION", "EDITOR_END_ROW_FLAG"
            ,"EDITOR_COLS_SPAN", "LOOKUP_DISPLAY_VALUE", "EDITOR_ON_ENTER_KEY_ACTION")
     Values ('INS_INS_VISIT_RESULTS', 'ORIG_REF_ID', '', '*', 'N', '1009', 'N', 'N', '', '', '', '', '**ORIG_REF_ID'
            ,'N', 'N', '', '', '', '', '', '', '', '', '', 'L', 'Y', '*', '', '');

Insert Into FORM_COLUMNS
            ("FORM_CODE", "COLUMN_CODE", "COLUMN_USER_NAME", "COLUMN_DISPLAY_SIZE", "COLUMN_DATA_TYPE"
            ,"COLUMN_DISPLAY_NUMBER", "PIMARY_KEY_FLAG", "SHOW_ON_GRID", "TREE_INITIALIZATION_VALUE", "TREE_FIELD_TYPE"
            ,"EDITOR_TAB_CODE", "FIELD_TYPE", "COLUMN_DESCRIPTION", "IS_FROZEN_FLAG", "SHOW_HOVER_FLAG", "LOOKUP_CODE"
            ,"HOVER_COLUMN_CODE", "EDITOR_HEIGHT", "LOOKUP_FIELD_TYPE", "HELP_TEXT", "TEXT_MASK", "VALIDATION_REGEXP"
            ,"DEFAULT_ORDERBY_NUMBER", "DEFAULT_VALUE", "EDITOR_TITLE_ORIENTATION", "EDITOR_END_ROW_FLAG"
            ,"EDITOR_COLS_SPAN", "LOOKUP_DISPLAY_VALUE", "EDITOR_ON_ENTER_KEY_ACTION")
     Values ('INS_INS_VISIT_RESULTS', 'RESULT_TYPE_ID', 'Тип', '*', 'S', '1003', 'N', 'Y', '', '', '', '8'
            ,'**RESULT_TYPE_ID', 'N', 'N', 'INS_VISIT_RESULT_TYPE', '', '', '', '', '', '', '', '', 'L', 'Y', '*', ''
            ,'');

Insert Into FORM_COLUMNS
            ("FORM_CODE", "COLUMN_CODE", "COLUMN_USER_NAME", "COLUMN_DISPLAY_SIZE", "COLUMN_DATA_TYPE"
            ,"COLUMN_DISPLAY_NUMBER", "PIMARY_KEY_FLAG", "SHOW_ON_GRID", "TREE_INITIALIZATION_VALUE", "TREE_FIELD_TYPE"
            ,"EDITOR_TAB_CODE", "FIELD_TYPE", "COLUMN_DESCRIPTION", "IS_FROZEN_FLAG", "SHOW_HOVER_FLAG", "LOOKUP_CODE"
            ,"HOVER_COLUMN_CODE", "EDITOR_HEIGHT", "LOOKUP_FIELD_TYPE", "HELP_TEXT", "TEXT_MASK", "VALIDATION_REGEXP"
            ,"DEFAULT_ORDERBY_NUMBER", "DEFAULT_VALUE", "EDITOR_TITLE_ORIENTATION", "EDITOR_END_ROW_FLAG"
            ,"EDITOR_COLS_SPAN", "LOOKUP_DISPLAY_VALUE", "EDITOR_ON_ENTER_KEY_ACTION")
     Values ('INS_INS_VISIT_RESULTS', 'UPDATED', '', '*', 'DATE', '1008', 'N', 'N', '', '', '', '', '**UPDATED', 'N'
            ,'N', '', '', '', '', '', '', '', '', '', 'L', 'Y', '*', '', '');

Insert Into FORM_COLUMNS
            ("FORM_CODE", "COLUMN_CODE", "COLUMN_USER_NAME", "COLUMN_DISPLAY_SIZE", "COLUMN_DATA_TYPE"
            ,"COLUMN_DISPLAY_NUMBER", "PIMARY_KEY_FLAG", "SHOW_ON_GRID", "TREE_INITIALIZATION_VALUE", "TREE_FIELD_TYPE"
            ,"EDITOR_TAB_CODE", "FIELD_TYPE", "COLUMN_DESCRIPTION", "IS_FROZEN_FLAG", "SHOW_HOVER_FLAG", "LOOKUP_CODE"
            ,"HOVER_COLUMN_CODE", "EDITOR_HEIGHT", "LOOKUP_FIELD_TYPE", "HELP_TEXT", "TEXT_MASK", "VALIDATION_REGEXP"
            ,"DEFAULT_ORDERBY_NUMBER", "DEFAULT_VALUE", "EDITOR_TITLE_ORIENTATION", "EDITOR_END_ROW_FLAG"
            ,"EDITOR_COLS_SPAN", "LOOKUP_DISPLAY_VALUE", "EDITOR_ON_ENTER_KEY_ACTION")
     Values ('INS_INS_VISIT_RESULTS', 'UPDATED_BY', '', '*', 'N', '1007', 'N', 'N', '', '', '', '', '**UPDATED_BY', 'N'
            ,'N', '', '', '', '', '', '', '', '', '', 'L', 'Y', '*', '', '');

Insert Into FORM_COLUMNS
            ("FORM_CODE", "COLUMN_CODE", "COLUMN_USER_NAME", "COLUMN_DISPLAY_SIZE", "COLUMN_DATA_TYPE"
            ,"COLUMN_DISPLAY_NUMBER", "PIMARY_KEY_FLAG", "SHOW_ON_GRID", "TREE_INITIALIZATION_VALUE", "TREE_FIELD_TYPE"
            ,"EDITOR_TAB_CODE", "FIELD_TYPE", "COLUMN_DESCRIPTION", "IS_FROZEN_FLAG", "SHOW_HOVER_FLAG", "LOOKUP_CODE"
            ,"HOVER_COLUMN_CODE", "EDITOR_HEIGHT", "LOOKUP_FIELD_TYPE", "HELP_TEXT", "TEXT_MASK", "VALIDATION_REGEXP"
            ,"DEFAULT_ORDERBY_NUMBER", "DEFAULT_VALUE", "EDITOR_TITLE_ORIENTATION", "EDITOR_END_ROW_FLAG"
            ,"EDITOR_COLS_SPAN", "LOOKUP_DISPLAY_VALUE", "EDITOR_ON_ENTER_KEY_ACTION")
     Values ('INS_INS_VISIT_RESULTS', 'VISIT_ID', '', '*', 'N', '1002', 'N', 'N', '', '', '', '', '**VISIT_ID', 'N'
            ,'N', '', '', '', '', '', '', '', '', '', 'L', 'Y', '*', '', '');

Insert Into FORM_COLUMNS
            ("FORM_CODE", "COLUMN_CODE", "COLUMN_USER_NAME", "COLUMN_DISPLAY_SIZE", "COLUMN_DATA_TYPE"
            ,"COLUMN_DISPLAY_NUMBER", "PIMARY_KEY_FLAG", "SHOW_ON_GRID", "TREE_INITIALIZATION_VALUE", "TREE_FIELD_TYPE"
            ,"EDITOR_TAB_CODE", "FIELD_TYPE", "COLUMN_DESCRIPTION", "IS_FROZEN_FLAG", "SHOW_HOVER_FLAG", "LOOKUP_CODE"
            ,"HOVER_COLUMN_CODE", "EDITOR_HEIGHT", "LOOKUP_FIELD_TYPE", "HELP_TEXT", "TEXT_MASK", "VALIDATION_REGEXP"
            ,"DEFAULT_ORDERBY_NUMBER", "DEFAULT_VALUE", "EDITOR_TITLE_ORIENTATION", "EDITOR_END_ROW_FLAG"
            ,"EDITOR_COLS_SPAN", "LOOKUP_DISPLAY_VALUE", "EDITOR_ON_ENTER_KEY_ACTION")
     Values ('INS_INS_VISIT_RESULTS', 'VISIT_RESULT_ID', '', '*', 'N', '1001', 'Y', 'N', '', '', '', ''
            ,'**VISIT_RESULT_ID', 'N', 'N', '', '', '', '', '', '', '', '', '', 'L', 'Y', '*', '', '');

Insert Into FORM_COLUMNS
            ("FORM_CODE", "COLUMN_CODE", "COLUMN_USER_NAME", "COLUMN_DISPLAY_SIZE", "COLUMN_DATA_TYPE"
            ,"COLUMN_DISPLAY_NUMBER", "PIMARY_KEY_FLAG", "SHOW_ON_GRID", "TREE_INITIALIZATION_VALUE", "TREE_FIELD_TYPE"
            ,"EDITOR_TAB_CODE", "FIELD_TYPE", "COLUMN_DESCRIPTION", "IS_FROZEN_FLAG", "SHOW_HOVER_FLAG", "LOOKUP_CODE"
            ,"HOVER_COLUMN_CODE", "EDITOR_HEIGHT", "LOOKUP_FIELD_TYPE", "HELP_TEXT", "TEXT_MASK", "VALIDATION_REGEXP"
            ,"DEFAULT_ORDERBY_NUMBER", "DEFAULT_VALUE", "EDITOR_TITLE_ORIENTATION", "EDITOR_END_ROW_FLAG"
            ,"EDITOR_COLS_SPAN", "LOOKUP_DISPLAY_VALUE", "EDITOR_ON_ENTER_KEY_ACTION")
     Values ('INS_INS_VISIT_RESULTS', 'VISIT_TIME', 'Время', '*', 'S', '1004', 'N', 'Y', '', '', '', '', '**VISIT_TIME'
            ,'N', 'N', '', '', '', '', '', '', '', '', '', 'L', 'Y', '*', '', '');

Alter Table forms Enable VALIDATE Constraint forms_form_actions_fk;
Alter Table FORMS Enable All Triggers;

/*****************INS_MED_COMPANY_REP*********************/
Alter Table FORMS Disable All Triggers;
Alter Table forms Disable Constraint forms_form_actions_fk;
Delete From FORM_COLUMNS
      Where form_code = 'INS_MED_COMPANY_REP';
Delete From FORM_COLUMNS$
      Where form_code = 'INS_MED_COMPANY_REP';
Delete From FORM_ACTIONS
      Where form_code = 'INS_MED_COMPANY_REP';
Delete From FORM_TABS
      Where form_code = 'INS_MED_COMPANY_REP';
Delete From FORMS
      Where form_code = 'INS_MED_COMPANY_REP';
/*  Form: INS_MED_COMPANY_REP. Entity: FORMS.  */

Insert Into FORMS
            ("FORM_CODE", "HOT_KEY", "SQL_TEXT", "FORM_NAME", "FORM_TYPE", "SHOW_TREE_ROOT_NODE", "ICON_ID"
            ,"FORM_WIDTH", "FORM_HEIGHT", "BOTTOM_TABS_ORIENTATION", "SIDE_TABS_ORIENTATION", "SHOW_BOTTOM_TOOLBAR"
            ,"OBJECT_VERSION_NUMBER", "DEFAULT_COLUMN_WIDTH", "DESCRIPTION", "DOUBLE_CLICK_ACTION_CODE", "LOOKUP_WIDTH"
            ,"APPS_CODE", "EXPORT_ORDER")
     Values ('INS_MED_COMPANY_REP', ''
            ,'With t As
     (
        Select ins.users_pkg.get_user_id () As user_id, 4 As company_type_id, Null As med_company_id
              ,Null As ins_company_id, ADD_MONTHS (TRUNC (SYSDATE, ''mm''), -3) As start_date, TRUNC (SYSDATE)
                                                                                                            As end_date
              ,Null As account_num
          From DUAL)
Select t.*
      ,ins.ins_med_company_rep.get_report_xml2 (company_type_id
                                               ,med_company_id
                                               ,ins_company_id
                                               ,start_date
                                               ,end_date
                                               ,account_num
                                               ).getClobVal () As rep_data
  From t'
            ,'Отчет по мед.учрежд.', 'G', 'Y', '', '0%', '12%', 'B', 'R', 'N', '54', '*', '', '', '', 'INS', '100');
/*  Form: INS_MED_COMPANY_REP. Entity: FORM_TABS.  */

Insert Into FORM_TABS
            ("FORM_CODE", "TAB_CODE", "CHILD_FORM_CODE", "TAB_POSITION", "TAB_NAME", "NUMBER_OF_COLUMNS", "ICON_ID"
            ,"TAB_TYPE", "TAB_DISPLAY_NUMBER")
     Values ('INS_MED_COMPANY_REP', 'DET', '', 'R', 'Фильтр', '6', '', '1', '');

Insert Into FORM_TABS
            ("FORM_CODE", "TAB_CODE", "CHILD_FORM_CODE", "TAB_POSITION", "TAB_NAME", "NUMBER_OF_COLUMNS", "ICON_ID"
            ,"TAB_TYPE", "TAB_DISPLAY_NUMBER")
     Values ('INS_MED_COMPANY_REP', 'DETAILS', 'INS_INS_MED_COMPANY_REP_DET', 'B', 'Ltnfkb', '', '13', '2', '');
/*  Form: INS_MED_COMPANY_REP. Entity: FORM_ACTIONS.  */

Insert Into FORM_ACTIONS
            ("FORM_CODE", "ACTION_CODE", "PROCEDURE_NAME", "ACTION_DISPLAY_NAME", "ICON_ID", "DEFAULT_PARAM_PREFIX"
            ,"DEFAULT_OLD_PARAM_PREFIX", "ACTION_TYPE", "DISPLAY_NUMBER", "CONFIRM_TEXT", "HOT_KEY"
            ,"SHOW_SEPARATOR_BELOW", "DISPLAY_ON_TOOLBAR", "CHILD_FORM_CODE")
     Values ('INS_MED_COMPANY_REP', 'PRINT'
            ,'xmlp?type=xmlp&ContentType=application/vnd.ms-excel&template=INS_MED_COMPANY_REP&dataClobId=:REP_DATA&filename=rep2'
            ,'Печать', '43', '', '', '15', '150', '', '', 'N', 'Y', '');

Insert Into FORM_ACTIONS
            ("FORM_CODE", "ACTION_CODE", "PROCEDURE_NAME", "ACTION_DISPLAY_NAME", "ICON_ID", "DEFAULT_PARAM_PREFIX"
            ,"DEFAULT_OLD_PARAM_PREFIX", "ACTION_TYPE", "DISPLAY_NUMBER", "CONFIRM_TEXT", "HOT_KEY"
            ,"SHOW_SEPARATOR_BELOW", "DISPLAY_ON_TOOLBAR", "CHILD_FORM_CODE")
     Values ('INS_MED_COMPANY_REP', 'REFR', '', 'Обновить', '15', '', '', '4', '10', '', '', 'N', 'Y', '');

Insert Into FORM_ACTIONS
            ("FORM_CODE", "ACTION_CODE", "PROCEDURE_NAME", "ACTION_DISPLAY_NAME", "ICON_ID", "DEFAULT_PARAM_PREFIX"
            ,"DEFAULT_OLD_PARAM_PREFIX", "ACTION_TYPE", "DISPLAY_NUMBER", "CONFIRM_TEXT", "HOT_KEY"
            ,"SHOW_SEPARATOR_BELOW", "DISPLAY_ON_TOOLBAR", "CHILD_FORM_CODE")
     Values ('INS_MED_COMPANY_REP', 'UPD', 'INS_MED_COMPANY_REP.generate_report', 'Сохранить', '46', '', '', '2', '120'
            ,'', '', 'N', 'Y', '');
/*  Form: INS_MED_COMPANY_REP. Entity: FORM_COLUMNS$.  */

Insert Into FORM_COLUMNS$
            ("COL_NUM", "COL_TYPE", "COL_MAX_LEN", "COL_NAME", "COL_NAME_LEN", "COL_PRECISION", "COL_SCALE"
            ,"FORM_CODE", "PIMARY_KEY_FLAG", "DEFAULT_COLUMN_WIDTH", "COLUMN_DESCRIPTION")
     Values ('7', 'VARCHAR2', '0', 'ACCOUNT_NUM', '11', '0', '0', 'INS_MED_COMPANY_REP', '', '*', '**ACCOUNT_NUM');

Insert Into FORM_COLUMNS$
            ("COL_NUM", "COL_TYPE", "COL_MAX_LEN", "COL_NAME", "COL_NAME_LEN", "COL_PRECISION", "COL_SCALE"
            ,"FORM_CODE", "PIMARY_KEY_FLAG", "DEFAULT_COLUMN_WIDTH", "COLUMN_DESCRIPTION")
     Values ('2', 'NUMBER', '2', 'COMPANY_TYPE_ID', '15', '0', '0', 'INS_MED_COMPANY_REP', '', '*', '**COMPANY_TYPE_ID');

Insert Into FORM_COLUMNS$
            ("COL_NUM", "COL_TYPE", "COL_MAX_LEN", "COL_NAME", "COL_NAME_LEN", "COL_PRECISION", "COL_SCALE"
            ,"FORM_CODE", "PIMARY_KEY_FLAG", "DEFAULT_COLUMN_WIDTH", "COLUMN_DESCRIPTION")
     Values ('6', 'DATE', '7', 'END_DATE', '8', '0', '0', 'INS_MED_COMPANY_REP', '', '*'
            ,'*Cutoff date after which the schedule will not specify any dates');

Insert Into FORM_COLUMNS$
            ("COL_NUM", "COL_TYPE", "COL_MAX_LEN", "COL_NAME", "COL_NAME_LEN", "COL_PRECISION", "COL_SCALE"
            ,"FORM_CODE", "PIMARY_KEY_FLAG", "DEFAULT_COLUMN_WIDTH", "COLUMN_DESCRIPTION")
     Values ('4', 'VARCHAR2', '0', 'INS_COMPANY_ID', '14', '0', '0', 'INS_MED_COMPANY_REP', '', '*', '**INS_COMPANY_ID');

Insert Into FORM_COLUMNS$
            ("COL_NUM", "COL_TYPE", "COL_MAX_LEN", "COL_NAME", "COL_NAME_LEN", "COL_PRECISION", "COL_SCALE"
            ,"FORM_CODE", "PIMARY_KEY_FLAG", "DEFAULT_COLUMN_WIDTH", "COLUMN_DESCRIPTION")
     Values ('3', 'VARCHAR2', '0', 'MED_COMPANY_ID', '14', '0', '0', 'INS_MED_COMPANY_REP', '', '*', '**MED_COMPANY_ID');

Insert Into FORM_COLUMNS$
            ("COL_NUM", "COL_TYPE", "COL_MAX_LEN", "COL_NAME", "COL_NAME_LEN", "COL_PRECISION", "COL_SCALE"
            ,"FORM_CODE", "PIMARY_KEY_FLAG", "DEFAULT_COLUMN_WIDTH", "COLUMN_DESCRIPTION")
     Values ('8', 'CLOB', '4000', 'REP_DATA', '8', '0', '0', 'INS_MED_COMPANY_REP', '', '*', '**REP_DATA');

Insert Into FORM_COLUMNS$
            ("COL_NUM", "COL_TYPE", "COL_MAX_LEN", "COL_NAME", "COL_NAME_LEN", "COL_PRECISION", "COL_SCALE"
            ,"FORM_CODE", "PIMARY_KEY_FLAG", "DEFAULT_COLUMN_WIDTH", "COLUMN_DESCRIPTION")
     Values ('5', 'DATE', '7', 'START_DATE', '10', '0', '0', 'INS_MED_COMPANY_REP', '', '*'
            ,'*A not null column in the complex primary key employee_id+start_date.
Must be less than the end_date of the job_history table. (enforced by
constraint jhist_date_interval)');

Insert Into FORM_COLUMNS$
            ("COL_NUM", "COL_TYPE", "COL_MAX_LEN", "COL_NAME", "COL_NAME_LEN", "COL_PRECISION", "COL_SCALE"
            ,"FORM_CODE", "PIMARY_KEY_FLAG", "DEFAULT_COLUMN_WIDTH", "COLUMN_DESCRIPTION")
     Values ('1', 'NUMBER', '22', 'USER_ID', '7', '0', '0', 'INS_MED_COMPANY_REP', '', '*', '*Database user id.');
/*  Form: INS_MED_COMPANY_REP. Entity: FORM_COLUMNS.  */

Insert Into FORM_COLUMNS
            ("FORM_CODE", "COLUMN_CODE", "COLUMN_USER_NAME", "COLUMN_DISPLAY_SIZE", "COLUMN_DATA_TYPE"
            ,"COLUMN_DISPLAY_NUMBER", "PIMARY_KEY_FLAG", "SHOW_ON_GRID", "TREE_INITIALIZATION_VALUE", "TREE_FIELD_TYPE"
            ,"EDITOR_TAB_CODE", "FIELD_TYPE", "COLUMN_DESCRIPTION", "IS_FROZEN_FLAG", "SHOW_HOVER_FLAG", "LOOKUP_CODE"
            ,"HOVER_COLUMN_CODE", "EDITOR_HEIGHT", "LOOKUP_FIELD_TYPE", "HELP_TEXT", "TEXT_MASK", "VALIDATION_REGEXP"
            ,"DEFAULT_ORDERBY_NUMBER", "DEFAULT_VALUE", "EDITOR_TITLE_ORIENTATION", "EDITOR_END_ROW_FLAG"
            ,"EDITOR_COLS_SPAN", "LOOKUP_DISPLAY_VALUE", "EDITOR_ON_ENTER_KEY_ACTION")
     Values ('INS_MED_COMPANY_REP', 'ACCOUNT_NUM', 'Счет', '*', 'S', '1007', 'N', 'N', '', '', 'DET', ''
            ,'**ACCOUNT_NUM', 'N', 'N', '', '', '', '', '', '', '', '', '', 'L', 'Y', '*', '', '');

Insert Into FORM_COLUMNS
            ("FORM_CODE", "COLUMN_CODE", "COLUMN_USER_NAME", "COLUMN_DISPLAY_SIZE", "COLUMN_DATA_TYPE"
            ,"COLUMN_DISPLAY_NUMBER", "PIMARY_KEY_FLAG", "SHOW_ON_GRID", "TREE_INITIALIZATION_VALUE", "TREE_FIELD_TYPE"
            ,"EDITOR_TAB_CODE", "FIELD_TYPE", "COLUMN_DESCRIPTION", "IS_FROZEN_FLAG", "SHOW_HOVER_FLAG", "LOOKUP_CODE"
            ,"HOVER_COLUMN_CODE", "EDITOR_HEIGHT", "LOOKUP_FIELD_TYPE", "HELP_TEXT", "TEXT_MASK", "VALIDATION_REGEXP"
            ,"DEFAULT_ORDERBY_NUMBER", "DEFAULT_VALUE", "EDITOR_TITLE_ORIENTATION", "EDITOR_END_ROW_FLAG"
            ,"EDITOR_COLS_SPAN", "LOOKUP_DISPLAY_VALUE", "EDITOR_ON_ENTER_KEY_ACTION")
     Values ('INS_MED_COMPANY_REP', 'COMPANY_TYPE_ID', 'Тип мед. учрежд', '*', 'N', '1002', 'N', 'N', '', '', 'DET'
            ,'8', '**COMPANY_TYPE_ID', 'N', 'N', 'INS_COMPANY_TYPE', '', '', '', '', '', '', '', '', 'L', 'N', '1', ''
            ,'');

Insert Into FORM_COLUMNS
            ("FORM_CODE", "COLUMN_CODE", "COLUMN_USER_NAME", "COLUMN_DISPLAY_SIZE", "COLUMN_DATA_TYPE"
            ,"COLUMN_DISPLAY_NUMBER", "PIMARY_KEY_FLAG", "SHOW_ON_GRID", "TREE_INITIALIZATION_VALUE", "TREE_FIELD_TYPE"
            ,"EDITOR_TAB_CODE", "FIELD_TYPE", "COLUMN_DESCRIPTION", "IS_FROZEN_FLAG", "SHOW_HOVER_FLAG", "LOOKUP_CODE"
            ,"HOVER_COLUMN_CODE", "EDITOR_HEIGHT", "LOOKUP_FIELD_TYPE", "HELP_TEXT", "TEXT_MASK", "VALIDATION_REGEXP"
            ,"DEFAULT_ORDERBY_NUMBER", "DEFAULT_VALUE", "EDITOR_TITLE_ORIENTATION", "EDITOR_END_ROW_FLAG"
            ,"EDITOR_COLS_SPAN", "LOOKUP_DISPLAY_VALUE", "EDITOR_ON_ENTER_KEY_ACTION")
     Values ('INS_MED_COMPANY_REP', 'END_DATE', 'По', '*', 'D', '1006', 'N', 'N', '', '', 'DET', ''
            ,'*Cutoff date after which the schedule will not specify any dates', 'N', 'N', '', '', '', '', '', '', ''
            ,'', '', 'L', 'N', '1', '', '');

Insert Into FORM_COLUMNS
            ("FORM_CODE", "COLUMN_CODE", "COLUMN_USER_NAME", "COLUMN_DISPLAY_SIZE", "COLUMN_DATA_TYPE"
            ,"COLUMN_DISPLAY_NUMBER", "PIMARY_KEY_FLAG", "SHOW_ON_GRID", "TREE_INITIALIZATION_VALUE", "TREE_FIELD_TYPE"
            ,"EDITOR_TAB_CODE", "FIELD_TYPE", "COLUMN_DESCRIPTION", "IS_FROZEN_FLAG", "SHOW_HOVER_FLAG", "LOOKUP_CODE"
            ,"HOVER_COLUMN_CODE", "EDITOR_HEIGHT", "LOOKUP_FIELD_TYPE", "HELP_TEXT", "TEXT_MASK", "VALIDATION_REGEXP"
            ,"DEFAULT_ORDERBY_NUMBER", "DEFAULT_VALUE", "EDITOR_TITLE_ORIENTATION", "EDITOR_END_ROW_FLAG"
            ,"EDITOR_COLS_SPAN", "LOOKUP_DISPLAY_VALUE", "EDITOR_ON_ENTER_KEY_ACTION")
     Values ('INS_MED_COMPANY_REP', 'INS_COMPANY_ID', 'Страховая', '*', 'S', '1004', 'N', 'N', '', '', 'DET', '9'
            ,'**INS_COMPANY_ID', 'N', 'N', 'INS_COMPANY_LIST', '', '', '', '', '', '', '', '', 'L', 'Y', '*', '', '');

Insert Into FORM_COLUMNS
            ("FORM_CODE", "COLUMN_CODE", "COLUMN_USER_NAME", "COLUMN_DISPLAY_SIZE", "COLUMN_DATA_TYPE"
            ,"COLUMN_DISPLAY_NUMBER", "PIMARY_KEY_FLAG", "SHOW_ON_GRID", "TREE_INITIALIZATION_VALUE", "TREE_FIELD_TYPE"
            ,"EDITOR_TAB_CODE", "FIELD_TYPE", "COLUMN_DESCRIPTION", "IS_FROZEN_FLAG", "SHOW_HOVER_FLAG", "LOOKUP_CODE"
            ,"HOVER_COLUMN_CODE", "EDITOR_HEIGHT", "LOOKUP_FIELD_TYPE", "HELP_TEXT", "TEXT_MASK", "VALIDATION_REGEXP"
            ,"DEFAULT_ORDERBY_NUMBER", "DEFAULT_VALUE", "EDITOR_TITLE_ORIENTATION", "EDITOR_END_ROW_FLAG"
            ,"EDITOR_COLS_SPAN", "LOOKUP_DISPLAY_VALUE", "EDITOR_ON_ENTER_KEY_ACTION")
     Values ('INS_MED_COMPANY_REP', 'MED_COMPANY_ID', 'Мед. учреждение', '*', 'S', '1003', 'N', 'N', '', '', 'DET', '9'
            ,'**MED_COMPANY_ID', 'N', 'N', 'INS_COMPANY_LIST', '', '', '', '', '', '', '', '', 'L', 'N', '1', '', '');

Insert Into FORM_COLUMNS
            ("FORM_CODE", "COLUMN_CODE", "COLUMN_USER_NAME", "COLUMN_DISPLAY_SIZE", "COLUMN_DATA_TYPE"
            ,"COLUMN_DISPLAY_NUMBER", "PIMARY_KEY_FLAG", "SHOW_ON_GRID", "TREE_INITIALIZATION_VALUE", "TREE_FIELD_TYPE"
            ,"EDITOR_TAB_CODE", "FIELD_TYPE", "COLUMN_DESCRIPTION", "IS_FROZEN_FLAG", "SHOW_HOVER_FLAG", "LOOKUP_CODE"
            ,"HOVER_COLUMN_CODE", "EDITOR_HEIGHT", "LOOKUP_FIELD_TYPE", "HELP_TEXT", "TEXT_MASK", "VALIDATION_REGEXP"
            ,"DEFAULT_ORDERBY_NUMBER", "DEFAULT_VALUE", "EDITOR_TITLE_ORIENTATION", "EDITOR_END_ROW_FLAG"
            ,"EDITOR_COLS_SPAN", "LOOKUP_DISPLAY_VALUE", "EDITOR_ON_ENTER_KEY_ACTION")
     Values ('INS_MED_COMPANY_REP', 'REP_DATA', '', '*', 'CLOB', '1008', 'N', 'N', '', '', '', '', '**REP_DATA', 'N'
            ,'N', '', '', '', '', '', '', '', '', '', 'L', 'Y', '*', '', '');

Insert Into FORM_COLUMNS
            ("FORM_CODE", "COLUMN_CODE", "COLUMN_USER_NAME", "COLUMN_DISPLAY_SIZE", "COLUMN_DATA_TYPE"
            ,"COLUMN_DISPLAY_NUMBER", "PIMARY_KEY_FLAG", "SHOW_ON_GRID", "TREE_INITIALIZATION_VALUE", "TREE_FIELD_TYPE"
            ,"EDITOR_TAB_CODE", "FIELD_TYPE", "COLUMN_DESCRIPTION", "IS_FROZEN_FLAG", "SHOW_HOVER_FLAG", "LOOKUP_CODE"
            ,"HOVER_COLUMN_CODE", "EDITOR_HEIGHT", "LOOKUP_FIELD_TYPE", "HELP_TEXT", "TEXT_MASK", "VALIDATION_REGEXP"
            ,"DEFAULT_ORDERBY_NUMBER", "DEFAULT_VALUE", "EDITOR_TITLE_ORIENTATION", "EDITOR_END_ROW_FLAG"
            ,"EDITOR_COLS_SPAN", "LOOKUP_DISPLAY_VALUE", "EDITOR_ON_ENTER_KEY_ACTION")
     Values ('INS_MED_COMPANY_REP', 'START_DATE', 'С', '*', 'D', '1005', 'N', 'N', '', '', 'DET', ''
            ,'*A not null column in the complex primary key employee_id+start_date.
Must be less than the end_date of the job_history table. (enforced by
constraint jhist_date_interval)'
            ,'N', 'N', '', '', '', '', '', '', '', '', '', 'L', 'N', '1', '', '');

Insert Into FORM_COLUMNS
            ("FORM_CODE", "COLUMN_CODE", "COLUMN_USER_NAME", "COLUMN_DISPLAY_SIZE", "COLUMN_DATA_TYPE"
            ,"COLUMN_DISPLAY_NUMBER", "PIMARY_KEY_FLAG", "SHOW_ON_GRID", "TREE_INITIALIZATION_VALUE", "TREE_FIELD_TYPE"
            ,"EDITOR_TAB_CODE", "FIELD_TYPE", "COLUMN_DESCRIPTION", "IS_FROZEN_FLAG", "SHOW_HOVER_FLAG", "LOOKUP_CODE"
            ,"HOVER_COLUMN_CODE", "EDITOR_HEIGHT", "LOOKUP_FIELD_TYPE", "HELP_TEXT", "TEXT_MASK", "VALIDATION_REGEXP"
            ,"DEFAULT_ORDERBY_NUMBER", "DEFAULT_VALUE", "EDITOR_TITLE_ORIENTATION", "EDITOR_END_ROW_FLAG"
            ,"EDITOR_COLS_SPAN", "LOOKUP_DISPLAY_VALUE", "EDITOR_ON_ENTER_KEY_ACTION")
     Values ('INS_MED_COMPANY_REP', 'USER_ID', 'Database user id.', '*', 'N', '1001', 'Y', 'N', '', '', '', ''
            ,'*Database user id.', 'N', 'N', '', '', '', '', '', '', '', '', '', 'L', 'Y', '*', '', '');

Alter Table forms Enable VALIDATE Constraint forms_form_actions_fk;
Alter Table FORMS Enable All Triggers;

/*****************INS_PROGRAM_CATEGORY*********************/
Alter Table FORMS Disable All Triggers;
Alter Table forms Disable Constraint forms_form_actions_fk;
Delete From FORM_COLUMNS
      Where form_code = 'INS_PROGRAM_CATEGORY';
Delete From FORM_COLUMNS$
      Where form_code = 'INS_PROGRAM_CATEGORY';
Delete From FORM_ACTIONS
      Where form_code = 'INS_PROGRAM_CATEGORY';
Delete From FORM_TABS
      Where form_code = 'INS_PROGRAM_CATEGORY';
Delete From FORMS
      Where form_code = 'INS_PROGRAM_CATEGORY';
/*  Form: INS_PROGRAM_CATEGORY. Entity: FORMS.  */

Insert Into FORMS
            ("FORM_CODE", "HOT_KEY", "SQL_TEXT", "FORM_NAME", "FORM_TYPE", "SHOW_TREE_ROOT_NODE", "ICON_ID"
            ,"FORM_WIDTH", "FORM_HEIGHT", "BOTTOM_TABS_ORIENTATION", "SIDE_TABS_ORIENTATION", "SHOW_BOTTOM_TOOLBAR"
            ,"OBJECT_VERSION_NUMBER", "DEFAULT_COLUMN_WIDTH", "DESCRIPTION", "DOUBLE_CLICK_ACTION_CODE", "LOOKUP_WIDTH"
            ,"APPS_CODE", "EXPORT_ORDER")
     Values ('INS_PROGRAM_CATEGORY', ''
            ,'Select *
  From ins.ins_program_category pc
 Where pc.contract_id = :contract_id
   And pc.program_code = :program_code
'
            ,'Категории мед. услуг', 'G', 'Y', '', '*', '*', '', '', 'N', '28', '*', '', '', '', 'INS', '100');
/*  Form: INS_PROGRAM_CATEGORY. Entity: FORM_TABS.  */

Insert Into FORM_TABS
            ("FORM_CODE", "TAB_CODE", "CHILD_FORM_CODE", "TAB_POSITION", "TAB_NAME", "NUMBER_OF_COLUMNS", "ICON_ID"
            ,"TAB_TYPE", "TAB_DISPLAY_NUMBER")
     Values ('INS_PROGRAM_CATEGORY', 'PROG_MED_SERV', 'INS_INS_PROGRAM_MED_SERVICE', 'R', '', '', '13', '2', '');
/*  Form: INS_PROGRAM_CATEGORY. Entity: FORM_ACTIONS.  */

Insert Into FORM_ACTIONS
            ("FORM_CODE", "ACTION_CODE", "PROCEDURE_NAME", "ACTION_DISPLAY_NAME", "ICON_ID", "DEFAULT_PARAM_PREFIX"
            ,"DEFAULT_OLD_PARAM_PREFIX", "ACTION_TYPE", "DISPLAY_NUMBER", "CONFIRM_TEXT", "HOT_KEY"
            ,"SHOW_SEPARATOR_BELOW", "DISPLAY_ON_TOOLBAR", "CHILD_FORM_CODE")
     Values ('INS_PROGRAM_CATEGORY', 'DEL', 'INS_PROGRAM_CATEGORY_PKG.p_delete', 'Удалить', '48', '', '', '3', '130'
            ,'Вы уверенны что хотите удалить запись?', '', 'N', 'Y', '');

Insert Into FORM_ACTIONS
            ("FORM_CODE", "ACTION_CODE", "PROCEDURE_NAME", "ACTION_DISPLAY_NAME", "ICON_ID", "DEFAULT_PARAM_PREFIX"
            ,"DEFAULT_OLD_PARAM_PREFIX", "ACTION_TYPE", "DISPLAY_NUMBER", "CONFIRM_TEXT", "HOT_KEY"
            ,"SHOW_SEPARATOR_BELOW", "DISPLAY_ON_TOOLBAR", "CHILD_FORM_CODE")
     Values ('INS_PROGRAM_CATEGORY', 'EDIT', '', 'Редактировать', '50', '', '', '8', '115', '', '', 'N', 'Y', '');

Insert Into FORM_ACTIONS
            ("FORM_CODE", "ACTION_CODE", "PROCEDURE_NAME", "ACTION_DISPLAY_NAME", "ICON_ID", "DEFAULT_PARAM_PREFIX"
            ,"DEFAULT_OLD_PARAM_PREFIX", "ACTION_TYPE", "DISPLAY_NUMBER", "CONFIRM_TEXT", "HOT_KEY"
            ,"SHOW_SEPARATOR_BELOW", "DISPLAY_ON_TOOLBAR", "CHILD_FORM_CODE")
     Values ('INS_PROGRAM_CATEGORY', 'INS', '', 'Создать', '47', '', '', '1', '110', '', '', 'N', 'Y', '');

Insert Into FORM_ACTIONS
            ("FORM_CODE", "ACTION_CODE", "PROCEDURE_NAME", "ACTION_DISPLAY_NAME", "ICON_ID", "DEFAULT_PARAM_PREFIX"
            ,"DEFAULT_OLD_PARAM_PREFIX", "ACTION_TYPE", "DISPLAY_NUMBER", "CONFIRM_TEXT", "HOT_KEY"
            ,"SHOW_SEPARATOR_BELOW", "DISPLAY_ON_TOOLBAR", "CHILD_FORM_CODE")
     Values ('INS_PROGRAM_CATEGORY', 'REFR', '', 'Обновить', '15', '', '', '4', '10', '', '', 'N', 'Y', '');

Insert Into FORM_ACTIONS
            ("FORM_CODE", "ACTION_CODE", "PROCEDURE_NAME", "ACTION_DISPLAY_NAME", "ICON_ID", "DEFAULT_PARAM_PREFIX"
            ,"DEFAULT_OLD_PARAM_PREFIX", "ACTION_TYPE", "DISPLAY_NUMBER", "CONFIRM_TEXT", "HOT_KEY"
            ,"SHOW_SEPARATOR_BELOW", "DISPLAY_ON_TOOLBAR", "CHILD_FORM_CODE")
     Values ('INS_PROGRAM_CATEGORY', 'UPD', 'INS_PROGRAM_CATEGORY_PKG.p_ins_upd', 'Сохранить', '46', '', '', '2', '120'
            ,'Вы уверенны?', '', 'N', 'Y', '');
/*  Form: INS_PROGRAM_CATEGORY. Entity: FORM_COLUMNS$.  */

Insert Into FORM_COLUMNS$
            ("COL_NUM", "COL_TYPE", "COL_MAX_LEN", "COL_NAME", "COL_NAME_LEN", "COL_PRECISION", "COL_SCALE"
            ,"FORM_CODE", "PIMARY_KEY_FLAG", "DEFAULT_COLUMN_WIDTH", "COLUMN_DESCRIPTION")
     Values ('5', 'NUMBER', '22', 'AMOUNT', '6', '19', '2', 'INS_PROGRAM_CATEGORY', '', '*', '**AMOUNT');

Insert Into FORM_COLUMNS$
            ("COL_NUM", "COL_TYPE", "COL_MAX_LEN", "COL_NAME", "COL_NAME_LEN", "COL_PRECISION", "COL_SCALE"
            ,"FORM_CODE", "PIMARY_KEY_FLAG", "DEFAULT_COLUMN_WIDTH", "COLUMN_DESCRIPTION")
     Values ('4', 'VARCHAR2', '768', 'CATEGORY_CODE', '13', '0', '0', 'INS_PROGRAM_CATEGORY', '', '*'
            ,'**CATEGORY_CODE');

Insert Into FORM_COLUMNS$
            ("COL_NUM", "COL_TYPE", "COL_MAX_LEN", "COL_NAME", "COL_NAME_LEN", "COL_PRECISION", "COL_SCALE"
            ,"FORM_CODE", "PIMARY_KEY_FLAG", "DEFAULT_COLUMN_WIDTH", "COLUMN_DESCRIPTION")
     Values ('2', 'NUMBER', '22', 'CONTRACT_ID', '11', '0', '-127', 'INS_PROGRAM_CATEGORY', '', '*', '**CONTRACT_ID');

Insert Into FORM_COLUMNS$
            ("COL_NUM", "COL_TYPE", "COL_MAX_LEN", "COL_NAME", "COL_NAME_LEN", "COL_PRECISION", "COL_SCALE"
            ,"FORM_CODE", "PIMARY_KEY_FLAG", "DEFAULT_COLUMN_WIDTH", "COLUMN_DESCRIPTION")
     Values ('8', 'DATE', '7', 'CREATED', '7', '0', '0', 'INS_PROGRAM_CATEGORY', '', '*'
            ,'*Creation date of the change set');

Insert Into FORM_COLUMNS$
            ("COL_NUM", "COL_TYPE", "COL_MAX_LEN", "COL_NAME", "COL_NAME_LEN", "COL_PRECISION", "COL_SCALE"
            ,"FORM_CODE", "PIMARY_KEY_FLAG", "DEFAULT_COLUMN_WIDTH", "COLUMN_DESCRIPTION")
     Values ('7', 'NUMBER', '22', 'CREATED_BY', '10', '0', '-127', 'INS_PROGRAM_CATEGORY', '', '*'
            ,'*Auditing; user that created the record.');

Insert Into FORM_COLUMNS$
            ("COL_NUM", "COL_TYPE", "COL_MAX_LEN", "COL_NAME", "COL_NAME_LEN", "COL_PRECISION", "COL_SCALE"
            ,"FORM_CODE", "PIMARY_KEY_FLAG", "DEFAULT_COLUMN_WIDTH", "COLUMN_DESCRIPTION")
     Values ('1', 'NUMBER', '22', 'ID', '2', '0', '-127', 'INS_PROGRAM_CATEGORY', '', '*', '*2 - идентификатор записи;');

Insert Into FORM_COLUMNS$
            ("COL_NUM", "COL_TYPE", "COL_MAX_LEN", "COL_NAME", "COL_NAME_LEN", "COL_PRECISION", "COL_SCALE"
            ,"FORM_CODE", "PIMARY_KEY_FLAG", "DEFAULT_COLUMN_WIDTH", "COLUMN_DESCRIPTION")
     Values ('6', 'NUMBER', '22', 'ISUNION', '7', '10', '0', 'INS_PROGRAM_CATEGORY', '', '*', '**ISUNION');

Insert Into FORM_COLUMNS$
            ("COL_NUM", "COL_TYPE", "COL_MAX_LEN", "COL_NAME", "COL_NAME_LEN", "COL_PRECISION", "COL_SCALE"
            ,"FORM_CODE", "PIMARY_KEY_FLAG", "DEFAULT_COLUMN_WIDTH", "COLUMN_DESCRIPTION")
     Values ('11', 'NUMBER', '22', 'ORIG_REF_ID', '11', '10', '0', 'INS_PROGRAM_CATEGORY', '', '*', '**ORIG_REF_ID');

Insert Into FORM_COLUMNS$
            ("COL_NUM", "COL_TYPE", "COL_MAX_LEN", "COL_NAME", "COL_NAME_LEN", "COL_PRECISION", "COL_SCALE"
            ,"FORM_CODE", "PIMARY_KEY_FLAG", "DEFAULT_COLUMN_WIDTH", "COLUMN_DESCRIPTION")
     Values ('3', 'VARCHAR2', '1020', 'PROGRAM_CODE', '12', '0', '0', 'INS_PROGRAM_CATEGORY', '', '*', '**PROGRAM_CODE');

Insert Into FORM_COLUMNS$
            ("COL_NUM", "COL_TYPE", "COL_MAX_LEN", "COL_NAME", "COL_NAME_LEN", "COL_PRECISION", "COL_SCALE"
            ,"FORM_CODE", "PIMARY_KEY_FLAG", "DEFAULT_COLUMN_WIDTH", "COLUMN_DESCRIPTION")
     Values ('10', 'DATE', '7', 'UPDATED', '7', '0', '0', 'INS_PROGRAM_CATEGORY', '', '*', '**UPDATED');

Insert Into FORM_COLUMNS$
            ("COL_NUM", "COL_TYPE", "COL_MAX_LEN", "COL_NAME", "COL_NAME_LEN", "COL_PRECISION", "COL_SCALE"
            ,"FORM_CODE", "PIMARY_KEY_FLAG", "DEFAULT_COLUMN_WIDTH", "COLUMN_DESCRIPTION")
     Values ('9', 'NUMBER', '22', 'UPDATED_BY', '10', '0', '-127', 'INS_PROGRAM_CATEGORY', '', '*', '**UPDATED_BY');
/*  Form: INS_PROGRAM_CATEGORY. Entity: FORM_COLUMNS.  */

Insert Into FORM_COLUMNS
            ("FORM_CODE", "COLUMN_CODE", "COLUMN_USER_NAME", "COLUMN_DISPLAY_SIZE", "COLUMN_DATA_TYPE"
            ,"COLUMN_DISPLAY_NUMBER", "PIMARY_KEY_FLAG", "SHOW_ON_GRID", "TREE_INITIALIZATION_VALUE", "TREE_FIELD_TYPE"
            ,"EDITOR_TAB_CODE", "FIELD_TYPE", "COLUMN_DESCRIPTION", "IS_FROZEN_FLAG", "SHOW_HOVER_FLAG", "LOOKUP_CODE"
            ,"HOVER_COLUMN_CODE", "EDITOR_HEIGHT", "LOOKUP_FIELD_TYPE", "HELP_TEXT", "TEXT_MASK", "VALIDATION_REGEXP"
            ,"DEFAULT_ORDERBY_NUMBER", "DEFAULT_VALUE", "EDITOR_TITLE_ORIENTATION", "EDITOR_END_ROW_FLAG"
            ,"EDITOR_COLS_SPAN", "LOOKUP_DISPLAY_VALUE", "EDITOR_ON_ENTER_KEY_ACTION")
     Values ('INS_PROGRAM_CATEGORY', 'AMOUNT', 'Сумма', '*', 'N', '1005', 'N', 'Y', '', '', '', '', '**AMOUNT', 'N'
            ,'N', '', '', '', '', '', '', '', '', '', 'L', 'Y', '*', '', '');

Insert Into FORM_COLUMNS
            ("FORM_CODE", "COLUMN_CODE", "COLUMN_USER_NAME", "COLUMN_DISPLAY_SIZE", "COLUMN_DATA_TYPE"
            ,"COLUMN_DISPLAY_NUMBER", "PIMARY_KEY_FLAG", "SHOW_ON_GRID", "TREE_INITIALIZATION_VALUE", "TREE_FIELD_TYPE"
            ,"EDITOR_TAB_CODE", "FIELD_TYPE", "COLUMN_DESCRIPTION", "IS_FROZEN_FLAG", "SHOW_HOVER_FLAG", "LOOKUP_CODE"
            ,"HOVER_COLUMN_CODE", "EDITOR_HEIGHT", "LOOKUP_FIELD_TYPE", "HELP_TEXT", "TEXT_MASK", "VALIDATION_REGEXP"
            ,"DEFAULT_ORDERBY_NUMBER", "DEFAULT_VALUE", "EDITOR_TITLE_ORIENTATION", "EDITOR_END_ROW_FLAG"
            ,"EDITOR_COLS_SPAN", "LOOKUP_DISPLAY_VALUE", "EDITOR_ON_ENTER_KEY_ACTION")
     Values ('INS_PROGRAM_CATEGORY', 'CATEGORY_CODE', 'Категория мед. услуг', '*', 'S', '1004', 'N', 'Y', '', '', ''
            ,'8', '**CATEGORY_CODE', 'N', 'N', 'INS_MEDICAL_SERVICE_CATEGORY', '', '', '', '', '', '', '', '', 'L', 'Y'
            ,'*', '', '');

Insert Into FORM_COLUMNS
            ("FORM_CODE", "COLUMN_CODE", "COLUMN_USER_NAME", "COLUMN_DISPLAY_SIZE", "COLUMN_DATA_TYPE"
            ,"COLUMN_DISPLAY_NUMBER", "PIMARY_KEY_FLAG", "SHOW_ON_GRID", "TREE_INITIALIZATION_VALUE", "TREE_FIELD_TYPE"
            ,"EDITOR_TAB_CODE", "FIELD_TYPE", "COLUMN_DESCRIPTION", "IS_FROZEN_FLAG", "SHOW_HOVER_FLAG", "LOOKUP_CODE"
            ,"HOVER_COLUMN_CODE", "EDITOR_HEIGHT", "LOOKUP_FIELD_TYPE", "HELP_TEXT", "TEXT_MASK", "VALIDATION_REGEXP"
            ,"DEFAULT_ORDERBY_NUMBER", "DEFAULT_VALUE", "EDITOR_TITLE_ORIENTATION", "EDITOR_END_ROW_FLAG"
            ,"EDITOR_COLS_SPAN", "LOOKUP_DISPLAY_VALUE", "EDITOR_ON_ENTER_KEY_ACTION")
     Values ('INS_PROGRAM_CATEGORY', 'CONTRACT_ID', 'Договор', '*', 'N', '1002', 'N', 'N', '', '', '', ''
            ,'**CONTRACT_ID', 'N', 'N', '', '', '', '', '', '', '', '', ':CONTRACT_ID', 'L', 'Y', '*', '', '');

Insert Into FORM_COLUMNS
            ("FORM_CODE", "COLUMN_CODE", "COLUMN_USER_NAME", "COLUMN_DISPLAY_SIZE", "COLUMN_DATA_TYPE"
            ,"COLUMN_DISPLAY_NUMBER", "PIMARY_KEY_FLAG", "SHOW_ON_GRID", "TREE_INITIALIZATION_VALUE", "TREE_FIELD_TYPE"
            ,"EDITOR_TAB_CODE", "FIELD_TYPE", "COLUMN_DESCRIPTION", "IS_FROZEN_FLAG", "SHOW_HOVER_FLAG", "LOOKUP_CODE"
            ,"HOVER_COLUMN_CODE", "EDITOR_HEIGHT", "LOOKUP_FIELD_TYPE", "HELP_TEXT", "TEXT_MASK", "VALIDATION_REGEXP"
            ,"DEFAULT_ORDERBY_NUMBER", "DEFAULT_VALUE", "EDITOR_TITLE_ORIENTATION", "EDITOR_END_ROW_FLAG"
            ,"EDITOR_COLS_SPAN", "LOOKUP_DISPLAY_VALUE", "EDITOR_ON_ENTER_KEY_ACTION")
     Values ('INS_PROGRAM_CATEGORY', 'CREATED', '', '*', 'DATE', '1008', 'N', 'N', '', '', '', ''
            ,'*Creation date of the change set', 'N', 'N', '', '', '', '', '', '', '', '', '', 'L', 'Y', '*', '', '');

Insert Into FORM_COLUMNS
            ("FORM_CODE", "COLUMN_CODE", "COLUMN_USER_NAME", "COLUMN_DISPLAY_SIZE", "COLUMN_DATA_TYPE"
            ,"COLUMN_DISPLAY_NUMBER", "PIMARY_KEY_FLAG", "SHOW_ON_GRID", "TREE_INITIALIZATION_VALUE", "TREE_FIELD_TYPE"
            ,"EDITOR_TAB_CODE", "FIELD_TYPE", "COLUMN_DESCRIPTION", "IS_FROZEN_FLAG", "SHOW_HOVER_FLAG", "LOOKUP_CODE"
            ,"HOVER_COLUMN_CODE", "EDITOR_HEIGHT", "LOOKUP_FIELD_TYPE", "HELP_TEXT", "TEXT_MASK", "VALIDATION_REGEXP"
            ,"DEFAULT_ORDERBY_NUMBER", "DEFAULT_VALUE", "EDITOR_TITLE_ORIENTATION", "EDITOR_END_ROW_FLAG"
            ,"EDITOR_COLS_SPAN", "LOOKUP_DISPLAY_VALUE", "EDITOR_ON_ENTER_KEY_ACTION")
     Values ('INS_PROGRAM_CATEGORY', 'CREATED_BY', '', '*', 'N', '1007', 'N', 'N', '', '', '', ''
            ,'*Auditing; user that created the record.', 'N', 'N', '', '', '', '', '', '', '', '', '', 'L', 'Y', '*'
            ,'', '');

Insert Into FORM_COLUMNS
            ("FORM_CODE", "COLUMN_CODE", "COLUMN_USER_NAME", "COLUMN_DISPLAY_SIZE", "COLUMN_DATA_TYPE"
            ,"COLUMN_DISPLAY_NUMBER", "PIMARY_KEY_FLAG", "SHOW_ON_GRID", "TREE_INITIALIZATION_VALUE", "TREE_FIELD_TYPE"
            ,"EDITOR_TAB_CODE", "FIELD_TYPE", "COLUMN_DESCRIPTION", "IS_FROZEN_FLAG", "SHOW_HOVER_FLAG", "LOOKUP_CODE"
            ,"HOVER_COLUMN_CODE", "EDITOR_HEIGHT", "LOOKUP_FIELD_TYPE", "HELP_TEXT", "TEXT_MASK", "VALIDATION_REGEXP"
            ,"DEFAULT_ORDERBY_NUMBER", "DEFAULT_VALUE", "EDITOR_TITLE_ORIENTATION", "EDITOR_END_ROW_FLAG"
            ,"EDITOR_COLS_SPAN", "LOOKUP_DISPLAY_VALUE", "EDITOR_ON_ENTER_KEY_ACTION")
     Values ('INS_PROGRAM_CATEGORY', 'ID', '', '*', 'N', '1001', 'Y', 'N', '', '', '', '', '*2 - идентификатор записи;'
            ,'N', 'N', '', '', '', '', '', '', '', '', '', 'L', 'Y', '*', '', '');

Insert Into FORM_COLUMNS
            ("FORM_CODE", "COLUMN_CODE", "COLUMN_USER_NAME", "COLUMN_DISPLAY_SIZE", "COLUMN_DATA_TYPE"
            ,"COLUMN_DISPLAY_NUMBER", "PIMARY_KEY_FLAG", "SHOW_ON_GRID", "TREE_INITIALIZATION_VALUE", "TREE_FIELD_TYPE"
            ,"EDITOR_TAB_CODE", "FIELD_TYPE", "COLUMN_DESCRIPTION", "IS_FROZEN_FLAG", "SHOW_HOVER_FLAG", "LOOKUP_CODE"
            ,"HOVER_COLUMN_CODE", "EDITOR_HEIGHT", "LOOKUP_FIELD_TYPE", "HELP_TEXT", "TEXT_MASK", "VALIDATION_REGEXP"
            ,"DEFAULT_ORDERBY_NUMBER", "DEFAULT_VALUE", "EDITOR_TITLE_ORIENTATION", "EDITOR_END_ROW_FLAG"
            ,"EDITOR_COLS_SPAN", "LOOKUP_DISPLAY_VALUE", "EDITOR_ON_ENTER_KEY_ACTION")
     Values ('INS_PROGRAM_CATEGORY', 'ISUNION', 'В объединении', '*', 'B', '1006', 'N', 'Y', '', '', '', ''
            ,'**ISUNION', 'N', 'N', '', '', '', '', '', '', '', '', '', 'L', 'Y', '*', '', '');

Insert Into FORM_COLUMNS
            ("FORM_CODE", "COLUMN_CODE", "COLUMN_USER_NAME", "COLUMN_DISPLAY_SIZE", "COLUMN_DATA_TYPE"
            ,"COLUMN_DISPLAY_NUMBER", "PIMARY_KEY_FLAG", "SHOW_ON_GRID", "TREE_INITIALIZATION_VALUE", "TREE_FIELD_TYPE"
            ,"EDITOR_TAB_CODE", "FIELD_TYPE", "COLUMN_DESCRIPTION", "IS_FROZEN_FLAG", "SHOW_HOVER_FLAG", "LOOKUP_CODE"
            ,"HOVER_COLUMN_CODE", "EDITOR_HEIGHT", "LOOKUP_FIELD_TYPE", "HELP_TEXT", "TEXT_MASK", "VALIDATION_REGEXP"
            ,"DEFAULT_ORDERBY_NUMBER", "DEFAULT_VALUE", "EDITOR_TITLE_ORIENTATION", "EDITOR_END_ROW_FLAG"
            ,"EDITOR_COLS_SPAN", "LOOKUP_DISPLAY_VALUE", "EDITOR_ON_ENTER_KEY_ACTION")
     Values ('INS_PROGRAM_CATEGORY', 'ORIG_REF_ID', '', '*', 'N', '1011', 'N', 'N', '', '', '', '', '**ORIG_REF_ID'
            ,'N', 'N', '', '', '', '', '', '', '', '', '', 'L', 'Y', '*', '', '');

Insert Into FORM_COLUMNS
            ("FORM_CODE", "COLUMN_CODE", "COLUMN_USER_NAME", "COLUMN_DISPLAY_SIZE", "COLUMN_DATA_TYPE"
            ,"COLUMN_DISPLAY_NUMBER", "PIMARY_KEY_FLAG", "SHOW_ON_GRID", "TREE_INITIALIZATION_VALUE", "TREE_FIELD_TYPE"
            ,"EDITOR_TAB_CODE", "FIELD_TYPE", "COLUMN_DESCRIPTION", "IS_FROZEN_FLAG", "SHOW_HOVER_FLAG", "LOOKUP_CODE"
            ,"HOVER_COLUMN_CODE", "EDITOR_HEIGHT", "LOOKUP_FIELD_TYPE", "HELP_TEXT", "TEXT_MASK", "VALIDATION_REGEXP"
            ,"DEFAULT_ORDERBY_NUMBER", "DEFAULT_VALUE", "EDITOR_TITLE_ORIENTATION", "EDITOR_END_ROW_FLAG"
            ,"EDITOR_COLS_SPAN", "LOOKUP_DISPLAY_VALUE", "EDITOR_ON_ENTER_KEY_ACTION")
     Values ('INS_PROGRAM_CATEGORY', 'PROGRAM_CODE', 'Программа', '*', 'S', '1003', 'N', 'N', '', '', '', ''
            ,'**PROGRAM_CODE', 'N', 'N', '', '', '', '', '', '', '', '', ':PROGRAM_CODE', 'L', 'Y', '*', '', '');

Insert Into FORM_COLUMNS
            ("FORM_CODE", "COLUMN_CODE", "COLUMN_USER_NAME", "COLUMN_DISPLAY_SIZE", "COLUMN_DATA_TYPE"
            ,"COLUMN_DISPLAY_NUMBER", "PIMARY_KEY_FLAG", "SHOW_ON_GRID", "TREE_INITIALIZATION_VALUE", "TREE_FIELD_TYPE"
            ,"EDITOR_TAB_CODE", "FIELD_TYPE", "COLUMN_DESCRIPTION", "IS_FROZEN_FLAG", "SHOW_HOVER_FLAG", "LOOKUP_CODE"
            ,"HOVER_COLUMN_CODE", "EDITOR_HEIGHT", "LOOKUP_FIELD_TYPE", "HELP_TEXT", "TEXT_MASK", "VALIDATION_REGEXP"
            ,"DEFAULT_ORDERBY_NUMBER", "DEFAULT_VALUE", "EDITOR_TITLE_ORIENTATION", "EDITOR_END_ROW_FLAG"
            ,"EDITOR_COLS_SPAN", "LOOKUP_DISPLAY_VALUE", "EDITOR_ON_ENTER_KEY_ACTION")
     Values ('INS_PROGRAM_CATEGORY', 'UPDATED', '', '*', 'DATE', '1010', 'N', 'N', '', '', '', '', '**UPDATED', 'N'
            ,'N', '', '', '', '', '', '', '', '', '', 'L', 'Y', '*', '', '');

Insert Into FORM_COLUMNS
            ("FORM_CODE", "COLUMN_CODE", "COLUMN_USER_NAME", "COLUMN_DISPLAY_SIZE", "COLUMN_DATA_TYPE"
            ,"COLUMN_DISPLAY_NUMBER", "PIMARY_KEY_FLAG", "SHOW_ON_GRID", "TREE_INITIALIZATION_VALUE", "TREE_FIELD_TYPE"
            ,"EDITOR_TAB_CODE", "FIELD_TYPE", "COLUMN_DESCRIPTION", "IS_FROZEN_FLAG", "SHOW_HOVER_FLAG", "LOOKUP_CODE"
            ,"HOVER_COLUMN_CODE", "EDITOR_HEIGHT", "LOOKUP_FIELD_TYPE", "HELP_TEXT", "TEXT_MASK", "VALIDATION_REGEXP"
            ,"DEFAULT_ORDERBY_NUMBER", "DEFAULT_VALUE", "EDITOR_TITLE_ORIENTATION", "EDITOR_END_ROW_FLAG"
            ,"EDITOR_COLS_SPAN", "LOOKUP_DISPLAY_VALUE", "EDITOR_ON_ENTER_KEY_ACTION")
     Values ('INS_PROGRAM_CATEGORY', 'UPDATED_BY', '', '*', 'N', '1009', 'N', 'N', '', '', '', '', '**UPDATED_BY', 'N'
            ,'N', '', '', '', '', '', '', '', '', '', 'L', 'Y', '*', '', '');

Alter Table forms Enable VALIDATE Constraint forms_form_actions_fk;
Alter Table FORMS Enable All Triggers;

